anon_polygon_id,date,s2_ndvi,s2_evi,s2_ndwi,landsat_ndvi,landsat_evi,landsat_ndwi,modis_ndvi,modis_evi,era5_temp_c,era5_precip_mm,year,primary_ndvi,doy,ndvi_climatology_mean,ndvi_climatology_std,ndvi_zscore,n_reference_years,status,crop_type
EXT-ZGD-0001,2019-04-01,0.212842003886124,0.08195270816883525,-0.32037953368238775,,,,,,,,2019,0.212842003886124,91,0.2874540223447848,0.12761143061819089,-0.5846813102652021,3,Штатное развитие,неизвестно
EXT-ZGD-0001,2019-04-02,,,,,,,,,,,2019,,92,,,,0,,неизвестно
EXT-ZGD-0001,2019-04-03,,,,,,,,,,,2019,,93,,,,0,,неизвестно
EXT-ZGD-0001,2019-04-04,,,,,,,,,,,2019,,94,,,,0,,неизвестно
EXT-ZGD-0001,2019-04-05,,,,,,,,,,,2019,,95,,,,0,,неизвестно
EXT-ZGD-0001,2019-04-06,0.22266039223720774,0.09953347421968164,-0.28490916243608544,,,,,,,,2019,0.22266039223720774,96,0.3507820442574446,0.16984362425381186,-0.7543506715846672,4,Штатное развитие,неизвестно
EXT-ZGD-0001,2019-04-07,,,,,,,,,,,2019,,97,,,,0,,неизвестно
EXT-ZGD-0001,2019-04-08,,,,,,,,,,,2019,,98,,,,0,,неизвестно
EXT-ZGD-0001,2019-04-09,,,,,,,,,,,2019,,99,,,,0,,неизвестно
EXT-ZGD-0001,2019-04-10,,,,,,,,,,,2019,,100,,,,0,,неизвестно
EXT-ZGD-0001,2019-04-11,,,,,,,,,,,2019,,101,,,,0,,неизвестно
EXT-ZGD-0001,2019-04-12,,,,,,,,,,,2019,,102,,,,0,,неизвестно
EXT-ZGD-0001,2019-04-13,,,,,,,,,,,2019,,103,,,,0,,неизвестно
EXT-ZGD-0001,2019-04-14,,,,,,,,,,,2019,,104,,,,0,,неизвестно
EXT-ZGD-0001,2019-04-15,,,,,,,,,,,2019,,105,,,,0,,неизвестно
EXT-ZGD-0001,2019-04-16,,,,,,,,,,,2019,,106,,,,0,,неизвестно
EXT-ZGD-0001,2019-04-17,,,,,,,,,,,2019,,107,,,,0,,неизвестно
EXT-ZGD-0001,2019-04-18,,,,,,,,,,,2019,,108,,,,0,,неизвестно
EXT-ZGD-0001,2019-04-19,,,,,,,,,,,2019,,109,,,,0,,неизвестно
EXT-ZGD-0001,2019-04-20,,,,,,,,,,,2019,,110,,,,0,,неизвестно
EXT-ZGD-0001,2019-04-21,0.4391561944488612,0.21871392332016143,-0.43737977741370665,,,,,,,,2019,0.4391561944488612,111,0.4754338865747375,0.2347701105699074,-0.15452432184749468,5,Штатное развитие,неизвестно
EXT-ZGD-0001,2019-04-22,,,,,,,,,,,2019,,112,,,,0,,неизвестно
EXT-ZGD-0001,2019-04-23,,,,,,,,,,,2019,,113,,,,0,,неизвестно
EXT-ZGD-0001,2019-04-24,,,,,,,,,,,2019,,114,,,,0,,неизвестно
EXT-ZGD-0001,2019-04-25,,,,,,,,,,,2019,,115,,,,0,,неизвестно
EXT-ZGD-0001,2019-04-26,0.5389687858081946,0.31437714951920936,-0.48816339160537214,,,,,,,,2019,0.5389687858081946,116,0.5476263307423632,0.24272505479559442,-0.03566811403733889,5,Штатное развитие,неизвестно
EXT-ZGD-0001,2019-04-27,,,,,,,,,,,2019,,117,,,,0,,неизвестно
EXT-ZGD-0001,2019-04-28,,,,,,,,,,,2019,,118,,,,0,,неизвестно
EXT-ZGD-0001,2019-04-29,,,,,,,,,,,2019,,119,,,,0,,неизвестно
EXT-ZGD-0001,2019-04-30,,,,,,,,,,,2019,,120,,,,0,,неизвестно
EXT-ZGD-0001,2019-05-01,,,,,,,,,,,2019,,121,,,,0,,неизвестно
EXT-ZGD-0001,2019-05-02,,,,,,,,,,,2019,,122,,,,0,,неизвестно
EXT-ZGD-0001,2019-05-03,,,,,,,,,,,2019,,123,,,,0,,неизвестно
EXT-ZGD-0001,2019-05-04,,,,,,,,,,,2019,,124,,,,0,,неизвестно
EXT-ZGD-0001,2019-05-05,,,,,,,,,,,2019,,125,,,,0,,неизвестно
EXT-ZGD-0001,2019-05-06,0.7635114281082345,0.533489980903481,-0.6425082193224134,,,,,,,,2019,0.7635114281082345,126,0.6369872564619714,0.21930600785394255,0.5769298018070164,5,Штатное развитие,неизвестно
EXT-ZGD-0001,2019-05-07,,,,,,,,,,,2019,,127,,,,0,,неизвестно
EXT-ZGD-0001,2019-05-08,,,,,,,,,,,2019,,128,,,,0,,неизвестно
EXT-ZGD-0001,2019-05-09,,,,,,,,,,,2019,,129,,,,0,,неизвестно
EXT-ZGD-0001,2019-05-10,,,,,,,,,,,2019,,130,,,,0,,неизвестно
EXT-ZGD-0001,2019-05-11,0.7949301036342374,0.5977230158995994,-0.6721828144051579,,,,,,,,2019,0.7949301036342374,131,0.665424269880119,0.19147410147569427,0.6763621437887143,5,Штатное развитие,неизвестно
EXT-ZGD-0001,2019-05-12,,,,,,,,,,,2019,,132,,,,0,,неизвестно
EXT-ZGD-0001,2019-05-13,,,,,,,,,,,2019,,133,,,,0,,неизвестно
EXT-ZGD-0001,2019-05-14,,,,,,,,,,,2019,,134,,,,0,,неизвестно
EXT-ZGD-0001,2019-05-15,,,,,,,,,,,2019,,135,,,,0,,неизвестно
EXT-ZGD-0001,2019-05-16,0.8321649054015596,0.6308547690841848,-0.7226665356988861,,,,,,,,2019,0.8321649054015596,136,0.6625863477194746,0.18610369322921883,0.9112046877716704,5,Штатное развитие,неизвестно
EXT-ZGD-0001,2019-05-17,,,,,,,,,,,2019,,137,,,,0,,неизвестно
EXT-ZGD-0001,2019-05-18,,,,,,,,,,,2019,,138,,,,0,,неизвестно
EXT-ZGD-0001,2019-05-19,,,,,,,,,,,2019,,139,,,,0,,неизвестно
EXT-ZGD-0001,2019-05-20,,,,,,,,,,,2019,,140,,,,0,,неизвестно
EXT-ZGD-0001,2019-05-21,0.843742601527645,0.6446041646958734,-0.7442840465179719,,,,,,,,2019,0.843742601527645,141,0.6885021374047144,0.1600128819966439,0.9701747895909192,5,Штатное развитие,неизвестно
EXT-ZGD-0001,2019-05-22,,,,,,,,,,,2019,,142,,,,0,,неизвестно
EXT-ZGD-0001,2019-05-23,,,,,,,,,,,2019,,143,,,,0,,неизвестно
EXT-ZGD-0001,2019-05-24,,,,,,,,,,,2019,,144,,,,0,,неизвестно
EXT-ZGD-0001,2019-05-25,,,,,,,,,,,2019,,145,,,,0,,неизвестно
EXT-ZGD-0001,2019-05-26,,,,,,,,,,,2019,,146,,,,0,,неизвестно
EXT-ZGD-0001,2019-05-27,,,,,,,,,,,2019,,147,,,,0,,неизвестно
EXT-ZGD-0001,2019-05-28,,,,,,,,,,,2019,,148,,,,0,,неизвестно
EXT-ZGD-0001,2019-05-29,,,,,,,,,,,2019,,149,,,,0,,неизвестно
EXT-ZGD-0001,2019-05-30,,,,,,,,,,,2019,,150,,,,0,,неизвестно
EXT-ZGD-0001,2019-05-31,0.8437704356242534,0.6367788466903836,-0.7363024658572039,,,,,,,,2019,0.8437704356242534,151,0.6913954002196461,0.14722165573241416,1.03500422303061,5,Штатное развитие,неизвестно
EXT-ZGD-0001,2019-06-01,,,,,,,,,,,2019,,152,,,,0,,неизвестно
EXT-ZGD-0001,2019-06-02,,,,,,,,,,,2019,,153,,,,0,,неизвестно
EXT-ZGD-0001,2019-06-03,,,,,,,,,,,2019,,154,,,,0,,неизвестно
EXT-ZGD-0001,2019-06-04,,,,,,,,,,,2019,,155,,,,0,,неизвестно
EXT-ZGD-0001,2019-06-05,0.7968670784398048,0.6405881184057882,-0.6894594848467028,,,,,,,,2019,0.7968670784398048,156,0.6912037646895163,0.1474222033465944,0.716739482599311,5,Штатное развитие,неизвестно
EXT-ZGD-0001,2019-06-06,,,,,,,,,,,2019,,157,,,,0,,неизвестно
EXT-ZGD-0001,2019-06-07,,,,,,,,,,,2019,,158,,,,0,,неизвестно
EXT-ZGD-0001,2019-06-08,,,,,,,,,,,2019,,159,,,,0,,неизвестно
EXT-ZGD-0001,2019-06-09,,,,,,,,,,,2019,,160,,,,0,,неизвестно
EXT-ZGD-0001,2019-06-10,0.7521327089307461,0.5137056981308711,-0.68362462801413,,,,,,,,2019,0.7521327089307461,161,0.6167287710032641,0.1949047695588178,0.6947184424166708,5,Штатное развитие,неизвестно
EXT-ZGD-0001,2019-06-11,,,,,,,,,,,2019,,162,,,,0,,неизвестно
EXT-ZGD-0001,2019-06-12,,,,,,,,,,,2019,,163,,,,0,,неизвестно
EXT-ZGD-0001,2019-06-13,,,,,,,,,,,2019,,164,,,,0,,неизвестно
EXT-ZGD-0001,2019-06-14,,,,,,,,,,,2019,,165,,,,0,,неизвестно
EXT-ZGD-0001,2019-06-15,0.5120743828087531,0.3454758499687933,-0.5605072711049104,,,,,,,,2019,0.5120743828087531,166,0.5544077406398803,0.18884302875062886,-0.2241722032907517,5,Штатное развитие,неизвестно
EXT-ZGD-0001,2019-06-16,,,,,,,,,,,2019,,167,,,,0,,неизвестно
EXT-ZGD-0001,2019-06-17,,,,,,,,,,,2019,,168,,,,0,,неизвестно
EXT-ZGD-0001,2019-06-18,,,,,,,,,,,2019,,169,,,,0,,неизвестно
EXT-ZGD-0001,2019-06-19,,,,,,,,,,,2019,,170,,,,0,,неизвестно
EXT-ZGD-0001,2019-06-20,0.28925105914906,0.18941518161705106,-0.4414709506715233,,,,,,,,2019,0.28925105914906,171,0.5111617594696556,0.21734059578107467,-1.0210273857173204,5,Угнетение биомассы,неизвестно
EXT-ZGD-0001,2019-06-21,,,,,,,,,,,2019,,172,,,,0,,неизвестно
EXT-ZGD-0001,2019-06-22,,,,,,,,,,,2019,,173,,,,0,,неизвестно
EXT-ZGD-0001,2019-06-23,,,,,,,,,,,2019,,174,,,,0,,неизвестно
EXT-ZGD-0001,2019-06-24,,,,,,,,,,,2019,,175,,,,0,,неизвестно
EXT-ZGD-0001,2019-06-25,0.2285310978181071,0.19145773591306625,-0.3711923387897191,,,,,,,,2019,0.2285310978181071,176,0.47270218385193746,0.22003017341016298,-1.1097163732115312,5,Угнетение биомассы,неизвестно
EXT-ZGD-0001,2019-06-26,,,,,,,,,,,2019,,177,,,,0,,неизвестно
EXT-ZGD-0001,2019-06-27,,,,,,,,,,,2019,,178,,,,0,,неизвестно
EXT-ZGD-0001,2019-06-28,,,,,,,,,,,2019,,179,,,,0,,неизвестно
EXT-ZGD-0001,2019-06-29,,,,,,,,,,,2019,,180,,,,0,,неизвестно
EXT-ZGD-0001,2019-06-30,0.16808016758821095,0.0916667502908977,-0.27730637924827634,,,,,,,,2019,0.16808016758821095,181,0.424945811275985,0.2242726180613408,-1.1453277083407425,5,Угнетение биомассы,неизвестно
EXT-ZGD-0001,2019-07-01,,,,,,,,,,,2019,,182,,,,0,,неизвестно
EXT-ZGD-0001,2019-07-02,,,,,,,,,,,2019,,183,,,,0,,неизвестно
EXT-ZGD-0001,2019-07-03,,,,,,,,,,,2019,,184,,,,0,,неизвестно
EXT-ZGD-0001,2019-07-04,,,,,,,,,,,2019,,185,,,,0,,неизвестно
EXT-ZGD-0001,2019-07-05,0.13070922132037735,0.0780335350658033,-0.2617229776243144,,,,,,,,2019,0.13070922132037735,186,0.3714897827332287,0.20883054332617793,-1.1529949478547774,5,Угнетение биомассы,неизвестно
EXT-ZGD-0001,2019-07-06,,,,,,,,,,,2019,,187,,,,0,,неизвестно
EXT-ZGD-0001,2019-07-07,,,,,,,,,,,2019,,188,,,,0,,неизвестно
EXT-ZGD-0001,2019-07-08,,,,,,,,,,,2019,,189,,,,0,,неизвестно
EXT-ZGD-0001,2019-07-09,,,,,,,,,,,2019,,190,,,,0,,неизвестно
EXT-ZGD-0001,2019-07-10,,,,,,,,,,,2019,,191,,,,0,,неизвестно
EXT-ZGD-0001,2019-07-11,,,,,,,,,,,2019,,192,,,,0,,неизвестно
EXT-ZGD-0001,2019-07-12,,,,,,,,,,,2019,,193,,,,0,,неизвестно
EXT-ZGD-0001,2019-07-13,,,,,,,,,,,2019,,194,,,,0,,неизвестно
EXT-ZGD-0001,2019-07-14,,,,,,,,,,,2019,,195,,,,0,,неизвестно
EXT-ZGD-0001,2019-07-15,,,,,,,,,,,2019,,196,,,,0,,неизвестно
EXT-ZGD-0001,2019-07-16,,,,,,,,,,,2019,,197,,,,0,,неизвестно
EXT-ZGD-0001,2019-07-17,,,,,,,,,,,2019,,198,,,,0,,неизвестно
EXT-ZGD-0001,2019-07-18,,,,,,,,,,,2019,,199,,,,0,,неизвестно
EXT-ZGD-0001,2019-07-19,,,,,,,,,,,2019,,200,,,,0,,неизвестно
EXT-ZGD-0001,2019-07-20,0.16410257516614052,0.074005093716358,-0.2850658190635861,,,,,,,,2019,0.16410257516614052,201,0.2653976979053138,0.10614164178635681,-0.9543391362181994,5,Штатное развитие,неизвестно
EXT-ZGD-0001,2019-07-21,,,,,,,,,,,2019,,202,,,,0,,неизвестно
EXT-ZGD-0001,2019-07-22,,,,,,,,,,,2019,,203,,,,0,,неизвестно
EXT-ZGD-0001,2019-07-23,,,,,,,,,,,2019,,204,,,,0,,неизвестно
EXT-ZGD-0001,2019-07-24,,,,,,,,,,,2019,,205,,,,0,,неизвестно
EXT-ZGD-0001,2019-07-25,,,,,,,,,,,2019,,206,,,,0,,неизвестно
EXT-ZGD-0001,2019-07-26,,,,,,,,,,,2019,,207,,,,0,,неизвестно
EXT-ZGD-0001,2019-07-27,,,,,,,,,,,2019,,208,,,,0,,неизвестно
EXT-ZGD-0001,2019-07-28,,,,,,,,,,,2019,,209,,,,0,,неизвестно
EXT-ZGD-0001,2019-07-29,,,,,,,,,,,2019,,210,,,,0,,неизвестно
EXT-ZGD-0001,2019-07-30,,,,,,,,,,,2019,,211,,,,0,,неизвестно
EXT-ZGD-0001,2019-07-31,,,,,,,,,,,2019,,212,,,,0,,неизвестно
EXT-ZGD-0001,2019-08-01,,,,,,,,,,,2019,,213,,,,0,,неизвестно
EXT-ZGD-0001,2019-08-02,,,,,,,,,,,2019,,214,,,,0,,неизвестно
EXT-ZGD-0001,2019-08-03,,,,,,,,,,,2019,,215,,,,0,,неизвестно
EXT-ZGD-0001,2019-08-04,,,,,,,,,,,2019,,216,,,,0,,неизвестно
EXT-ZGD-0001,2019-08-05,,,,,,,,,,,2019,,217,,,,0,,неизвестно
EXT-ZGD-0001,2019-08-06,,,,,,,,,,,2019,,218,,,,0,,неизвестно
EXT-ZGD-0001,2019-08-07,,,,,,,,,,,2019,,219,,,,0,,неизвестно
EXT-ZGD-0001,2019-08-08,,,,,,,,,,,2019,,220,,,,0,,неизвестно
EXT-ZGD-0001,2019-08-09,0.1620372914046517,0.06848301111660125,-0.2987915884292086,,,,,,,,2019,0.1620372914046517,221,0.24036944833462331,0.08414726019791981,-0.9308937301788472,5,Штатное развитие,неизвестно
EXT-ZGD-0001,2019-08-10,,,,,,,,,,,2019,,222,,,,0,,неизвестно
EXT-ZGD-0001,2019-08-11,,,,,,,,,,,2019,,223,,,,0,,неизвестно
EXT-ZGD-0001,2019-08-12,,,,,,,,,,,2019,,224,,,,0,,неизвестно
EXT-ZGD-0001,2019-08-13,,,,,,,,,,,2019,,225,,,,0,,неизвестно
EXT-ZGD-0001,2019-08-14,0.16207504695549355,0.0634101943064033,-0.29687749307502825,,,,,,,,2019,0.16207504695549355,226,0.23770781360726925,0.08312712271328956,-0.9098446353380673,5,Штатное развитие,неизвестно
EXT-ZGD-0001,2019-08-15,,,,,,,,,,,2019,,227,,,,0,,неизвестно
EXT-ZGD-0001,2019-08-16,,,,,,,,,,,2019,,228,,,,0,,неизвестно
EXT-ZGD-0001,2019-08-17,,,,,,,,,,,2019,,229,,,,0,,неизвестно
EXT-ZGD-0001,2019-08-18,,,,,,,,,,,2019,,230,,,,0,,неизвестно
EXT-ZGD-0001,2019-08-19,,,,,,,,,,,2019,,231,,,,0,,неизвестно
EXT-ZGD-0001,2019-08-20,,,,,,,,,,,2019,,232,,,,0,,неизвестно
EXT-ZGD-0001,2019-08-21,,,,,,,,,,,2019,,233,,,,0,,неизвестно
EXT-ZGD-0001,2019-08-22,,,,,,,,,,,2019,,234,,,,0,,неизвестно
EXT-ZGD-0001,2019-08-23,,,,,,,,,,,2019,,235,,,,0,,неизвестно
EXT-ZGD-0001,2019-08-24,,,,,,,,,,,2019,,236,,,,0,,неизвестно
EXT-ZGD-0001,2019-08-25,,,,,,,,,,,2019,,237,,,,0,,неизвестно
EXT-ZGD-0001,2019-08-26,,,,,,,,,,,2019,,238,,,,0,,неизвестно
EXT-ZGD-0001,2019-08-27,,,,,,,,,,,2019,,239,,,,0,,неизвестно
EXT-ZGD-0001,2019-08-28,,,,,,,,,,,2019,,240,,,,0,,неизвестно
EXT-ZGD-0001,2019-08-29,0.16990257317684998,0.06741806383972646,-0.2968331618024229,,,,,,,,2019,0.16990257317684998,241,0.22938788750011796,0.0781594224522782,-0.7610766873256763,5,Штатное развитие,неизвестно
EXT-ZGD-0001,2019-08-30,,,,,,,,,,,2019,,242,,,,0,,неизвестно
EXT-ZGD-0001,2019-08-31,,,,,,,,,,,2019,,243,,,,0,,неизвестно
EXT-ZGD-0001,2019-09-01,,,,,,,,,,,2019,,244,,,,0,,неизвестно
EXT-ZGD-0001,2019-09-02,,,,,,,,,,,2019,,245,,,,0,,неизвестно
EXT-ZGD-0001,2019-09-03,0.14459517332357555,0.06156960793647615,-0.2504774285552829,,,,,,,,2019,0.14459517332357555,246,0.222448055148247,0.07002092012809623,-1.111851739198049,5,Угнетение биомассы,неизвестно
EXT-ZGD-0001,2019-09-04,,,,,,,,,,,2019,,247,,,,0,,неизвестно
EXT-ZGD-0001,2019-09-05,,,,,,,,,,,2019,,248,,,,0,,неизвестно
EXT-ZGD-0001,2019-09-06,,,,,,,,,,,2019,,249,,,,0,,неизвестно
EXT-ZGD-0001,2019-09-07,,,,,,,,,,,2019,,250,,,,0,,неизвестно
EXT-ZGD-0001,2019-09-08,,,,,,,,,,,2019,,251,,,,0,,неизвестно
EXT-ZGD-0001,2019-09-09,,,,,,,,,,,2019,,252,,,,0,,неизвестно
EXT-ZGD-0001,2019-09-10,,,,,,,,,,,2019,,253,,,,0,,неизвестно
EXT-ZGD-0001,2019-09-11,,,,,,,,,,,2019,,254,,,,0,,неизвестно
EXT-ZGD-0001,2019-09-12,,,,,,,,,,,2019,,255,,,,0,,неизвестно
EXT-ZGD-0001,2019-09-13,0.1620911323846215,0.0654544049640958,-0.27832527686537845,,,,,,,,2019,0.1620911323846215,256,0.19477524691609727,0.03282640767152796,-0.9956652844418424,5,Штатное развитие,неизвестно
EXT-ZGD-0001,2019-09-14,,,,,,,,,,,2019,,257,,,,0,,неизвестно
EXT-ZGD-0001,2019-09-15,,,,,,,,,,,2019,,258,,,,0,,неизвестно
EXT-ZGD-0001,2019-09-16,,,,,,,,,,,2019,,259,,,,0,,неизвестно
EXT-ZGD-0001,2019-09-17,,,,,,,,,,,2019,,260,,,,0,,неизвестно
EXT-ZGD-0001,2019-09-18,,,,,,,,,,,2019,,261,,,,0,,неизвестно
EXT-ZGD-0001,2019-09-19,,,,,,,,,,,2019,,262,,,,0,,неизвестно
EXT-ZGD-0001,2019-09-20,,,,,,,,,,,2019,,263,,,,0,,неизвестно
EXT-ZGD-0001,2019-09-21,,,,,,,,,,,2019,,264,,,,0,,неизвестно
EXT-ZGD-0001,2019-09-22,,,,,,,,,,,2019,,265,,,,0,,неизвестно
EXT-ZGD-0001,2019-09-23,0.177560595991593,0.0665854152780173,-0.2441240745364586,,,,,,,,2019,0.177560595991593,266,0.19665806437901442,0.038704395871653176,-0.49341858869855876,5,Штатное развитие,неизвестно
EXT-ZGD-0001,2019-09-24,,,,,,,,,,,2019,,267,,,,0,,неизвестно
EXT-ZGD-0001,2019-09-25,,,,,,,,,,,2019,,268,,,,0,,неизвестно
EXT-ZGD-0001,2019-09-26,,,,,,,,,,,2019,,269,,,,0,,неизвестно
EXT-ZGD-0001,2019-09-27,,,,,,,,,,,2019,,270,,,,0,,неизвестно
EXT-ZGD-0001,2019-09-28,,,,,,,,,,,2019,,271,,,,0,,неизвестно
EXT-ZGD-0001,2019-09-29,,,,,,,,,,,2019,,272,,,,0,,неизвестно
EXT-ZGD-0001,2019-09-30,,,,,,,,,,,2019,,273,,,,0,,неизвестно
EXT-ZGD-0001,2019-10-01,,,,,,,,,,,2019,,274,,,,0,,неизвестно
EXT-ZGD-0001,2019-10-02,,,,,,,,,,,2019,,275,,,,0,,неизвестно
EXT-ZGD-0001,2019-10-03,,,,,,,,,,,2019,,276,,,,0,,неизвестно
EXT-ZGD-0001,2019-10-04,,,,,,,,,,,2019,,277,,,,0,,неизвестно
EXT-ZGD-0001,2019-10-05,,,,,,,,,,,2019,,278,,,,0,,неизвестно
EXT-ZGD-0001,2019-10-06,,,,,,,,,,,2019,,279,,,,0,,неизвестно
EXT-ZGD-0001,2019-10-07,,,,,,,,,,,2019,,280,,,,0,,неизвестно
EXT-ZGD-0001,2019-10-08,,,,,,,,,,,2019,,281,,,,0,,неизвестно
EXT-ZGD-0001,2019-10-09,,,,,,,,,,,2019,,282,,,,0,,неизвестно
EXT-ZGD-0001,2019-10-10,,,,,,,,,,,2019,,283,,,,0,,неизвестно
EXT-ZGD-0001,2019-10-11,,,,,,,,,,,2019,,284,,,,0,,неизвестно
EXT-ZGD-0001,2019-10-12,,,,,,,,,,,2019,,285,,,,0,,неизвестно
EXT-ZGD-0001,2019-10-13,0.18929444259610975,0.0653324764095353,-0.3076008650553652,,,,,,,,2019,0.18929444259610975,286,0.19754843244597492,0.055632080255049066,-0.1483674493569931,5,Штатное развитие,неизвестно
EXT-ZGD-0001,2019-10-14,,,,,,,,,,,2019,,287,,,,0,,неизвестно
EXT-ZGD-0001,2019-10-15,,,,,,,,,,,2019,,288,,,,0,,неизвестно
EXT-ZGD-0001,2019-10-16,,,,,,,,,,,2019,,289,,,,0,,неизвестно
EXT-ZGD-0001,2019-10-17,,,,,,,,,,,2019,,290,,,,0,,неизвестно
EXT-ZGD-0001,2019-10-18,,,,,,,,,,,2019,,291,,,,0,,неизвестно
EXT-ZGD-0001,2019-10-19,,,,,,,,,,,2019,,292,,,,0,,неизвестно
EXT-ZGD-0001,2019-10-20,,,,,,,,,,,2019,,293,,,,0,,неизвестно
EXT-ZGD-0001,2019-10-21,,,,,,,,,,,2019,,294,,,,0,,неизвестно
EXT-ZGD-0001,2019-10-22,,,,,,,,,,,2019,,295,,,,0,,неизвестно
EXT-ZGD-0001,2019-10-23,0.2007860164335412,0.038163797563207,-0.2522371740895175,,,,,,,,2019,0.2007860164335412,296,0.2009553151095406,0.062211945407823606,-0.0027213210403498646,5,Штатное развитие,неизвестно
EXT-ZGD-0001,2019-10-24,,,,,,,,,,,2019,,297,,,,0,,неизвестно
EXT-ZGD-0001,2019-10-25,,,,,,,,,,,2019,,298,,,,0,,неизвестно
EXT-ZGD-0001,2019-10-26,,,,,,,,,,,2019,,299,,,,0,,неизвестно
EXT-ZGD-0001,2019-10-27,,,,,,,,,,,2019,,300,,,,0,,неизвестно
EXT-ZGD-0001,2019-10-28,0.26148058222520454,0.09383121172578525,-0.33744614830883857,,,,,,,,2019,0.26148058222520454,301,0.2050613704812085,0.06853851895964441,0.8231752392726162,5,Штатное развитие,неизвестно
EXT-ZGD-0001,2019-10-29,,,,,,,,,,,2019,,302,,,,0,,неизвестно
EXT-ZGD-0001,2019-10-30,,,,,,,,,,,2019,,303,,,,0,,неизвестно
EXT-ZGD-0001,2020-04-01,,,,,,,,,,,2020,,92,,,,0,,неизвестно
EXT-ZGD-0001,2020-04-02,,,,,,,,,,,2020,,93,,,,0,,неизвестно
EXT-ZGD-0001,2020-04-03,,,,,,,,,,,2020,,94,,,,0,,неизвестно
EXT-ZGD-0001,2020-04-04,,,,,,,,,,,2020,,95,,,,0,,неизвестно
EXT-ZGD-0001,2020-04-05,,,,,,,,,,,2020,,96,,,,0,,неизвестно
EXT-ZGD-0001,2020-04-06,,,,,,,,,,,2020,,97,,,,0,,неизвестно
EXT-ZGD-0001,2020-04-07,,,,,,,,,,,2020,,98,,,,0,,неизвестно
EXT-ZGD-0001,2020-04-08,,,,,,,,,,,2020,,99,,,,0,,неизвестно
EXT-ZGD-0001,2020-04-09,,,,,,,,,,,2020,,100,,,,0,,неизвестно
EXT-ZGD-0001,2020-04-10,0.5081891095985547,0.3148302144576097,-0.48471964686993596,,,,,,,,2020,0.5081891095985547,101,0.29496893197136836,0.11847562975354907,1.7996965120229638,4,Штатное развитие,неизвестно
EXT-ZGD-0001,2020-04-11,,,,,,,,,,,2020,,102,,,,0,,неизвестно
EXT-ZGD-0001,2020-04-12,,,,,,,,,,,2020,,103,,,,0,,неизвестно
EXT-ZGD-0001,2020-04-13,,,,,,,,,,,2020,,104,,,,0,,неизвестно
EXT-ZGD-0001,2020-04-14,,,,,,,,,,,2020,,105,,,,0,,неизвестно
EXT-ZGD-0001,2020-04-15,,,,,,,,,,,2020,,106,,,,0,,неизвестно
EXT-ZGD-0001,2020-04-16,,,,,,,,,,,2020,,107,,,,0,,неизвестно
EXT-ZGD-0001,2020-04-17,,,,,,,,,,,2020,,108,,,,0,,неизвестно
EXT-ZGD-0001,2020-04-18,,,,,,,,,,,2020,,109,,,,0,,неизвестно
EXT-ZGD-0001,2020-04-19,,,,,,,,,,,2020,,110,,,,0,,неизвестно
EXT-ZGD-0001,2020-04-20,,,,,,,,,,,2020,,111,,,,0,,неизвестно
EXT-ZGD-0001,2020-04-21,,,,,,,,,,,2020,,112,,,,0,,неизвестно
EXT-ZGD-0001,2020-04-22,,,,,,,,,,,2020,,113,,,,0,,неизвестно
EXT-ZGD-0001,2020-04-23,,,,,,,,,,,2020,,114,,,,0,,неизвестно
EXT-ZGD-0001,2020-04-24,,,,,,,,,,,2020,,115,,,,0,,неизвестно
EXT-ZGD-0001,2020-04-25,0.6503790765555536,0.41178625515428713,-0.5958426790009469,,,,,,,,2020,0.6503790765555536,116,0.5384164045349331,0.25378740464657257,0.4411671736686108,5,Штатное развитие,неизвестно
EXT-ZGD-0001,2020-04-26,,,,,,,,,,,2020,,117,,,,0,,неизвестно
EXT-ZGD-0001,2020-04-27,,,,,,,,,,,2020,,118,,,,0,,неизвестно
EXT-ZGD-0001,2020-04-28,,,,,,,,,,,2020,,119,,,,0,,неизвестно
EXT-ZGD-0001,2020-04-29,,,,,,,,,,,2020,,120,,,,0,,неизвестно
EXT-ZGD-0001,2020-04-30,0.71661119699391,0.49547205235853353,-0.6408023932833615,,,,,,,,2020,0.71661119699391,121,0.6292191960489605,0.24275187434483958,0.36000546311253334,5,Штатное развитие,неизвестно
EXT-ZGD-0001,2020-05-01,,,,,,,,,,,2020,,122,,,,0,,неизвестно
EXT-ZGD-0001,2020-05-02,,,,,,,,,,,2020,,123,,,,0,,неизвестно
EXT-ZGD-0001,2020-05-03,,,,,,,,,,,2020,,124,,,,0,,неизвестно
EXT-ZGD-0001,2020-05-04,,,,,,,,,,,2020,,125,,,,0,,неизвестно
EXT-ZGD-0001,2020-05-05,,,,,,,,,,,2020,,126,,,,0,,неизвестно
EXT-ZGD-0001,2020-05-06,,,,,,,,,,,2020,,127,,,,0,,неизвестно
EXT-ZGD-0001,2020-05-07,,,,,,,,,,,2020,,128,,,,0,,неизвестно
EXT-ZGD-0001,2020-05-08,,,,,,,,,,,2020,,129,,,,0,,неизвестно
EXT-ZGD-0001,2020-05-09,,,,,,,,,,,2020,,130,,,,0,,неизвестно
EXT-ZGD-0001,2020-05-10,,,,,,,,,,,2020,,131,,,,0,,неизвестно
EXT-ZGD-0001,2020-05-11,,,,,,,,,,,2020,,132,,,,0,,неизвестно
EXT-ZGD-0001,2020-05-12,,,,,,,,,,,2020,,133,,,,0,,неизвестно
EXT-ZGD-0001,2020-05-13,,,,,,,,,,,2020,,134,,,,0,,неизвестно
EXT-ZGD-0001,2020-05-14,,,,,,,,,,,2020,,135,,,,0,,неизвестно
EXT-ZGD-0001,2020-05-15,0.7775285105318639,0.5662109797766234,-0.6953193730522209,,,,,,,,2020,0.7775285105318639,136,0.6926663588829136,0.1883509979813059,0.45055323602465314,5,Штатное развитие,неизвестно
EXT-ZGD-0001,2020-05-16,,,,,,,,,,,2020,,137,,,,0,,неизвестно
EXT-ZGD-0001,2020-05-17,,,,,,,,,,,2020,,138,,,,0,,неизвестно
EXT-ZGD-0001,2020-05-18,,,,,,,,,,,2020,,139,,,,0,,неизвестно
EXT-ZGD-0001,2020-05-19,,,,,,,,,,,2020,,140,,,,0,,неизвестно
EXT-ZGD-0001,2020-05-20,0.6800772880353965,0.4023590668434671,-0.6056909741654336,,,,,,,,2020,0.6800772880353965,141,0.7180172767906142,0.15873493489616508,-0.23901473724127478,5,Штатное развитие,неизвестно
EXT-ZGD-0001,2020-05-21,,,,,,,,,,,2020,,142,,,,0,,неизвестно
EXT-ZGD-0001,2020-05-22,,,,,,,,,,,2020,,143,,,,0,,неизвестно
EXT-ZGD-0001,2020-05-23,,,,,,,,,,,2020,,144,,,,0,,неизвестно
EXT-ZGD-0001,2020-05-24,,,,,,,,,,,2020,,145,,,,0,,неизвестно
EXT-ZGD-0001,2020-05-25,,,,,,,,,,,2020,,146,,,,0,,неизвестно
EXT-ZGD-0001,2020-05-26,,,,,,,,,,,2020,,147,,,,0,,неизвестно
EXT-ZGD-0001,2020-05-27,,,,,,,,,,,2020,,148,,,,0,,неизвестно
EXT-ZGD-0001,2020-05-28,,,,,,,,,,,2020,,149,,,,0,,неизвестно
EXT-ZGD-0001,2020-05-29,,,,,,,,,,,2020,,150,,,,0,,неизвестно
EXT-ZGD-0001,2020-05-30,,,,,,,,,,,2020,,151,,,,0,,неизвестно
EXT-ZGD-0001,2020-05-31,,,,,,,,,,,2020,,152,,,,0,,неизвестно
EXT-ZGD-0001,2020-06-01,,,,,,,,,,,2020,,153,,,,0,,неизвестно
EXT-ZGD-0001,2020-06-02,,,,,,,,,,,2020,,154,,,,0,,неизвестно
EXT-ZGD-0001,2020-06-03,,,,,,,,,,,2020,,155,,,,0,,неизвестно
EXT-ZGD-0001,2020-06-04,,,,,,,,,,,2020,,156,,,,0,,неизвестно
EXT-ZGD-0001,2020-06-05,,,,,,,,,,,2020,,157,,,,0,,неизвестно
EXT-ZGD-0001,2020-06-06,,,,,,,,,,,2020,,158,,,,0,,неизвестно
EXT-ZGD-0001,2020-06-07,,,,,,,,,,,2020,,159,,,,0,,неизвестно
EXT-ZGD-0001,2020-06-08,,,,,,,,,,,2020,,160,,,,0,,неизвестно
EXT-ZGD-0001,2020-06-09,0.7675779267872715,0.5741655163318493,-0.6499165313461743,,,,,,,,2020,0.7675779267872715,161,0.5936300909879193,0.2292022400204408,0.7589272940082923,5,Штатное развитие,неизвестно
EXT-ZGD-0001,2020-06-10,,,,,,,,,,,2020,,162,,,,0,,неизвестно
EXT-ZGD-0001,2020-06-11,,,,,,,,,,,2020,,163,,,,0,,неизвестно
EXT-ZGD-0001,2020-06-12,,,,,,,,,,,2020,,164,,,,0,,неизвестно
EXT-ZGD-0001,2020-06-13,,,,,,,,,,,2020,,165,,,,0,,неизвестно
EXT-ZGD-0001,2020-06-14,0.7290631555364951,0.5254412770004613,-0.6425136835166441,,,,,,,,2020,0.7290631555364951,166,0.5270180129514425,0.2251464573394112,0.8973942782518093,5,Штатное развитие,неизвестно
EXT-ZGD-0001,2020-06-15,,,,,,,,,,,2020,,167,,,,0,,неизвестно
EXT-ZGD-0001,2020-06-16,,,,,,,,,,,2020,,168,,,,0,,неизвестно
EXT-ZGD-0001,2020-06-17,,,,,,,,,,,2020,,169,,,,0,,неизвестно
EXT-ZGD-0001,2020-06-18,,,,,,,,,,,2020,,170,,,,0,,неизвестно
EXT-ZGD-0001,2020-06-19,,,,,,,,,,,2020,,171,,,,0,,неизвестно
EXT-ZGD-0001,2020-06-20,,,,,,,,,,,2020,,172,,,,0,,неизвестно
EXT-ZGD-0001,2020-06-21,,,,,,,,,,,2020,,173,,,,0,,неизвестно
EXT-ZGD-0001,2020-06-22,,,,,,,,,,,2020,,174,,,,0,,неизвестно
EXT-ZGD-0001,2020-06-23,,,,,,,,,,,2020,,175,,,,0,,неизвестно
EXT-ZGD-0001,2020-06-24,,,,,,,,,,,2020,,176,,,,0,,неизвестно
EXT-ZGD-0001,2020-06-25,,,,,,,,,,,2020,,177,,,,0,,неизвестно
EXT-ZGD-0001,2020-06-26,,,,,,,,,,,2020,,178,,,,0,,неизвестно
EXT-ZGD-0001,2020-06-27,,,,,,,,,,,2020,,179,,,,0,,неизвестно
EXT-ZGD-0001,2020-06-28,,,,,,,,,,,2020,,180,,,,0,,неизвестно
EXT-ZGD-0001,2020-06-29,0.2989870378519479,0.1912776063246135,-0.416958036989858,,,,,,,,2020,0.2989870378519479,181,0.3924063342745952,0.21987224449341944,-0.4248798962228415,5,Штатное развитие,неизвестно
EXT-ZGD-0001,2020-06-30,,,,,,,,,,,2020,,182,,,,0,,неизвестно
EXT-ZGD-0001,2020-07-01,,,,,,,,,,,2020,,183,,,,0,,неизвестно
EXT-ZGD-0001,2020-07-02,,,,,,,,,,,2020,,184,,,,0,,неизвестно
EXT-ZGD-0001,2020-07-03,,,,,,,,,,,2020,,185,,,,0,,неизвестно
EXT-ZGD-0001,2020-07-04,0.28334135040127,0.14630713909640936,-0.4256871128496822,,,,,,,,2020,0.28334135040127,186,0.3487657114380176,0.2003565685522754,-0.32653963635675665,5,Штатное развитие,неизвестно
EXT-ZGD-0001,2020-07-05,,,,,,,,,,,2020,,187,,,,0,,неизвестно
EXT-ZGD-0001,2020-07-06,,,,,,,,,,,2020,,188,,,,0,,неизвестно
EXT-ZGD-0001,2020-07-07,,,,,,,,,,,2020,,189,,,,0,,неизвестно
EXT-ZGD-0001,2020-07-08,,,,,,,,,,,2020,,190,,,,0,,неизвестно
EXT-ZGD-0001,2020-07-09,,,,,,,,,,,2020,,191,,,,0,,неизвестно
EXT-ZGD-0001,2020-07-10,,,,,,,,,,,2020,,192,,,,0,,неизвестно
EXT-ZGD-0001,2020-07-11,,,,,,,,,,,2020,,193,,,,0,,неизвестно
EXT-ZGD-0001,2020-07-12,,,,,,,,,,,2020,,194,,,,0,,неизвестно
EXT-ZGD-0001,2020-07-13,,,,,,,,,,,2020,,195,,,,0,,неизвестно
EXT-ZGD-0001,2020-07-14,,,,,,,,,,,2020,,196,,,,0,,неизвестно
EXT-ZGD-0001,2020-07-15,,,,,,,,,,,2020,,197,,,,0,,неизвестно
EXT-ZGD-0001,2020-07-16,,,,,,,,,,,2020,,198,,,,0,,неизвестно
EXT-ZGD-0001,2020-07-17,,,,,,,,,,,2020,,199,,,,0,,неизвестно
EXT-ZGD-0001,2020-07-18,,,,,,,,,,,2020,,200,,,,0,,неизвестно
EXT-ZGD-0001,2020-07-19,0.16204652168857636,0.1093502409856878,-0.3090504687051149,,,,,,,,2020,0.16204652168857636,201,0.24583730127032077,0.10913897459630281,-0.7677438778555549,5,Штатное развитие,неизвестно
EXT-ZGD-0001,2020-07-20,,,,,,,,,,,2020,,202,,,,0,,неизвестно
EXT-ZGD-0001,2020-07-21,,,,,,,,,,,2020,,203,,,,0,,неизвестно
EXT-ZGD-0001,2020-07-22,,,,,,,,,,,2020,,204,,,,0,,неизвестно
EXT-ZGD-0001,2020-07-23,,,,,,,,,,,2020,,205,,,,0,,неизвестно
EXT-ZGD-0001,2020-07-24,0.19319836672419544,0.13070254628938835,-0.32200013555156604,,,,,,,,2020,0.19319836672419544,206,0.23785874461346207,0.10368096352334238,-0.43074809850905704,5,Штатное развитие,неизвестно
EXT-ZGD-0001,2020-07-25,,,,,,,,,,,2020,,207,,,,0,,неизвестно
EXT-ZGD-0001,2020-07-26,,,,,,,,,,,2020,,208,,,,0,,неизвестно
EXT-ZGD-0001,2020-07-27,,,,,,,,,,,2020,,209,,,,0,,неизвестно
EXT-ZGD-0001,2020-07-28,,,,,,,,,,,2020,,210,,,,0,,неизвестно
EXT-ZGD-0001,2020-07-29,,,,,,,,,,,2020,,211,,,,0,,неизвестно
EXT-ZGD-0001,2020-07-30,,,,,,,,,,,2020,,212,,,,0,,неизвестно
EXT-ZGD-0001,2020-07-31,,,,,,,,,,,2020,,213,,,,0,,неизвестно
EXT-ZGD-0001,2020-08-01,,,,,,,,,,,2020,,214,,,,0,,неизвестно
EXT-ZGD-0001,2020-08-02,,,,,,,,,,,2020,,215,,,,0,,неизвестно
EXT-ZGD-0001,2020-08-03,,,,,,,,,,,2020,,216,,,,0,,неизвестно
EXT-ZGD-0001,2020-08-04,,,,,,,,,,,2020,,217,,,,0,,неизвестно
EXT-ZGD-0001,2020-08-05,,,,,,,,,,,2020,,218,,,,0,,неизвестно
EXT-ZGD-0001,2020-08-06,,,,,,,,,,,2020,,219,,,,0,,неизвестно
EXT-ZGD-0001,2020-08-07,,,,,,,,,,,2020,,220,,,,0,,неизвестно
EXT-ZGD-0001,2020-08-08,0.4026427993235453,0.25587075042671636,-0.4257408243735632,,,,,,,,2020,0.4026427993235453,221,0.21322594350870766,0.06202867038278238,3.0536984695292624,5,Штатное развитие,неизвестно
EXT-ZGD-0001,2020-08-09,,,,,,,,,,,2020,,222,,,,0,,неизвестно
EXT-ZGD-0001,2020-08-10,,,,,,,,,,,2020,,223,,,,0,,неизвестно
EXT-ZGD-0001,2020-08-11,,,,,,,,,,,2020,,224,,,,0,,неизвестно
EXT-ZGD-0001,2020-08-12,,,,,,,,,,,2020,,225,,,,0,,неизвестно
EXT-ZGD-0001,2020-08-13,0.4265354078754156,0.2988623849317177,-0.396364218575741,,,,,,,,2020,0.4265354078754156,226,0.20898292780577132,0.06049876951864992,3.5959818984843896,5,Штатное развитие,неизвестно
EXT-ZGD-0001,2020-08-14,,,,,,,,,,,2020,,227,,,,0,,неизвестно
EXT-ZGD-0001,2020-08-15,,,,,,,,,,,2020,,228,,,,0,,неизвестно
EXT-ZGD-0001,2020-08-16,,,,,,,,,,,2020,,229,,,,0,,неизвестно
EXT-ZGD-0001,2020-08-17,,,,,,,,,,,2020,,230,,,,0,,неизвестно
EXT-ZGD-0001,2020-08-18,0.39265146007391816,0.23924639662946479,-0.4375263541299942,,,,,,,,2020,0.39265146007391816,231,0.20725957224858707,0.060046217952712484,3.0874865086645533,5,Штатное развитие,неизвестно
EXT-ZGD-0001,2020-08-19,,,,,,,,,,,2020,,232,,,,0,,неизвестно
EXT-ZGD-0001,2020-08-20,,,,,,,,,,,2020,,233,,,,0,,неизвестно
EXT-ZGD-0001,2020-08-21,,,,,,,,,,,2020,,234,,,,0,,неизвестно
EXT-ZGD-0001,2020-08-22,,,,,,,,,,,2020,,235,,,,0,,неизвестно
EXT-ZGD-0001,2020-08-23,,,,,,,,,,,2020,,236,,,,0,,неизвестно
EXT-ZGD-0001,2020-08-24,,,,,,,,,,,2020,,237,,,,0,,неизвестно
EXT-ZGD-0001,2020-08-25,,,,,,,,,,,2020,,238,,,,0,,неизвестно
EXT-ZGD-0001,2020-08-26,,,,,,,,,,,2020,,239,,,,0,,неизвестно
EXT-ZGD-0001,2020-08-27,,,,,,,,,,,2020,,240,,,,0,,неизвестно
EXT-ZGD-0001,2020-08-28,,,,,,,,,,,2020,,241,,,,0,,неизвестно
EXT-ZGD-0001,2020-08-29,,,,,,,,,,,2020,,242,,,,0,,неизвестно
EXT-ZGD-0001,2020-08-30,,,,,,,,,,,2020,,243,,,,0,,неизвестно
EXT-ZGD-0001,2020-08-31,,,,,,,,,,,2020,,244,,,,0,,неизвестно
EXT-ZGD-0001,2020-09-01,,,,,,,,,,,2020,,245,,,,0,,неизвестно
EXT-ZGD-0001,2020-09-02,0.17941200950821212,0.08092794619018584,-0.3094194713066124,,,,,,,,2020,0.17941200950821212,246,0.2066361847245662,0.05249107972580619,-0.5186438411738341,5,Штатное развитие,неизвестно
EXT-ZGD-0001,2020-09-03,,,,,,,,,,,2020,,247,,,,0,,неизвестно
EXT-ZGD-0001,2020-09-04,,,,,,,,,,,2020,,248,,,,0,,неизвестно
EXT-ZGD-0001,2020-09-05,,,,,,,,,,,2020,,249,,,,0,,неизвестно
EXT-ZGD-0001,2020-09-06,,,,,,,,,,,2020,,250,,,,0,,неизвестно
EXT-ZGD-0001,2020-09-07,0.18351572464875995,0.08982969222990261,-0.29592049524807246,,,,,,,,2020,0.18351572464875995,251,0.2045504055680638,0.047076371305928906,-0.4468203545810401,5,Штатное развитие,неизвестно
EXT-ZGD-0001,2020-09-08,,,,,,,,,,,2020,,252,,,,0,,неизвестно
EXT-ZGD-0001,2020-09-09,,,,,,,,,,,2020,,253,,,,0,,неизвестно
EXT-ZGD-0001,2020-09-10,,,,,,,,,,,2020,,254,,,,0,,неизвестно
EXT-ZGD-0001,2020-09-11,,,,,,,,,,,2020,,255,,,,0,,неизвестно
EXT-ZGD-0001,2020-09-12,0.17194409715910494,0.08014468629909219,-0.2978086452748629,,,,,,,,2020,0.17194409715910494,256,0.1954738304475958,0.03377384217240481,-0.6966851200517549,5,Штатное развитие,неизвестно
EXT-ZGD-0001,2020-09-13,,,,,,,,,,,2020,,257,,,,0,,неизвестно
EXT-ZGD-0001,2020-09-14,,,,,,,,,,,2020,,258,,,,0,,неизвестно
EXT-ZGD-0001,2020-09-15,,,,,,,,,,,2020,,259,,,,0,,неизвестно
EXT-ZGD-0001,2020-09-16,,,,,,,,,,,2020,,260,,,,0,,неизвестно
EXT-ZGD-0001,2020-09-17,0.1759007979324818,0.08795866853854406,-0.3007993658043674,,,,,,,,2020,0.1759007979324818,261,0.1945338675949505,0.032155390520522846,-0.5794695496102381,5,Штатное развитие,неизвестно
EXT-ZGD-0001,2020-09-18,,,,,,,,,,,2020,,262,,,,0,,неизвестно
EXT-ZGD-0001,2020-09-19,,,,,,,,,,,2020,,263,,,,0,,неизвестно
EXT-ZGD-0001,2020-09-20,,,,,,,,,,,2020,,264,,,,0,,неизвестно
EXT-ZGD-0001,2020-09-21,,,,,,,,,,,2020,,265,,,,0,,неизвестно
EXT-ZGD-0001,2020-09-22,0.1738935067937964,0.0830643891528987,-0.30276410005496135,,,,,,,,2020,0.1738935067937964,266,0.2010929722542545,0.03846524224727697,-0.7071180076185168,5,Штатное развитие,неизвестно
EXT-ZGD-0001,2020-09-23,,,,,,,,,,,2020,,267,,,,0,,неизвестно
EXT-ZGD-0001,2020-09-24,,,,,,,,,,,2020,,268,,,,0,,неизвестно
EXT-ZGD-0001,2020-09-25,,,,,,,,,,,2020,,269,,,,0,,неизвестно
EXT-ZGD-0001,2020-09-26,,,,,,,,,,,2020,,270,,,,0,,неизвестно
EXT-ZGD-0001,2020-09-27,0.13877491025302097,0.06646783055512645,-0.2597518753865983,,,,,,,,2020,0.13877491025302097,271,0.20513395640560686,0.04713921217835438,-1.40772497218477,5,Угнетение биомассы,неизвестно
EXT-ZGD-0001,2020-09-28,,,,,,,,,,,2020,,272,,,,0,,неизвестно
EXT-ZGD-0001,2020-09-29,,,,,,,,,,,2020,,273,,,,0,,неизвестно
EXT-ZGD-0001,2020-09-30,,,,,,,,,,,2020,,274,,,,0,,неизвестно
EXT-ZGD-0001,2020-10-01,,,,,,,,,,,2020,,275,,,,0,,неизвестно
EXT-ZGD-0001,2020-10-02,,,,,,,,,,,2020,,276,,,,0,,неизвестно
EXT-ZGD-0001,2020-10-03,,,,,,,,,,,2020,,277,,,,0,,неизвестно
EXT-ZGD-0001,2020-10-04,,,,,,,,,,,2020,,278,,,,0,,неизвестно
EXT-ZGD-0001,2020-10-05,,,,,,,,,,,2020,,279,,,,0,,неизвестно
EXT-ZGD-0001,2020-10-06,,,,,,,,,,,2020,,280,,,,0,,неизвестно
EXT-ZGD-0001,2020-10-07,0.17285178850596128,0.07616754126278791,-0.30567559075615325,,,,,,,,2020,0.17285178850596128,281,0.21061524769840986,0.05095863917393839,-0.7410609820947068,5,Штатное развитие,неизвестно
EXT-ZGD-0001,2020-10-08,,,,,,,,,,,2020,,282,,,,0,,неизвестно
EXT-ZGD-0001,2020-10-09,,,,,,,,,,,2020,,283,,,,0,,неизвестно
EXT-ZGD-0001,2020-10-10,,,,,,,,,,,2020,,284,,,,0,,неизвестно
EXT-ZGD-0001,2020-10-11,,,,,,,,,,,2020,,285,,,,0,,неизвестно
EXT-ZGD-0001,2020-10-12,0.13083353075341875,0.05760811217605265,-0.2461021532862889,,,,,,,,2020,0.13083353075341875,286,0.2104578833061208,0.05226474297050025,-1.5234811849671654,5,Угнетение биомассы,неизвестно
EXT-ZGD-0001,2020-10-13,,,,,,,,,,,2020,,287,,,,0,,неизвестно
EXT-ZGD-0001,2020-10-14,,,,,,,,,,,2020,,288,,,,0,,неизвестно
EXT-ZGD-0001,2020-10-15,,,,,,,,,,,2020,,289,,,,0,,неизвестно
EXT-ZGD-0001,2020-10-16,,,,,,,,,,,2020,,290,,,,0,,неизвестно
EXT-ZGD-0001,2020-10-17,0.12596799409209916,0.06152662940151805,-0.2411786871509347,,,,,,,,2020,0.12596799409209916,291,0.2119048453579756,0.0551738084106647,-1.5575660579062993,5,Угнетение биомассы,неизвестно
EXT-ZGD-0001,2020-10-18,,,,,,,,,,,2020,,292,,,,0,,неизвестно
EXT-ZGD-0001,2020-10-19,,,,,,,,,,,2020,,293,,,,0,,неизвестно
EXT-ZGD-0001,2020-10-20,,,,,,,,,,,2020,,294,,,,0,,неизвестно
EXT-ZGD-0001,2020-10-21,,,,,,,,,,,2020,,295,,,,0,,неизвестно
EXT-ZGD-0001,2020-10-22,,,,,,,,,,,2020,,296,,,,0,,неизвестно
EXT-ZGD-0001,2020-10-23,,,,,,,,,,,2020,,297,,,,0,,неизвестно
EXT-ZGD-0001,2020-10-24,,,,,,,,,,,2020,,298,,,,0,,неизвестно
EXT-ZGD-0001,2020-10-25,,,,,,,,,,,2020,,299,,,,0,,неизвестно
EXT-ZGD-0001,2020-10-26,,,,,,,,,,,2020,,300,,,,0,,неизвестно
EXT-ZGD-0001,2020-10-27,0.15916050023645462,0.060061971466471104,-0.2988298243140004,,,,,,,,2020,0.15916050023645462,301,0.22291527702441716,0.06267330548037772,-1.0172556928232135,5,Угнетение биомассы,неизвестно
EXT-ZGD-0001,2020-10-28,,,,,,,,,,,2020,,302,,,,0,,неизвестно
EXT-ZGD-0001,2020-10-29,,,,,,,,,,,2020,,303,,,,0,,неизвестно
EXT-ZGD-0001,2020-10-30,,,,,,,,,,,2020,,304,,,,0,,неизвестно
EXT-ZGD-0001,2021-04-01,,,,,,,,,,,2021,,91,,,,0,,неизвестно
EXT-ZGD-0001,2021-04-02,,,,,,,,,,,2021,,92,,,,0,,неизвестно
EXT-ZGD-0001,2021-04-03,,,,,,,,,,,2021,,93,,,,0,,неизвестно
EXT-ZGD-0001,2021-04-04,,,,,,,,,,,2021,,94,,,,0,,неизвестно
EXT-ZGD-0001,2021-04-05,,,,,,,,,,,2021,,95,,,,0,,неизвестно
EXT-ZGD-0001,2021-04-06,,,,,,,,,,,2021,,96,,,,0,,неизвестно
EXT-ZGD-0001,2021-04-07,,,,,,,,,,,2021,,97,,,,0,,неизвестно
EXT-ZGD-0001,2021-04-08,,,,,,,,,,,2021,,98,,,,0,,неизвестно
EXT-ZGD-0001,2021-04-09,,,,,,,,,,,2021,,99,,,,0,,неизвестно
EXT-ZGD-0001,2021-04-10,,,,,,,,,,,2021,,100,,,,0,,неизвестно
EXT-ZGD-0001,2021-04-11,,,,,,,,,,,2021,,101,,,,0,,неизвестно
EXT-ZGD-0001,2021-04-12,,,,,,,,,,,2021,,102,,,,0,,неизвестно
EXT-ZGD-0001,2021-04-13,,,,,,,,,,,2021,,103,,,,0,,неизвестно
EXT-ZGD-0001,2021-04-14,,,,,,,,,,,2021,,104,,,,0,,неизвестно
EXT-ZGD-0001,2021-04-15,0.22269006602581545,0.1112946104812978,-0.290894703436702,,,,,,,,2021,0.22269006602581545,105,0.46023697871589786,0.23561417125831977,-1.0082029931452792,5,Угнетение биомассы,неизвестно
EXT-ZGD-0001,2021-04-16,,,,,,,,,,,2021,,106,,,,0,,неизвестно
EXT-ZGD-0001,2021-04-17,,,,,,,,,,,2021,,107,,,,0,,неизвестно
EXT-ZGD-0001,2021-04-18,,,,,,,,,,,2021,,108,,,,0,,неизвестно
EXT-ZGD-0001,2021-04-19,,,,,,,,,,,2021,,109,,,,0,,неизвестно
EXT-ZGD-0001,2021-04-20,,,,,,,,,,,2021,,110,,,,0,,неизвестно
EXT-ZGD-0001,2021-04-21,,,,,,,,,,,2021,,111,,,,0,,неизвестно
EXT-ZGD-0001,2021-04-22,,,,,,,,,,,2021,,112,,,,0,,неизвестно
EXT-ZGD-0001,2021-04-23,,,,,,,,,,,2021,,113,,,,0,,неизвестно
EXT-ZGD-0001,2021-04-24,,,,,,,,,,,2021,,114,,,,0,,неизвестно
EXT-ZGD-0001,2021-04-25,,,,,,,,,,,2021,,115,,,,0,,неизвестно
EXT-ZGD-0001,2021-04-26,,,,,,,,,,,2021,,116,,,,0,,неизвестно
EXT-ZGD-0001,2021-04-27,,,,,,,,,,,2021,,117,,,,0,,неизвестно
EXT-ZGD-0001,2021-04-28,,,,,,,,,,,2021,,118,,,,0,,неизвестно
EXT-ZGD-0001,2021-04-29,,,,,,,,,,,2021,,119,,,,0,,неизвестно
EXT-ZGD-0001,2021-04-30,,,,,,,,,,,2021,,120,,,,0,,неизвестно
EXT-ZGD-0001,2021-05-01,,,,,,,,,,,2021,,121,,,,0,,неизвестно
EXT-ZGD-0001,2021-05-02,,,,,,,,,,,2021,,122,,,,0,,неизвестно
EXT-ZGD-0001,2021-05-03,,,,,,,,,,,2021,,123,,,,0,,неизвестно
EXT-ZGD-0001,2021-05-04,,,,,,,,,,,2021,,124,,,,0,,неизвестно
EXT-ZGD-0001,2021-05-05,0.6621938400345662,0.4239116660986155,-0.5614910031572393,,,,,,,,2021,0.6621938400345662,125,0.6618803098613,0.19686752863258017,0.0015925946520684796,5,Штатное развитие,неизвестно
EXT-ZGD-0001,2021-05-06,,,,,,,,,,,2021,,126,,,,0,,неизвестно
EXT-ZGD-0001,2021-05-07,,,,,,,,,,,2021,,127,,,,0,,неизвестно
EXT-ZGD-0001,2021-05-08,,,,,,,,,,,2021,,128,,,,0,,неизвестно
EXT-ZGD-0001,2021-05-09,,,,,,,,,,,2021,,129,,,,0,,неизвестно
EXT-ZGD-0001,2021-05-10,,,,,,,,,,,2021,,130,,,,0,,неизвестно
EXT-ZGD-0001,2021-05-11,,,,,,,,,,,2021,,131,,,,0,,неизвестно
EXT-ZGD-0001,2021-05-12,,,,,,,,,,,2021,,132,,,,0,,неизвестно
EXT-ZGD-0001,2021-05-13,,,,,,,,,,,2021,,133,,,,0,,неизвестно
EXT-ZGD-0001,2021-05-14,,,,,,,,,,,2021,,134,,,,0,,неизвестно
EXT-ZGD-0001,2021-05-15,0.7578215558252004,0.5800839460686977,-0.6162473371836499,,,,,,,,2021,0.7578215558252004,135,0.6861994652849495,0.18115374311286475,0.39536632977894365,5,Штатное развитие,неизвестно
EXT-ZGD-0001,2021-05-16,,,,,,,,,,,2021,,136,,,,0,,неизвестно
EXT-ZGD-0001,2021-05-17,,,,,,,,,,,2021,,137,,,,0,,неизвестно
EXT-ZGD-0001,2021-05-18,,,,,,,,,,,2021,,138,,,,0,,неизвестно
EXT-ZGD-0001,2021-05-19,,,,,,,,,,,2021,,139,,,,0,,неизвестно
EXT-ZGD-0001,2021-05-20,0.8477190829312938,0.6758201895942288,-0.680589808282489,,,,,,,,2021,0.8477190829312938,140,0.7160192389163765,0.15299444624626338,0.8608145409600699,5,Штатное развитие,неизвестно
EXT-ZGD-0001,2021-05-21,,,,,,,,,,,2021,,141,,,,0,,неизвестно
EXT-ZGD-0001,2021-05-22,,,,,,,,,,,2021,,142,,,,0,,неизвестно
EXT-ZGD-0001,2021-05-23,,,,,,,,,,,2021,,143,,,,0,,неизвестно
EXT-ZGD-0001,2021-05-24,,,,,,,,,,,2021,,144,,,,0,,неизвестно
EXT-ZGD-0001,2021-05-25,,,,,,,,,,,2021,,145,,,,0,,неизвестно
EXT-ZGD-0001,2021-05-26,,,,,,,,,,,2021,,146,,,,0,,неизвестно
EXT-ZGD-0001,2021-05-27,,,,,,,,,,,2021,,147,,,,0,,неизвестно
EXT-ZGD-0001,2021-05-28,,,,,,,,,,,2021,,148,,,,0,,неизвестно
EXT-ZGD-0001,2021-05-29,,,,,,,,,,,2021,,149,,,,0,,неизвестно
EXT-ZGD-0001,2021-05-30,,,,,,,,,,,2021,,150,,,,0,,неизвестно
EXT-ZGD-0001,2021-05-31,,,,,,,,,,,2021,,151,,,,0,,неизвестно
EXT-ZGD-0001,2021-06-01,,,,,,,,,,,2021,,152,,,,0,,неизвестно
EXT-ZGD-0001,2021-06-02,,,,,,,,,,,2021,,153,,,,0,,неизвестно
EXT-ZGD-0001,2021-06-03,,,,,,,,,,,2021,,154,,,,0,,неизвестно
EXT-ZGD-0001,2021-06-04,,,,,,,,,,,2021,,155,,,,0,,неизвестно
EXT-ZGD-0001,2021-06-05,,,,,,,,,,,2021,,156,,,,0,,неизвестно
EXT-ZGD-0001,2021-06-06,,,,,,,,,,,2021,,157,,,,0,,неизвестно
EXT-ZGD-0001,2021-06-07,,,,,,,,,,,2021,,158,,,,0,,неизвестно
EXT-ZGD-0001,2021-06-08,,,,,,,,,,,2021,,159,,,,0,,неизвестно
EXT-ZGD-0001,2021-06-09,,,,,,,,,,,2021,,160,,,,0,,неизвестно
EXT-ZGD-0001,2021-06-10,,,,,,,,,,,2021,,161,,,,0,,неизвестно
EXT-ZGD-0001,2021-06-11,,,,,,,,,,,2021,,162,,,,0,,неизвестно
EXT-ZGD-0001,2021-06-12,,,,,,,,,,,2021,,163,,,,0,,неизвестно
EXT-ZGD-0001,2021-06-13,,,,,,,,,,,2021,,164,,,,0,,неизвестно
EXT-ZGD-0001,2021-06-14,0.8535087815520528,0.7969655430641354,-0.7207238703432248,,,,,,,,2021,0.8535087815520528,165,0.49731869290544223,0.21268914856429735,1.6746979855388904,5,Штатное развитие,неизвестно
EXT-ZGD-0001,2021-06-15,,,,,,,,,,,2021,,166,,,,0,,неизвестно
EXT-ZGD-0001,2021-06-16,,,,,,,,,,,2021,,167,,,,0,,неизвестно
EXT-ZGD-0001,2021-06-17,,,,,,,,,,,2021,,168,,,,0,,неизвестно
EXT-ZGD-0001,2021-06-18,,,,,,,,,,,2021,,169,,,,0,,неизвестно
EXT-ZGD-0001,2021-06-19,0.8545090241800519,0.6660045474518002,-0.7241046877367753,,,,,,,,2021,0.8545090241800519,170,0.4697600896618659,0.229090608387341,1.679461839254718,5,Штатное развитие,неизвестно
EXT-ZGD-0001,2021-06-20,,,,,,,,,,,2021,,171,,,,0,,неизвестно
EXT-ZGD-0001,2021-06-21,,,,,,,,,,,2021,,172,,,,0,,неизвестно
EXT-ZGD-0001,2021-06-22,,,,,,,,,,,2021,,173,,,,0,,неизвестно
EXT-ZGD-0001,2021-06-23,,,,,,,,,,,2021,,174,,,,0,,неизвестно
EXT-ZGD-0001,2021-06-24,,,,,,,,,,,2021,,175,,,,0,,неизвестно
EXT-ZGD-0001,2021-06-25,,,,,,,,,,,2021,,176,,,,0,,неизвестно
EXT-ZGD-0001,2021-06-26,,,,,,,,,,,2021,,177,,,,0,,неизвестно
EXT-ZGD-0001,2021-06-27,,,,,,,,,,,2021,,178,,,,0,,неизвестно
EXT-ZGD-0001,2021-06-28,,,,,,,,,,,2021,,179,,,,0,,неизвестно
EXT-ZGD-0001,2021-06-29,,,,,,,,,,,2021,,180,,,,0,,неизвестно
EXT-ZGD-0001,2021-06-30,,,,,,,,,,,2021,,181,,,,0,,неизвестно
EXT-ZGD-0001,2021-07-01,,,,,,,,,,,2021,,182,,,,0,,неизвестно
EXT-ZGD-0001,2021-07-02,,,,,,,,,,,2021,,183,,,,0,,неизвестно
EXT-ZGD-0001,2021-07-03,,,,,,,,,,,2021,,184,,,,0,,неизвестно
EXT-ZGD-0001,2021-07-04,,,,,,,,,,,2021,,185,,,,0,,неизвестно
EXT-ZGD-0001,2021-07-05,,,,,,,,,,,2021,,186,,,,0,,неизвестно
EXT-ZGD-0001,2021-07-06,,,,,,,,,,,2021,,187,,,,0,,неизвестно
EXT-ZGD-0001,2021-07-07,,,,,,,,,,,2021,,188,,,,0,,неизвестно
EXT-ZGD-0001,2021-07-08,,,,,,,,,,,2021,,189,,,,0,,неизвестно
EXT-ZGD-0001,2021-07-09,0.4512296239858842,0.26942125627294555,-0.5136498345928913,,,,,,,,2021,0.4512296239858842,190,0.27227189117457695,0.12879047936204951,1.389526102377723,5,Штатное развитие,неизвестно
EXT-ZGD-0001,2021-07-10,,,,,,,,,,,2021,,191,,,,0,,неизвестно
EXT-ZGD-0001,2021-07-11,,,,,,,,,,,2021,,192,,,,0,,неизвестно
EXT-ZGD-0001,2021-07-12,,,,,,,,,,,2021,,193,,,,0,,неизвестно
EXT-ZGD-0001,2021-07-13,,,,,,,,,,,2021,,194,,,,0,,неизвестно
EXT-ZGD-0001,2021-07-14,0.3202627013958142,0.2070716981368116,-0.4374283106651527,,,,,,,,2021,0.3202627013958142,195,0.25252882730389237,0.1192813352057921,0.5678497308490289,5,Штатное развитие,неизвестно
EXT-ZGD-0001,2021-07-15,,,,,,,,,,,2021,,196,,,,0,,неизвестно
EXT-ZGD-0001,2021-07-16,,,,,,,,,,,2021,,197,,,,0,,неизвестно
EXT-ZGD-0001,2021-07-17,,,,,,,,,,,2021,,198,,,,0,,неизвестно
EXT-ZGD-0001,2021-07-18,,,,,,,,,,,2021,,199,,,,0,,неизвестно
EXT-ZGD-0001,2021-07-19,0.2519058078563935,0.1738225930762419,-0.42180765851768165,,,,,,,,2021,0.2519058078563935,200,0.24280009684946544,0.10537523604238234,0.08641224778149682,5,Штатное развитие,неизвестно
EXT-ZGD-0001,2021-07-20,,,,,,,,,,,2021,,201,,,,0,,неизвестно
EXT-ZGD-0001,2021-07-21,,,,,,,,,,,2021,,202,,,,0,,неизвестно
EXT-ZGD-0001,2021-07-22,,,,,,,,,,,2021,,203,,,,0,,неизвестно
EXT-ZGD-0001,2021-07-23,,,,,,,,,,,2021,,204,,,,0,,неизвестно
EXT-ZGD-0001,2021-07-24,0.23631390373574465,0.15426542014011319,-0.40623676931560365,,,,,,,,2021,0.23631390373574465,205,0.24036712149797493,0.10621745680414285,-0.038159619747854735,5,Штатное развитие,неизвестно
EXT-ZGD-0001,2021-07-25,,,,,,,,,,,2021,,206,,,,0,,неизвестно
EXT-ZGD-0001,2021-07-26,,,,,,,,,,,2021,,207,,,,0,,неизвестно
EXT-ZGD-0001,2021-07-27,,,,,,,,,,,2021,,208,,,,0,,неизвестно
EXT-ZGD-0001,2021-07-28,,,,,,,,,,,2021,,209,,,,0,,неизвестно
EXT-ZGD-0001,2021-07-29,,,,,,,,,,,2021,,210,,,,0,,неизвестно
EXT-ZGD-0001,2021-07-30,,,,,,,,,,,2021,,211,,,,0,,неизвестно
EXT-ZGD-0001,2021-07-31,,,,,,,,,,,2021,,212,,,,0,,неизвестно
EXT-ZGD-0001,2021-08-01,,,,,,,,,,,2021,,213,,,,0,,неизвестно
EXT-ZGD-0001,2021-08-02,,,,,,,,,,,2021,,214,,,,0,,неизвестно
EXT-ZGD-0001,2021-08-03,,,,,,,,,,,2021,,215,,,,0,,неизвестно
EXT-ZGD-0001,2021-08-04,,,,,,,,,,,2021,,216,,,,0,,неизвестно
EXT-ZGD-0001,2021-08-05,,,,,,,,,,,2021,,217,,,,0,,неизвестно
EXT-ZGD-0001,2021-08-06,,,,,,,,,,,2021,,218,,,,0,,неизвестно
EXT-ZGD-0001,2021-08-07,,,,,,,,,,,2021,,219,,,,0,,неизвестно
EXT-ZGD-0001,2021-08-08,0.15035974069537184,0.0717765983060389,-0.30475946508001106,,,,,,,,2021,0.15035974069537184,220,0.23787370494454638,0.08626338630816414,-1.0144972043706106,5,Угнетение биомассы,неизвестно
EXT-ZGD-0001,2021-08-09,,,,,,,,,,,2021,,221,,,,0,,неизвестно
EXT-ZGD-0001,2021-08-10,,,,,,,,,,,2021,,222,,,,0,,неизвестно
EXT-ZGD-0001,2021-08-11,,,,,,,,,,,2021,,223,,,,0,,неизвестно
EXT-ZGD-0001,2021-08-12,,,,,,,,,,,2021,,224,,,,0,,неизвестно
EXT-ZGD-0001,2021-08-13,,,,,,,,,,,2021,,225,,,,0,,неизвестно
EXT-ZGD-0001,2021-08-14,,,,,,,,,,,2021,,226,,,,0,,неизвестно
EXT-ZGD-0001,2021-08-15,,,,,,,,,,,2021,,227,,,,0,,неизвестно
EXT-ZGD-0001,2021-08-16,,,,,,,,,,,2021,,228,,,,0,,неизвестно
EXT-ZGD-0001,2021-08-17,,,,,,,,,,,2021,,229,,,,0,,неизвестно
EXT-ZGD-0001,2021-08-18,0.1699648327823912,0.0859789731341928,-0.306697131534726,,,,,,,,2021,0.1699648327823912,230,0.23217305256055612,0.08252402652753782,-0.7538194922833338,5,Штатное развитие,неизвестно
EXT-ZGD-0001,2021-08-19,,,,,,,,,,,2021,,231,,,,0,,неизвестно
EXT-ZGD-0001,2021-08-20,,,,,,,,,,,2021,,232,,,,0,,неизвестно
EXT-ZGD-0001,2021-08-21,,,,,,,,,,,2021,,233,,,,0,,неизвестно
EXT-ZGD-0001,2021-08-22,,,,,,,,,,,2021,,234,,,,0,,неизвестно
EXT-ZGD-0001,2021-08-23,,,,,,,,,,,2021,,235,,,,0,,неизвестно
EXT-ZGD-0001,2021-08-24,,,,,,,,,,,2021,,236,,,,0,,неизвестно
EXT-ZGD-0001,2021-08-25,,,,,,,,,,,2021,,237,,,,0,,неизвестно
EXT-ZGD-0001,2021-08-26,,,,,,,,,,,2021,,238,,,,0,,неизвестно
EXT-ZGD-0001,2021-08-27,,,,,,,,,,,2021,,239,,,,0,,неизвестно
EXT-ZGD-0001,2021-08-28,0.15233623471978075,0.06840450049340535,-0.29880339363861974,,,,,,,,2021,0.15233623471978075,240,0.22728443429376355,0.07782637607291505,-0.9630179812530946,5,Штатное развитие,неизвестно
EXT-ZGD-0001,2021-08-29,,,,,,,,,,,2021,,241,,,,0,,неизвестно
EXT-ZGD-0001,2021-08-30,,,,,,,,,,,2021,,242,,,,0,,неизвестно
EXT-ZGD-0001,2021-08-31,,,,,,,,,,,2021,,243,,,,0,,неизвестно
EXT-ZGD-0001,2021-09-01,,,,,,,,,,,2021,,244,,,,0,,неизвестно
EXT-ZGD-0001,2021-09-02,,,,,,,,,,,2021,,245,,,,0,,неизвестно
EXT-ZGD-0001,2021-09-03,,,,,,,,,,,2021,,246,,,,0,,неизвестно
EXT-ZGD-0001,2021-09-04,,,,,,,,,,,2021,,247,,,,0,,неизвестно
EXT-ZGD-0001,2021-09-05,,,,,,,,,,,2021,,248,,,,0,,неизвестно
EXT-ZGD-0001,2021-09-06,,,,,,,,,,,2021,,249,,,,0,,неизвестно
EXT-ZGD-0001,2021-09-07,,,,,,,,,,,2021,,250,,,,0,,неизвестно
EXT-ZGD-0001,2021-09-08,,,,,,,,,,,2021,,251,,,,0,,неизвестно
EXT-ZGD-0001,2021-09-09,,,,,,,,,,,2021,,252,,,,0,,неизвестно
EXT-ZGD-0001,2021-09-10,,,,,,,,,,,2021,,253,,,,0,,неизвестно
EXT-ZGD-0001,2021-09-11,,,,,,,,,,,2021,,254,,,,0,,неизвестно
EXT-ZGD-0001,2021-09-12,,,,,,,,,,,2021,,255,,,,0,,неизвестно
EXT-ZGD-0001,2021-09-13,,,,,,,,,,,2021,,256,,,,0,,неизвестно
EXT-ZGD-0001,2021-09-14,,,,,,,,,,,2021,,257,,,,0,,неизвестно
EXT-ZGD-0001,2021-09-15,,,,,,,,,,,2021,,258,,,,0,,неизвестно
EXT-ZGD-0001,2021-09-16,,,,,,,,,,,2021,,259,,,,0,,неизвестно
EXT-ZGD-0001,2021-09-17,0.1659630241508703,0.07523354197325915,-0.31049502790329386,,,,,,,,2021,0.1659630241508703,260,0.19281977159297564,0.032078072403302856,-0.8372307133810224,5,Штатное развитие,неизвестно
EXT-ZGD-0001,2021-09-18,,,,,,,,,,,2021,,261,,,,0,,неизвестно
EXT-ZGD-0001,2021-09-19,,,,,,,,,,,2021,,262,,,,0,,неизвестно
EXT-ZGD-0001,2021-09-20,,,,,,,,,,,2021,,263,,,,0,,неизвестно
EXT-ZGD-0001,2021-09-21,,,,,,,,,,,2021,,264,,,,0,,неизвестно
EXT-ZGD-0001,2021-09-22,,,,,,,,,,,2021,,265,,,,0,,неизвестно
EXT-ZGD-0001,2021-09-23,,,,,,,,,,,2021,,266,,,,0,,неизвестно
EXT-ZGD-0001,2021-09-24,,,,,,,,,,,2021,,267,,,,0,,неизвестно
EXT-ZGD-0001,2021-09-25,,,,,,,,,,,2021,,268,,,,0,,неизвестно
EXT-ZGD-0001,2021-09-26,,,,,,,,,,,2021,,269,,,,0,,неизвестно
EXT-ZGD-0001,2021-09-27,0.1757969450143727,0.0681552819456876,-0.30079416863479597,,,,,,,,2021,0.1757969450143727,270,0.1971154122668995,0.04920170112030241,-0.43328719875764643,5,Штатное развитие,неизвестно
EXT-ZGD-0001,2021-09-28,,,,,,,,,,,2021,,271,,,,0,,неизвестно
EXT-ZGD-0001,2021-09-29,,,,,,,,,,,2021,,272,,,,0,,неизвестно
EXT-ZGD-0001,2021-09-30,,,,,,,,,,,2021,,273,,,,0,,неизвестно
EXT-ZGD-0001,2021-10-01,,,,,,,,,,,2021,,274,,,,0,,неизвестно
EXT-ZGD-0001,2021-10-02,0.179553107085313,0.08102289319739575,-0.3095277066982553,,,,,,,,2021,0.179553107085313,275,0.20156732358451418,0.05384433054948325,-0.4088492934083374,5,Штатное развитие,неизвестно
EXT-ZGD-0001,2021-10-03,,,,,,,,,,,2021,,276,,,,0,,неизвестно
EXT-ZGD-0001,2021-10-04,,,,,,,,,,,2021,,277,,,,0,,неизвестно
EXT-ZGD-0001,2021-10-05,,,,,,,,,,,2021,,278,,,,0,,неизвестно
EXT-ZGD-0001,2021-10-06,,,,,,,,,,,2021,,279,,,,0,,неизвестно
EXT-ZGD-0001,2021-10-07,0.18842686070429499,0.1079134766295057,-0.26662341817117235,,,,,,,,2021,0.18842686070429499,280,0.2029638716806946,0.05589893197879807,-0.26005883228526383,5,Штатное развитие,неизвестно
EXT-ZGD-0001,2021-10-08,,,,,,,,,,,2021,,281,,,,0,,неизвестно
EXT-ZGD-0001,2021-10-09,,,,,,,,,,,2021,,282,,,,0,,неизвестно
EXT-ZGD-0001,2021-10-10,,,,,,,,,,,2021,,283,,,,0,,неизвестно
EXT-ZGD-0001,2021-10-11,,,,,,,,,,,2021,,284,,,,0,,неизвестно
EXT-ZGD-0001,2021-10-12,,,,,,,,,,,2021,,285,,,,0,,неизвестно
EXT-ZGD-0001,2021-10-13,,,,,,,,,,,2021,,286,,,,0,,неизвестно
EXT-ZGD-0001,2021-10-14,,,,,,,,,,,2021,,287,,,,0,,неизвестно
EXT-ZGD-0001,2021-10-15,,,,,,,,,,,2021,,288,,,,0,,неизвестно
EXT-ZGD-0001,2021-10-16,,,,,,,,,,,2021,,289,,,,0,,неизвестно
EXT-ZGD-0001,2021-10-17,,,,,,,,,,,2021,,290,,,,0,,неизвестно
EXT-ZGD-0001,2021-10-18,,,,,,,,,,,2021,,291,,,,0,,неизвестно
EXT-ZGD-0001,2021-10-19,,,,,,,,,,,2021,,292,,,,0,,неизвестно
EXT-ZGD-0001,2021-10-20,,,,,,,,,,,2021,,293,,,,0,,неизвестно
EXT-ZGD-0001,2021-10-21,,,,,,,,,,,2021,,294,,,,0,,неизвестно
EXT-ZGD-0001,2021-10-22,0.1806216377131078,0.07764872386357524,-0.3291218224536365,,,,,,,,2021,0.1806216377131078,295,0.2065141909067549,0.06471930006319926,-0.4000746789344552,5,Штатное развитие,неизвестно
EXT-ZGD-0001,2021-10-23,,,,,,,,,,,2021,,296,,,,0,,неизвестно
EXT-ZGD-0001,2021-10-24,,,,,,,,,,,2021,,297,,,,0,,неизвестно
EXT-ZGD-0001,2021-10-25,,,,,,,,,,,2021,,298,,,,0,,неизвестно
EXT-ZGD-0001,2021-10-26,,,,,,,,,,,2021,,299,,,,0,,неизвестно
EXT-ZGD-0001,2021-10-27,0.19829611071460784,0.08156464082893465,-0.35257108667019177,,,,,,,,2021,0.19829611071460784,300,0.2103248974888863,0.0694835447075027,-0.17311705706602523,5,Штатное развитие,неизвестно
EXT-ZGD-0001,2021-10-28,,,,,,,,,,,2021,,301,,,,0,,неизвестно
EXT-ZGD-0001,2021-10-29,,,,,,,,,,,2021,,302,,,,0,,неизвестно
EXT-ZGD-0001,2021-10-30,,,,,,,,,,,2021,,303,,,,0,,неизвестно
EXT-ZGD-0001,2022-04-01,,,,,,,,,,,2022,,91,,,,0,,неизвестно
EXT-ZGD-0001,2022-04-02,,,,,,,,,,,2022,,92,,,,0,,неизвестно
EXT-ZGD-0001,2022-04-03,,,,,,,,,,,2022,,93,,,,0,,неизвестно
EXT-ZGD-0001,2022-04-04,,,,,,,,,,,2022,,94,,,,0,,неизвестно
EXT-ZGD-0001,2022-04-05,,,,,,,,,,,2022,,95,,,,0,,неизвестно
EXT-ZGD-0001,2022-04-06,,,,,,,,,,,2022,,96,,,,0,,неизвестно
EXT-ZGD-0001,2022-04-07,,,,,,,,,,,2022,,97,,,,0,,неизвестно
EXT-ZGD-0001,2022-04-08,,,,,,,,,,,2022,,98,,,,0,,неизвестно
EXT-ZGD-0001,2022-04-09,,,,,,,,,,,2022,,99,,,,0,,неизвестно
EXT-ZGD-0001,2022-04-10,,,,,,,,,,,2022,,100,,,,0,,неизвестно
EXT-ZGD-0001,2022-04-11,,,,,,,,,,,2022,,101,,,,0,,неизвестно
EXT-ZGD-0001,2022-04-12,,,,,,,,,,,2022,,102,,,,0,,неизвестно
EXT-ZGD-0001,2022-04-13,,,,,,,,,,,2022,,103,,,,0,,неизвестно
EXT-ZGD-0001,2022-04-14,,,,,,,,,,,2022,,104,,,,0,,неизвестно
EXT-ZGD-0001,2022-04-15,,,,,,,,,,,2022,,105,,,,0,,неизвестно
EXT-ZGD-0001,2022-04-16,,,,,,,,,,,2022,,106,,,,0,,неизвестно
EXT-ZGD-0001,2022-04-17,,,,,,,,,,,2022,,107,,,,0,,неизвестно
EXT-ZGD-0001,2022-04-18,,,,,,,,,,,2022,,108,,,,0,,неизвестно
EXT-ZGD-0001,2022-04-19,,,,,,,,,,,2022,,109,,,,0,,неизвестно
EXT-ZGD-0001,2022-04-20,,,,,,,,,,,2022,,110,,,,0,,неизвестно
EXT-ZGD-0001,2022-04-21,,,,,,,,,,,2022,,111,,,,0,,неизвестно
EXT-ZGD-0001,2022-04-22,,,,,,,,,,,2022,,112,,,,0,,неизвестно
EXT-ZGD-0001,2022-04-23,,,,,,,,,,,2022,,113,,,,0,,неизвестно
EXT-ZGD-0001,2022-04-24,,,,,,,,,,,2022,,114,,,,0,,неизвестно
EXT-ZGD-0001,2022-04-25,0.3044970996099745,0.16587892065908194,-0.3476136136055873,,,,,,,,2022,0.3044970996099745,115,0.5784170909085489,0.24873461674537742,-1.1012539986703118,5,Угнетение биомассы,неизвестно
EXT-ZGD-0001,2022-04-26,,,,,,,,,,,2022,,116,,,,0,,неизвестно
EXT-ZGD-0001,2022-04-27,,,,,,,,,,,2022,,117,,,,0,,неизвестно
EXT-ZGD-0001,2022-04-28,,,,,,,,,,,2022,,118,,,,0,,неизвестно
EXT-ZGD-0001,2022-04-29,,,,,,,,,,,2022,,119,,,,0,,неизвестно
EXT-ZGD-0001,2022-04-30,,,,,,,,,,,2022,,120,,,,0,,неизвестно
EXT-ZGD-0001,2022-05-01,,,,,,,,,,,2022,,121,,,,0,,неизвестно
EXT-ZGD-0001,2022-05-02,,,,,,,,,,,2022,,122,,,,0,,неизвестно
EXT-ZGD-0001,2022-05-03,,,,,,,,,,,2022,,123,,,,0,,неизвестно
EXT-ZGD-0001,2022-05-04,,,,,,,,,,,2022,,124,,,,0,,неизвестно
EXT-ZGD-0001,2022-05-05,,,,,,,,,,,2022,,125,,,,0,,неизвестно
EXT-ZGD-0001,2022-05-06,,,,,,,,,,,2022,,126,,,,0,,неизвестно
EXT-ZGD-0001,2022-05-07,,,,,,,,,,,2022,,127,,,,0,,неизвестно
EXT-ZGD-0001,2022-05-08,,,,,,,,,,,2022,,128,,,,0,,неизвестно
EXT-ZGD-0001,2022-05-09,,,,,,,,,,,2022,,129,,,,0,,неизвестно
EXT-ZGD-0001,2022-05-10,0.5389469274436808,0.36749957285819485,-0.49206428874671027,,,,,,,,2022,0.5389469274436808,130,0.7174248082894131,0.1717805622936236,-1.0389876390127368,5,Угнетение биомассы,неизвестно
EXT-ZGD-0001,2022-05-11,,,,,,,,,,,2022,,131,,,,0,,неизвестно
EXT-ZGD-0001,2022-05-12,,,,,,,,,,,2022,,132,,,,0,,неизвестно
EXT-ZGD-0001,2022-05-13,,,,,,,,,,,2022,,133,,,,0,,неизвестно
EXT-ZGD-0001,2022-05-14,,,,,,,,,,,2022,,134,,,,0,,неизвестно
EXT-ZGD-0001,2022-05-15,0.5508351073662088,0.4061150424584258,-0.5019413683641973,,,,,,,,2022,0.5508351073662088,135,0.7302980917319478,0.15752380733097787,-1.1392753095959909,5,Угнетение биомассы,неизвестно
EXT-ZGD-0001,2022-05-16,,,,,,,,,,,2022,,136,,,,0,,неизвестно
EXT-ZGD-0001,2022-05-17,,,,,,,,,,,2022,,137,,,,0,,неизвестно
EXT-ZGD-0001,2022-05-18,,,,,,,,,,,2022,,138,,,,0,,неизвестно
EXT-ZGD-0001,2022-05-19,,,,,,,,,,,2022,,139,,,,0,,неизвестно
EXT-ZGD-0001,2022-05-20,,,,,,,,,,,2022,,140,,,,0,,неизвестно
EXT-ZGD-0001,2022-05-21,,,,,,,,,,,2022,,141,,,,0,,неизвестно
EXT-ZGD-0001,2022-05-22,,,,,,,,,,,2022,,142,,,,0,,неизвестно
EXT-ZGD-0001,2022-05-23,,,,,,,,,,,2022,,143,,,,0,,неизвестно
EXT-ZGD-0001,2022-05-24,,,,,,,,,,,2022,,144,,,,0,,неизвестно
EXT-ZGD-0001,2022-05-25,,,,,,,,,,,2022,,145,,,,0,,неизвестно
EXT-ZGD-0001,2022-05-26,,,,,,,,,,,2022,,146,,,,0,,неизвестно
EXT-ZGD-0001,2022-05-27,,,,,,,,,,,2022,,147,,,,0,,неизвестно
EXT-ZGD-0001,2022-05-28,,,,,,,,,,,2022,,148,,,,0,,неизвестно
EXT-ZGD-0001,2022-05-29,,,,,,,,,,,2022,,149,,,,0,,неизвестно
EXT-ZGD-0001,2022-05-30,0.6776822807161778,0.4611128351730247,-0.603464492856034,,,,,,,,2022,0.6776822807161778,150,0.7246452806094602,0.15791847768080794,-0.2973876178581598,5,Штатное развитие,неизвестно
EXT-ZGD-0001,2022-05-31,,,,,,,,,,,2022,,151,,,,0,,неизвестно
EXT-ZGD-0001,2022-06-01,,,,,,,,,,,2022,,152,,,,0,,неизвестно
EXT-ZGD-0001,2022-06-02,,,,,,,,,,,2022,,153,,,,0,,неизвестно
EXT-ZGD-0001,2022-06-03,,,,,,,,,,,2022,,154,,,,0,,неизвестно
EXT-ZGD-0001,2022-06-04,,,,,,,,,,,2022,,155,,,,0,,неизвестно
EXT-ZGD-0001,2022-06-05,,,,,,,,,,,2022,,156,,,,0,,неизвестно
EXT-ZGD-0001,2022-06-06,,,,,,,,,,,2022,,157,,,,0,,неизвестно
EXT-ZGD-0001,2022-06-07,,,,,,,,,,,2022,,158,,,,0,,неизвестно
EXT-ZGD-0001,2022-06-08,,,,,,,,,,,2022,,159,,,,0,,неизвестно
EXT-ZGD-0001,2022-06-09,0.6854837878186657,0.45758965232916227,-0.6429064100069826,,,,,,,,2022,0.6854837878186657,160,0.6160550847129879,0.22279285569265211,0.3116289473907383,5,Штатное развитие,неизвестно
EXT-ZGD-0001,2022-06-10,,,,,,,,,,,2022,,161,,,,0,,неизвестно
EXT-ZGD-0001,2022-06-11,,,,,,,,,,,2022,,162,,,,0,,неизвестно
EXT-ZGD-0001,2022-06-12,,,,,,,,,,,2022,,163,,,,0,,неизвестно
EXT-ZGD-0001,2022-06-13,,,,,,,,,,,2022,,164,,,,0,,неизвестно
EXT-ZGD-0001,2022-06-14,,,,,,,,,,,2022,,165,,,,0,,неизвестно
EXT-ZGD-0001,2022-06-15,,,,,,,,,,,2022,,166,,,,0,,неизвестно
EXT-ZGD-0001,2022-06-16,,,,,,,,,,,2022,,167,,,,0,,неизвестно
EXT-ZGD-0001,2022-06-17,,,,,,,,,,,2022,,168,,,,0,,неизвестно
EXT-ZGD-0001,2022-06-18,,,,,,,,,,,2022,,169,,,,0,,неизвестно
EXT-ZGD-0001,2022-06-19,0.40630160293647766,0.24826563715172364,-0.5860701740119572,,,,,,,,2022,0.40630160293647766,170,0.5134981175592831,0.23872384965645221,-0.44903982060054776,5,Штатное развитие,неизвестно
EXT-ZGD-0001,2022-06-20,,,,,,,,,,,2022,,171,,,,0,,неизвестно
EXT-ZGD-0001,2022-06-21,,,,,,,,,,,2022,,172,,,,0,,неизвестно
EXT-ZGD-0001,2022-06-22,,,,,,,,,,,2022,,173,,,,0,,неизвестно
EXT-ZGD-0001,2022-06-23,,,,,,,,,,,2022,,174,,,,0,,неизвестно
EXT-ZGD-0001,2022-06-24,,,,,,,,,,,2022,,175,,,,0,,неизвестно
EXT-ZGD-0001,2022-06-25,,,,,,,,,,,2022,,176,,,,0,,неизвестно
EXT-ZGD-0001,2022-06-26,,,,,,,,,,,2022,,177,,,,0,,неизвестно
EXT-ZGD-0001,2022-06-27,,,,,,,,,,,2022,,178,,,,0,,неизвестно
EXT-ZGD-0001,2022-06-28,,,,,,,,,,,2022,,179,,,,0,,неизвестно
EXT-ZGD-0001,2022-06-29,0.21288787478828,0.1407697953830431,-0.39166177610923114,,,,,,,,2022,0.21288787478828,180,0.41610837131804135,0.2273378568087722,-0.8939140158284441,5,Штатное развитие,неизвестно
EXT-ZGD-0001,2022-06-30,,,,,,,,,,,2022,,181,,,,0,,неизвестно
EXT-ZGD-0001,2022-07-01,,,,,,,,,,,2022,,182,,,,0,,неизвестно
EXT-ZGD-0001,2022-07-02,,,,,,,,,,,2022,,183,,,,0,,неизвестно
EXT-ZGD-0001,2022-07-03,,,,,,,,,,,2022,,184,,,,0,,неизвестно
EXT-ZGD-0001,2022-07-04,,,,,,,,,,,2022,,185,,,,0,,неизвестно
EXT-ZGD-0001,2022-07-05,,,,,,,,,,,2022,,186,,,,0,,неизвестно
EXT-ZGD-0001,2022-07-06,,,,,,,,,,,2022,,187,,,,0,,неизвестно
EXT-ZGD-0001,2022-07-07,,,,,,,,,,,2022,,188,,,,0,,неизвестно
EXT-ZGD-0001,2022-07-08,,,,,,,,,,,2022,,189,,,,0,,неизвестно
EXT-ZGD-0001,2022-07-09,0.15417544903894137,0.09772910717625005,-0.28898773697787655,,,,,,,,2022,0.15417544903894137,190,0.31832217934092333,0.1698062236985505,-0.9666708718131817,5,Штатное развитие,неизвестно
EXT-ZGD-0001,2022-07-10,,,,,,,,,,,2022,,191,,,,0,,неизвестно
EXT-ZGD-0001,2022-07-11,,,,,,,,,,,2022,,192,,,,0,,неизвестно
EXT-ZGD-0001,2022-07-12,,,,,,,,,,,2022,,193,,,,0,,неизвестно
EXT-ZGD-0001,2022-07-13,,,,,,,,,,,2022,,194,,,,0,,неизвестно
EXT-ZGD-0001,2022-07-14,,,,,,,,,,,2022,,195,,,,0,,неизвестно
EXT-ZGD-0001,2022-07-15,,,,,,,,,,,2022,,196,,,,0,,неизвестно
EXT-ZGD-0001,2022-07-16,,,,,,,,,,,2022,,197,,,,0,,неизвестно
EXT-ZGD-0001,2022-07-17,,,,,,,,,,,2022,,198,,,,0,,неизвестно
EXT-ZGD-0001,2022-07-18,,,,,,,,,,,2022,,199,,,,0,,неизвестно
EXT-ZGD-0001,2022-07-19,0.16591431455359565,0.09971508795345571,-0.2949368724752584,,,,,,,,2022,0.16591431455359565,200,0.26934774859232624,0.11084545364607999,-0.9331319475581259,5,Штатное развитие,неизвестно
EXT-ZGD-0001,2022-07-20,,,,,,,,,,,2022,,201,,,,0,,неизвестно
EXT-ZGD-0001,2022-07-21,,,,,,,,,,,2022,,202,,,,0,,неизвестно
EXT-ZGD-0001,2022-07-22,,,,,,,,,,,2022,,203,,,,0,,неизвестно
EXT-ZGD-0001,2022-07-23,,,,,,,,,,,2022,,204,,,,0,,неизвестно
EXT-ZGD-0001,2022-07-24,,,,,,,,,,,2022,,205,,,,0,,неизвестно
EXT-ZGD-0001,2022-07-25,,,,,,,,,,,2022,,206,,,,0,,неизвестно
EXT-ZGD-0001,2022-07-26,,,,,,,,,,,2022,,207,,,,0,,неизвестно
EXT-ZGD-0001,2022-07-27,,,,,,,,,,,2022,,208,,,,0,,неизвестно
EXT-ZGD-0001,2022-07-28,,,,,,,,,,,2022,,209,,,,0,,неизвестно
EXT-ZGD-0001,2022-07-29,0.1618354801769743,0.11915168590531415,-0.2851288481817103,,,,,,,,2022,0.1618354801769743,210,0.2705833555055614,0.10196370627507138,-1.0665351358964317,5,Угнетение биомассы,неизвестно
EXT-ZGD-0001,2022-07-30,,,,,,,,,,,2022,,211,,,,0,,неизвестно
EXT-ZGD-0001,2022-07-31,,,,,,,,,,,2022,,212,,,,0,,неизвестно
EXT-ZGD-0001,2022-08-01,,,,,,,,,,,2022,,213,,,,0,,неизвестно
EXT-ZGD-0001,2022-08-02,,,,,,,,,,,2022,,214,,,,0,,неизвестно
EXT-ZGD-0001,2022-08-03,0.19817260822398436,0.17962030663325496,-0.23149191742321606,,,,,,,,2022,0.19817260822398436,215,0.2642188394813041,0.09208146997158125,-0.7172586545121763,5,Штатное развитие,неизвестно
EXT-ZGD-0001,2022-08-04,,,,,,,,,,,2022,,216,,,,0,,неизвестно
EXT-ZGD-0001,2022-08-05,,,,,,,,,,,2022,,217,,,,0,,неизвестно
EXT-ZGD-0001,2022-08-06,,,,,,,,,,,2022,,218,,,,0,,неизвестно
EXT-ZGD-0001,2022-08-07,,,,,,,,,,,2022,,219,,,,0,,неизвестно
EXT-ZGD-0001,2022-08-08,0.1758378093939605,0.08391961861969424,-0.31256824049085763,,,,,,,,2022,0.1758378093939605,220,0.24877740432705833,0.08574662104957195,-0.8506410403149287,5,Штатное развитие,неизвестно
EXT-ZGD-0001,2022-08-09,,,,,,,,,,,2022,,221,,,,0,,неизвестно
EXT-ZGD-0001,2022-08-10,,,,,,,,,,,2022,,222,,,,0,,неизвестно
EXT-ZGD-0001,2022-08-11,,,,,,,,,,,2022,,223,,,,0,,неизвестно
EXT-ZGD-0001,2022-08-12,,,,,,,,,,,2022,,224,,,,0,,неизвестно
EXT-ZGD-0001,2022-08-13,0.1580878524613762,0.0751000159909613,-0.30122981086881995,,,,,,,,2022,0.1580878524613762,225,0.245682304282307,0.08502456750701974,-1.0302251971313927,5,Угнетение биомассы,неизвестно
EXT-ZGD-0001,2022-08-14,,,,,,,,,,,2022,,226,,,,0,,неизвестно
EXT-ZGD-0001,2022-08-15,,,,,,,,,,,2022,,227,,,,0,,неизвестно
EXT-ZGD-0001,2022-08-16,,,,,,,,,,,2022,,228,,,,0,,неизвестно
EXT-ZGD-0001,2022-08-17,,,,,,,,,,,2022,,229,,,,0,,неизвестно
EXT-ZGD-0001,2022-08-18,,,,,,,,,,,2022,,230,,,,0,,неизвестно
EXT-ZGD-0001,2022-08-19,,,,,,,,,,,2022,,231,,,,0,,неизвестно
EXT-ZGD-0001,2022-08-20,,,,,,,,,,,2022,,232,,,,0,,неизвестно
EXT-ZGD-0001,2022-08-21,,,,,,,,,,,2022,,233,,,,0,,неизвестно
EXT-ZGD-0001,2022-08-22,,,,,,,,,,,2022,,234,,,,0,,неизвестно
EXT-ZGD-0001,2022-08-23,0.1657990795248838,0.0820373964513458,-0.3105485952503842,,,,,,,,2022,0.1657990795248838,235,0.23801417161341348,0.08168658671712778,-0.884050796963804,5,Штатное развитие,неизвестно
EXT-ZGD-0001,2022-08-24,,,,,,,,,,,2022,,236,,,,0,,неизвестно
EXT-ZGD-0001,2022-08-25,,,,,,,,,,,2022,,237,,,,0,,неизвестно
EXT-ZGD-0001,2022-08-26,,,,,,,,,,,2022,,238,,,,0,,неизвестно
EXT-ZGD-0001,2022-08-27,,,,,,,,,,,2022,,239,,,,0,,неизвестно
EXT-ZGD-0001,2022-08-28,0.16019569954622595,0.08502419203209796,-0.28613032666030414,,,,,,,,2022,0.16019569954622595,240,0.23137781123258003,0.07867824916446588,-0.9047241447576931,5,Штатное развитие,неизвестно
EXT-ZGD-0001,2022-08-29,,,,,,,,,,,2022,,241,,,,0,,неизвестно
EXT-ZGD-0001,2022-08-30,,,,,,,,,,,2022,,242,,,,0,,неизвестно
EXT-ZGD-0001,2022-08-31,,,,,,,,,,,2022,,243,,,,0,,неизвестно
EXT-ZGD-0001,2022-09-01,,,,,,,,,,,2022,,244,,,,0,,неизвестно
EXT-ZGD-0001,2022-09-02,0.14839171082910568,0.05659770806660375,-0.29154364440494884,,,,,,,,2022,0.14839171082910568,245,0.22317041976340188,0.06948420221052554,-1.0761972729819822,5,Угнетение биомассы,неизвестно
EXT-ZGD-0001,2022-09-03,,,,,,,,,,,2022,,246,,,,0,,неизвестно
EXT-ZGD-0001,2022-09-04,,,,,,,,,,,2022,,247,,,,0,,неизвестно
EXT-ZGD-0001,2022-09-05,,,,,,,,,,,2022,,248,,,,0,,неизвестно
EXT-ZGD-0001,2022-09-06,,,,,,,,,,,2022,,249,,,,0,,неизвестно
EXT-ZGD-0001,2022-09-07,0.16207924101589594,0.0770412153076358,-0.27632879056185156,,,,,,,,2022,0.16207924101589594,250,0.20990445585028936,0.055748445119000484,-0.8578753135142306,5,Штатное развитие,неизвестно
EXT-ZGD-0001,2022-09-08,,,,,,,,,,,2022,,251,,,,0,,неизвестно
EXT-ZGD-0001,2022-09-09,,,,,,,,,,,2022,,252,,,,0,,неизвестно
EXT-ZGD-0001,2022-09-10,,,,,,,,,,,2022,,253,,,,0,,неизвестно
EXT-ZGD-0001,2022-09-11,,,,,,,,,,,2022,,254,,,,0,,неизвестно
EXT-ZGD-0001,2022-09-12,,,,,,,,,,,2022,,255,,,,0,,неизвестно
EXT-ZGD-0001,2022-09-13,,,,,,,,,,,2022,,256,,,,0,,неизвестно
EXT-ZGD-0001,2022-09-14,,,,,,,,,,,2022,,257,,,,0,,неизвестно
EXT-ZGD-0001,2022-09-15,,,,,,,,,,,2022,,258,,,,0,,неизвестно
EXT-ZGD-0001,2022-09-16,,,,,,,,,,,2022,,259,,,,0,,неизвестно
EXT-ZGD-0001,2022-09-17,,,,,,,,,,,2022,,260,,,,0,,неизвестно
EXT-ZGD-0001,2022-09-18,,,,,,,,,,,2022,,261,,,,0,,неизвестно
EXT-ZGD-0001,2022-09-19,,,,,,,,,,,2022,,262,,,,0,,неизвестно
EXT-ZGD-0001,2022-09-20,,,,,,,,,,,2022,,263,,,,0,,неизвестно
EXT-ZGD-0001,2022-09-21,,,,,,,,,,,2022,,264,,,,0,,неизвестно
EXT-ZGD-0001,2022-09-22,,,,,,,,,,,2022,,265,,,,0,,неизвестно
EXT-ZGD-0001,2022-09-23,,,,,,,,,,,2022,,266,,,,0,,неизвестно
EXT-ZGD-0001,2022-09-24,,,,,,,,,,,2022,,267,,,,0,,неизвестно
EXT-ZGD-0001,2022-09-25,,,,,,,,,,,2022,,268,,,,0,,неизвестно
EXT-ZGD-0001,2022-09-26,,,,,,,,,,,2022,,269,,,,0,,неизвестно
EXT-ZGD-0001,2022-09-27,,,,,,,,,,,2022,,270,,,,0,,неизвестно
EXT-ZGD-0001,2022-09-28,,,,,,,,,,,2022,,271,,,,0,,неизвестно
EXT-ZGD-0001,2022-09-29,,,,,,,,,,,2022,,272,,,,0,,неизвестно
EXT-ZGD-0001,2022-09-30,,,,,,,,,,,2022,,273,,,,0,,неизвестно
EXT-ZGD-0001,2022-10-01,,,,,,,,,,,2022,,274,,,,0,,неизвестно
EXT-ZGD-0001,2022-10-02,0.16395279766550763,0.06738588303723325,-0.26269383878919317,,,,,,,,2022,0.16395279766550763,275,0.18587445062654417,0.030320359899249964,-0.7230010802602254,5,Штатное развитие,неизвестно
EXT-ZGD-0001,2022-10-03,,,,,,,,,,,2022,,276,,,,0,,неизвестно
EXT-ZGD-0001,2022-10-04,,,,,,,,,,,2022,,277,,,,0,,неизвестно
EXT-ZGD-0001,2022-10-05,,,,,,,,,,,2022,,278,,,,0,,неизвестно
EXT-ZGD-0001,2022-10-06,,,,,,,,,,,2022,,279,,,,0,,неизвестно
EXT-ZGD-0001,2022-10-07,0.2031341885877036,0.06540344721031785,-0.33493155200315095,,,,,,,,2022,0.2031341885877036,280,0.186592310925256,0.031735097931657824,0.5212486723082083,5,Штатное развитие,неизвестно
EXT-ZGD-0001,2022-10-08,,,,,,,,,,,2022,,281,,,,0,,неизвестно
EXT-ZGD-0001,2022-10-09,,,,,,,,,,,2022,,282,,,,0,,неизвестно
EXT-ZGD-0001,2022-10-10,,,,,,,,,,,2022,,283,,,,0,,неизвестно
EXT-ZGD-0001,2022-10-11,,,,,,,,,,,2022,,284,,,,0,,неизвестно
EXT-ZGD-0001,2022-10-12,0.32814891946365154,0.15040848721855238,-0.3534861113575831,,,,,,,,2022,0.32814891946365154,285,0.18408033372779778,0.03012511311356518,4.782341735705565,5,Штатное развитие,неизвестно
EXT-ZGD-0001,2022-10-13,,,,,,,,,,,2022,,286,,,,0,,неизвестно
EXT-ZGD-0001,2022-10-14,,,,,,,,,,,2022,,287,,,,0,,неизвестно
EXT-ZGD-0001,2022-10-15,,,,,,,,,,,2022,,288,,,,0,,неизвестно
EXT-ZGD-0001,2022-10-16,,,,,,,,,,,2022,,289,,,,0,,неизвестно
EXT-ZGD-0001,2022-10-17,0.35749159679906684,0.16033123750458256,-0.4149169036851803,,,,,,,,2022,0.35749159679906684,290,0.18239339478869948,0.031441504149295876,5.569014802184285,5,Штатное развитие,неизвестно
EXT-ZGD-0001,2022-10-18,,,,,,,,,,,2022,,291,,,,0,,неизвестно
EXT-ZGD-0001,2022-10-19,,,,,,,,,,,2022,,292,,,,0,,неизвестно
EXT-ZGD-0001,2022-10-20,,,,,,,,,,,2022,,293,,,,0,,неизвестно
EXT-ZGD-0001,2022-10-21,,,,,,,,,,,2022,,294,,,,0,,неизвестно
EXT-ZGD-0001,2022-10-22,0.32411313384909923,0.1845641009138359,-0.380832406244352,,,,,,,,2022,0.32411313384909923,295,0.182990372615591,0.031774315415192114,4.4414099686954644,5,Штатное развитие,неизвестно
EXT-ZGD-0001,2022-10-23,,,,,,,,,,,2022,,296,,,,0,,неизвестно
EXT-ZGD-0001,2022-10-24,,,,,,,,,,,2022,,297,,,,0,,неизвестно
EXT-ZGD-0001,2022-10-25,,,,,,,,,,,2022,,298,,,,0,,неизвестно
EXT-ZGD-0001,2022-10-26,,,,,,,,,,,2022,,299,,,,0,,неизвестно
EXT-ZGD-0001,2022-10-27,,,,,,,,,,,2022,,300,,,,0,,неизвестно
EXT-ZGD-0001,2022-10-28,,,,,,,,,,,2022,,301,,,,0,,неизвестно
EXT-ZGD-0001,2022-10-29,,,,,,,,,,,2022,,302,,,,0,,неизвестно
EXT-ZGD-0001,2022-10-30,,,,,,,,,,,2022,,303,,,,0,,неизвестно
EXT-ZGD-0001,2023-04-01,,,,,,,,,,,2023,,91,,,,0,,неизвестно
EXT-ZGD-0001,2023-04-02,,,,,,,,,,,2023,,92,,,,0,,неизвестно
EXT-ZGD-0001,2023-04-03,,,,,,,,,,,2023,,93,,,,0,,неизвестно
EXT-ZGD-0001,2023-04-04,,,,,,,,,,,2023,,94,,,,0,,неизвестно
EXT-ZGD-0001,2023-04-05,,,,,,,,,,,2023,,95,,,,0,,неизвестно
EXT-ZGD-0001,2023-04-06,,,,,,,,,,,2023,,96,,,,0,,неизвестно
EXT-ZGD-0001,2023-04-07,,,,,,,,,,,2023,,97,,,,0,,неизвестно
EXT-ZGD-0001,2023-04-08,,,,,,,,,,,2023,,98,,,,0,,неизвестно
EXT-ZGD-0001,2023-04-09,,,,,,,,,,,2023,,99,,,,0,,неизвестно
EXT-ZGD-0001,2023-04-10,,,,,,,,,,,2023,,100,,,,0,,неизвестно
EXT-ZGD-0001,2023-04-11,,,,,,,,,,,2023,,101,,,,0,,неизвестно
EXT-ZGD-0001,2023-04-12,,,,,,,,,,,2023,,102,,,,0,,неизвестно
EXT-ZGD-0001,2023-04-13,,,,,,,,,,,2023,,103,,,,0,,неизвестно
EXT-ZGD-0001,2023-04-14,,,,,,,,,,,2023,,104,,,,0,,неизвестно
EXT-ZGD-0001,2023-04-15,,,,,,,,,,,2023,,105,,,,0,,неизвестно
EXT-ZGD-0001,2023-04-16,,,,,,,,,,,2023,,106,,,,0,,неизвестно
EXT-ZGD-0001,2023-04-17,,,,,,,,,,,2023,,107,,,,0,,неизвестно
EXT-ZGD-0001,2023-04-18,,,,,,,,,,,2023,,108,,,,0,,неизвестно
EXT-ZGD-0001,2023-04-19,,,,,,,,,,,2023,,109,,,,0,,неизвестно
EXT-ZGD-0001,2023-04-20,,,,,,,,,,,2023,,110,,,,0,,неизвестно
EXT-ZGD-0001,2023-04-21,,,,,,,,,,,2023,,111,,,,0,,неизвестно
EXT-ZGD-0001,2023-04-22,,,,,,,,,,,2023,,112,,,,0,,неизвестно
EXT-ZGD-0001,2023-04-23,,,,,,,,,,,2023,,113,,,,0,,неизвестно
EXT-ZGD-0001,2023-04-24,,,,,,,,,,,2023,,114,,,,0,,неизвестно
EXT-ZGD-0001,2023-04-25,,,,,,,,,,,2023,,115,,,,0,,неизвестно
EXT-ZGD-0001,2023-04-26,,,,,,,,,,,2023,,116,,,,0,,неизвестно
EXT-ZGD-0001,2023-04-27,,,,,,,,,,,2023,,117,,,,0,,неизвестно
EXT-ZGD-0001,2023-04-28,,,,,,,,,,,2023,,118,,,,0,,неизвестно
EXT-ZGD-0001,2023-04-29,,,,,,,,,,,2023,,119,,,,0,,неизвестно
EXT-ZGD-0001,2023-04-30,,,,,,,,,,,2023,,120,,,,0,,неизвестно
EXT-ZGD-0001,2023-05-01,,,,,,,,,,,2023,,121,,,,0,,неизвестно
EXT-ZGD-0001,2023-05-02,,,,,,,,,,,2023,,122,,,,0,,неизвестно
EXT-ZGD-0001,2023-05-03,,,,,,,,,,,2023,,123,,,,0,,неизвестно
EXT-ZGD-0001,2023-05-04,,,,,,,,,,,2023,,124,,,,0,,неизвестно
EXT-ZGD-0001,2023-05-05,0.9277103091642938,0.8951800469220048,-0.8263107367522731,,,,,,,,2023,0.9277103091642938,125,0.6142063733702846,0.19245909988323984,1.6289379716740036,5,Штатное развитие,неизвестно
EXT-ZGD-0001,2023-05-06,,,,,,,,,,,2023,,126,,,,0,,неизвестно
EXT-ZGD-0001,2023-05-07,,,,,,,,,,,2023,,127,,,,0,,неизвестно
EXT-ZGD-0001,2023-05-08,,,,,,,,,,,2023,,128,,,,0,,неизвестно
EXT-ZGD-0001,2023-05-09,,,,,,,,,,,2023,,129,,,,0,,неизвестно
EXT-ZGD-0001,2023-05-10,,,,,,,,,,,2023,,130,,,,0,,неизвестно
EXT-ZGD-0001,2023-05-11,,,,,,,,,,,2023,,131,,,,0,,неизвестно
EXT-ZGD-0001,2023-05-12,,,,,,,,,,,2023,,132,,,,0,,неизвестно
EXT-ZGD-0001,2023-05-13,,,,,,,,,,,2023,,133,,,,0,,неизвестно
EXT-ZGD-0001,2023-05-14,,,,,,,,,,,2023,,134,,,,0,,неизвестно
EXT-ZGD-0001,2023-05-15,0.898437035090063,0.8418377081500066,-0.8007989406790127,,,,,,,,2023,0.898437035090063,135,0.6639797248328633,0.16299569366857677,1.438426408576951,5,Штатное развитие,неизвестно
EXT-ZGD-0001,2023-05-16,,,,,,,,,,,2023,,136,,,,0,,неизвестно
EXT-ZGD-0001,2023-05-17,,,,,,,,,,,2023,,137,,,,0,,неизвестно
EXT-ZGD-0001,2023-05-18,,,,,,,,,,,2023,,138,,,,0,,неизвестно
EXT-ZGD-0001,2023-05-19,,,,,,,,,,,2023,,139,,,,0,,неизвестно
EXT-ZGD-0001,2023-05-20,0.9082016840305118,0.820434407010235,-0.8184251136833814,,,,,,,,2023,0.9082016840305118,140,0.6978535087168137,0.13934351382541324,1.5095656018639536,5,Штатное развитие,неизвестно
EXT-ZGD-0001,2023-05-21,,,,,,,,,,,2023,,141,,,,0,,неизвестно
EXT-ZGD-0001,2023-05-22,,,,,,,,,,,2023,,142,,,,0,,неизвестно
EXT-ZGD-0001,2023-05-23,,,,,,,,,,,2023,,143,,,,0,,неизвестно
EXT-ZGD-0001,2023-05-24,,,,,,,,,,,2023,,144,,,,0,,неизвестно
EXT-ZGD-0001,2023-05-25,,,,,,,,,,,2023,,145,,,,0,,неизвестно
EXT-ZGD-0001,2023-05-26,,,,,,,,,,,2023,,146,,,,0,,неизвестно
EXT-ZGD-0001,2023-05-27,,,,,,,,,,,2023,,147,,,,0,,неизвестно
EXT-ZGD-0001,2023-05-28,,,,,,,,,,,2023,,148,,,,0,,неизвестно
EXT-ZGD-0001,2023-05-29,,,,,,,,,,,2023,,149,,,,0,,неизвестно
EXT-ZGD-0001,2023-05-30,,,,,,,,,,,2023,,150,,,,0,,неизвестно
EXT-ZGD-0001,2023-05-31,,,,,,,,,,,2023,,151,,,,0,,неизвестно
EXT-ZGD-0001,2023-06-01,,,,,,,,,,,2023,,152,,,,0,,неизвестно
EXT-ZGD-0001,2023-06-02,,,,,,,,,,,2023,,153,,,,0,,неизвестно
EXT-ZGD-0001,2023-06-03,,,,,,,,,,,2023,,154,,,,0,,неизвестно
EXT-ZGD-0001,2023-06-04,,,,,,,,,,,2023,,155,,,,0,,неизвестно
EXT-ZGD-0001,2023-06-05,,,,,,,,,,,2023,,156,,,,0,,неизвестно
EXT-ZGD-0001,2023-06-06,,,,,,,,,,,2023,,157,,,,0,,неизвестно
EXT-ZGD-0001,2023-06-07,,,,,,,,,,,2023,,158,,,,0,,неизвестно
EXT-ZGD-0001,2023-06-08,,,,,,,,,,,2023,,159,,,,0,,неизвестно
EXT-ZGD-0001,2023-06-09,0.6308850236133845,0.5015202937372123,-0.5771304838799569,,,,,,,,2023,0.6308850236133845,160,0.5874024163601884,0.22706608953510987,0.19149758267393172,5,Штатное развитие,неизвестно
EXT-ZGD-0001,2023-06-10,,,,,,,,,,,2023,,161,,,,0,,неизвестно
EXT-ZGD-0001,2023-06-11,,,,,,,,,,,2023,,162,,,,0,,неизвестно
EXT-ZGD-0001,2023-06-12,,,,,,,,,,,2023,,163,,,,0,,неизвестно
EXT-ZGD-0001,2023-06-13,,,,,,,,,,,2023,,164,,,,0,,неизвестно
EXT-ZGD-0001,2023-06-14,,,,,,,,,,,2023,,165,,,,0,,неизвестно
EXT-ZGD-0001,2023-06-15,,,,,,,,,,,2023,,166,,,,0,,неизвестно
EXT-ZGD-0001,2023-06-16,,,,,,,,,,,2023,,167,,,,0,,неизвестно
EXT-ZGD-0001,2023-06-17,,,,,,,,,,,2023,,168,,,,0,,неизвестно
EXT-ZGD-0001,2023-06-18,,,,,,,,,,,2023,,169,,,,0,,неизвестно
EXT-ZGD-0001,2023-06-19,0.48622512601710144,0.21270989188478706,-0.6446318384380577,,,,,,,,2023,0.48622512601710144,170,0.5069213981391417,0.2409846417531398,-0.08588212083341461,5,Штатное развитие,неизвестно
EXT-ZGD-0001,2023-06-20,,,,,,,,,,,2023,,171,,,,0,,неизвестно
EXT-ZGD-0001,2023-06-21,,,,,,,,,,,2023,,172,,,,0,,неизвестно
EXT-ZGD-0001,2023-06-22,,,,,,,,,,,2023,,173,,,,0,,неизвестно
EXT-ZGD-0001,2023-06-23,,,,,,,,,,,2023,,174,,,,0,,неизвестно
EXT-ZGD-0001,2023-06-24,,,,,,,,,,,2023,,175,,,,0,,неизвестно
EXT-ZGD-0001,2023-06-25,,,,,,,,,,,2023,,176,,,,0,,неизвестно
EXT-ZGD-0001,2023-06-26,,,,,,,,,,,2023,,177,,,,0,,неизвестно
EXT-ZGD-0001,2023-06-27,,,,,,,,,,,2023,,178,,,,0,,неизвестно
EXT-ZGD-0001,2023-06-28,,,,,,,,,,,2023,,179,,,,0,,неизвестно
EXT-ZGD-0001,2023-06-29,,,,,,,,,,,2023,,180,,,,0,,неизвестно
EXT-ZGD-0001,2023-06-30,,,,,,,,,,,2023,,181,,,,0,,неизвестно
EXT-ZGD-0001,2023-07-01,,,,,,,,,,,2023,,182,,,,0,,неизвестно
EXT-ZGD-0001,2023-07-02,,,,,,,,,,,2023,,183,,,,0,,неизвестно
EXT-ZGD-0001,2023-07-03,,,,,,,,,,,2023,,184,,,,0,,неизвестно
EXT-ZGD-0001,2023-07-04,,,,,,,,,,,2023,,185,,,,0,,неизвестно
EXT-ZGD-0001,2023-07-05,,,,,,,,,,,2023,,186,,,,0,,неизвестно
EXT-ZGD-0001,2023-07-06,,,,,,,,,,,2023,,187,,,,0,,неизвестно
EXT-ZGD-0001,2023-07-07,,,,,,,,,,,2023,,188,,,,0,,неизвестно
EXT-ZGD-0001,2023-07-08,,,,,,,,,,,2023,,189,,,,0,,неизвестно
EXT-ZGD-0001,2023-07-09,0.1502658766328831,0.0997128042733992,-0.2989083421938865,,,,,,,,2023,0.1502658766328831,190,0.3051412377245471,0.16291465734044036,-0.9506533274536694,5,Штатное развитие,неизвестно
EXT-ZGD-0001,2023-07-10,,,,,,,,,,,2023,,191,,,,0,,неизвестно
EXT-ZGD-0001,2023-07-11,,,,,,,,,,,2023,,192,,,,0,,неизвестно
EXT-ZGD-0001,2023-07-12,,,,,,,,,,,2023,,193,,,,0,,неизвестно
EXT-ZGD-0001,2023-07-13,,,,,,,,,,,2023,,194,,,,0,,неизвестно
EXT-ZGD-0001,2023-07-14,0.14432195895546635,0.09949375427280086,-0.30067053460883075,,,,,,,,2023,0.14432195895546635,195,0.27143184669761483,0.1189233428639803,-1.068838839213691,5,Угнетение биомассы,неизвестно
EXT-ZGD-0001,2023-07-15,,,,,,,,,,,2023,,196,,,,0,,неизвестно
EXT-ZGD-0001,2023-07-16,,,,,,,,,,,2023,,197,,,,0,,неизвестно
EXT-ZGD-0001,2023-07-17,,,,,,,,,,,2023,,198,,,,0,,неизвестно
EXT-ZGD-0001,2023-07-18,,,,,,,,,,,2023,,199,,,,0,,неизвестно
EXT-ZGD-0001,2023-07-19,,,,,,,,,,,2023,,200,,,,0,,неизвестно
EXT-ZGD-0001,2023-07-20,,,,,,,,,,,2023,,201,,,,0,,неизвестно
EXT-ZGD-0001,2023-07-21,,,,,,,,,,,2023,,202,,,,0,,неизвестно
EXT-ZGD-0001,2023-07-22,,,,,,,,,,,2023,,203,,,,0,,неизвестно
EXT-ZGD-0001,2023-07-23,,,,,,,,,,,2023,,204,,,,0,,неизвестно
EXT-ZGD-0001,2023-07-24,,,,,,,,,,,2023,,205,,,,0,,неизвестно
EXT-ZGD-0001,2023-07-25,,,,,,,,,,,2023,,206,,,,0,,неизвестно
EXT-ZGD-0001,2023-07-26,,,,,,,,,,,2023,,207,,,,0,,неизвестно
EXT-ZGD-0001,2023-07-27,,,,,,,,,,,2023,,208,,,,0,,неизвестно
EXT-ZGD-0001,2023-07-28,,,,,,,,,,,2023,,209,,,,0,,неизвестно
EXT-ZGD-0001,2023-07-29,,,,,,,,,,,2023,,210,,,,0,,неизвестно
EXT-ZGD-0001,2023-07-30,,,,,,,,,,,2023,,211,,,,0,,неизвестно
EXT-ZGD-0001,2023-07-31,,,,,,,,,,,2023,,212,,,,0,,неизвестно
EXT-ZGD-0001,2023-08-01,,,,,,,,,,,2023,,213,,,,0,,неизвестно
EXT-ZGD-0001,2023-08-02,,,,,,,,,,,2023,,214,,,,0,,неизвестно
EXT-ZGD-0001,2023-08-03,0.296728947419702,0.21292569362126268,-0.37883367684923525,,,,,,,,2023,0.296728947419702,215,0.237513372397506,0.093396728826384,0.6340219380945596,5,Штатное развитие,неизвестно
EXT-ZGD-0001,2023-08-04,,,,,,,,,,,2023,,216,,,,0,,неизвестно
EXT-ZGD-0001,2023-08-05,,,,,,,,,,,2023,,217,,,,0,,неизвестно
EXT-ZGD-0001,2023-08-06,,,,,,,,,,,2023,,218,,,,0,,неизвестно
EXT-ZGD-0001,2023-08-07,,,,,,,,,,,2023,,219,,,,0,,неизвестно
EXT-ZGD-0001,2023-08-08,0.3046159042231287,0.20321304746940322,-0.4100913742526183,,,,,,,,2023,0.3046159042231287,220,0.21655038832739812,0.08287551842705751,1.0626240120988322,5,Штатное развитие,неизвестно
EXT-ZGD-0001,2023-08-09,,,,,,,,,,,2023,,221,,,,0,,неизвестно
EXT-ZGD-0001,2023-08-10,,,,,,,,,,,2023,,222,,,,0,,неизвестно
EXT-ZGD-0001,2023-08-11,,,,,,,,,,,2023,,223,,,,0,,неизвестно
EXT-ZGD-0001,2023-08-12,,,,,,,,,,,2023,,224,,,,0,,неизвестно
EXT-ZGD-0001,2023-08-13,0.318291984982927,0.2148872103675905,-0.4198456955937058,,,,,,,,2023,0.318291984982927,225,0.21116264777394506,0.08283319192849542,1.2933141258332748,5,Штатное развитие,неизвестно
EXT-ZGD-0001,2023-08-14,,,,,,,,,,,2023,,226,,,,0,,неизвестно
EXT-ZGD-0001,2023-08-15,,,,,,,,,,,2023,,227,,,,0,,неизвестно
EXT-ZGD-0001,2023-08-16,,,,,,,,,,,2023,,228,,,,0,,неизвестно
EXT-ZGD-0001,2023-08-17,,,,,,,,,,,2023,,229,,,,0,,неизвестно
EXT-ZGD-0001,2023-08-18,0.3591630812619051,0.24394965512601766,-0.4433690614679599,,,,,,,,2023,0.3591630812619051,230,0.20880141416851164,0.08181218983771398,1.8378883072517318,5,Штатное развитие,неизвестно
EXT-ZGD-0001,2023-08-19,,,,,,,,,,,2023,,231,,,,0,,неизвестно
EXT-ZGD-0001,2023-08-20,,,,,,,,,,,2023,,232,,,,0,,неизвестно
EXT-ZGD-0001,2023-08-21,,,,,,,,,,,2023,,233,,,,0,,неизвестно
EXT-ZGD-0001,2023-08-22,,,,,,,,,,,2023,,234,,,,0,,неизвестно
EXT-ZGD-0001,2023-08-23,0.21675101041900208,0.1680388154694612,-0.34744979425379685,,,,,,,,2023,0.21675101041900208,235,0.2071033040816507,0.07892405219539347,0.1222403826081611,5,Штатное развитие,неизвестно
EXT-ZGD-0001,2023-08-24,,,,,,,,,,,2023,,236,,,,0,,неизвестно
EXT-ZGD-0001,2023-08-25,,,,,,,,,,,2023,,237,,,,0,,неизвестно
EXT-ZGD-0001,2023-08-26,,,,,,,,,,,2023,,238,,,,0,,неизвестно
EXT-ZGD-0001,2023-08-27,,,,,,,,,,,2023,,239,,,,0,,неизвестно
EXT-ZGD-0001,2023-08-28,0.21496289523912238,0.13281983464213082,-0.34568127773370805,,,,,,,,2023,0.21496289523912238,240,0.20494052746368374,0.07662937064954746,0.13079016166365737,5,Штатное развитие,неизвестно
EXT-ZGD-0001,2023-08-29,,,,,,,,,,,2023,,241,,,,0,,неизвестно
EXT-ZGD-0001,2023-08-30,,,,,,,,,,,2023,,242,,,,0,,неизвестно
EXT-ZGD-0001,2023-08-31,,,,,,,,,,,2023,,243,,,,0,,неизвестно
EXT-ZGD-0001,2023-09-01,,,,,,,,,,,2023,,244,,,,0,,неизвестно
EXT-ZGD-0001,2023-09-02,0.251758516303047,0.12106442607693854,-0.36437881331056066,,,,,,,,2023,0.251758516303047,245,0.20000577110128875,0.06687039011426006,0.7739261743999013,5,Штатное развитие,неизвестно
EXT-ZGD-0001,2023-09-03,,,,,,,,,,,2023,,246,,,,0,,неизвестно
EXT-ZGD-0001,2023-09-04,,,,,,,,,,,2023,,247,,,,0,,неизвестно
EXT-ZGD-0001,2023-09-05,,,,,,,,,,,2023,,248,,,,0,,неизвестно
EXT-ZGD-0001,2023-09-06,,,,,,,,,,,2023,,249,,,,0,,неизвестно
EXT-ZGD-0001,2023-09-07,,,,,,,,,,,2023,,250,,,,0,,неизвестно
EXT-ZGD-0001,2023-09-08,,,,,,,,,,,2023,,251,,,,0,,неизвестно
EXT-ZGD-0001,2023-09-09,,,,,,,,,,,2023,,252,,,,0,,неизвестно
EXT-ZGD-0001,2023-09-10,,,,,,,,,,,2023,,253,,,,0,,неизвестно
EXT-ZGD-0001,2023-09-11,,,,,,,,,,,2023,,254,,,,0,,неизвестно
EXT-ZGD-0001,2023-09-12,0.24798838858584354,0.09662471546269885,-0.3906188236601129,,,,,,,,2023,0.24798838858584354,255,0.1797155304523692,0.026539940401880104,2.5724571004928802,5,Штатное развитие,неизвестно
EXT-ZGD-0001,2023-09-13,,,,,,,,,,,2023,,256,,,,0,,неизвестно
EXT-ZGD-0001,2023-09-14,,,,,,,,,,,2023,,257,,,,0,,неизвестно
EXT-ZGD-0001,2023-09-15,,,,,,,,,,,2023,,258,,,,0,,неизвестно
EXT-ZGD-0001,2023-09-16,,,,,,,,,,,2023,,259,,,,0,,неизвестно
EXT-ZGD-0001,2023-09-17,0.2598591797507277,0.08693985943263925,-0.40196719232783146,,,,,,,,2023,0.2598591797507277,260,0.17890916395699383,0.023527674518746926,3.4406297030857274,5,Штатное развитие,неизвестно
EXT-ZGD-0001,2023-09-18,,,,,,,,,,,2023,,261,,,,0,,неизвестно
EXT-ZGD-0001,2023-09-19,,,,,,,,,,,2023,,262,,,,0,,неизвестно
EXT-ZGD-0001,2023-09-20,,,,,,,,,,,2023,,263,,,,0,,неизвестно
EXT-ZGD-0001,2023-09-21,,,,,,,,,,,2023,,264,,,,0,,неизвестно
EXT-ZGD-0001,2023-09-22,0.22073530000217206,0.09479863594299776,-0.3682364148526326,,,,,,,,2023,0.22073530000217206,265,0.18413502888027802,0.03599541410316536,1.016803724413202,5,Штатное развитие,неизвестно
EXT-ZGD-0001,2023-09-23,,,,,,,,,,,2023,,266,,,,0,,неизвестно
EXT-ZGD-0001,2023-09-24,,,,,,,,,,,2023,,267,,,,0,,неизвестно
EXT-ZGD-0001,2023-09-25,,,,,,,,,,,2023,,268,,,,0,,неизвестно
EXT-ZGD-0001,2023-09-26,,,,,,,,,,,2023,,269,,,,0,,неизвестно
EXT-ZGD-0001,2023-09-27,0.222672616729847,0.09472724303767094,-0.37592992532150493,,,,,,,,2023,0.222672616729847,270,0.1873561027249873,0.04844283183944813,0.7290348780993571,5,Штатное развитие,неизвестно
EXT-ZGD-0001,2023-09-28,,,,,,,,,,,2023,,271,,,,0,,неизвестно
EXT-ZGD-0001,2023-09-29,,,,,,,,,,,2023,,272,,,,0,,неизвестно
EXT-ZGD-0001,2023-09-30,,,,,,,,,,,2023,,273,,,,0,,неизвестно
EXT-ZGD-0001,2023-10-01,,,,,,,,,,,2023,,274,,,,0,,неизвестно
EXT-ZGD-0001,2023-10-02,0.2051349000319225,0.09856184407436296,-0.33402343862042905,,,,,,,,2023,0.2051349000319225,275,0.1915462915626516,0.05356702379548707,0.2536748825387555,5,Штатное развитие,неизвестно
EXT-ZGD-0001,2023-10-03,,,,,,,,,,,2023,,276,,,,0,,неизвестно
EXT-ZGD-0001,2023-10-04,,,,,,,,,,,2023,,277,,,,0,,неизвестно
EXT-ZGD-0001,2023-10-05,,,,,,,,,,,2023,,278,,,,0,,неизвестно
EXT-ZGD-0001,2023-10-06,,,,,,,,,,,2023,,279,,,,0,,неизвестно
EXT-ZGD-0001,2023-10-07,0.2208313112543489,0.13969387555157559,-0.3750151604530339,,,,,,,,2023,0.2208313112543489,280,0.19443076559439829,0.05496431968868836,0.4803215214793943,5,Штатное развитие,неизвестно
EXT-ZGD-0001,2023-10-08,,,,,,,,,,,2023,,281,,,,0,,неизвестно
EXT-ZGD-0001,2023-10-09,,,,,,,,,,,2023,,282,,,,0,,неизвестно
EXT-ZGD-0001,2023-10-10,,,,,,,,,,,2023,,283,,,,0,,неизвестно
EXT-ZGD-0001,2023-10-11,,,,,,,,,,,2023,,284,,,,0,,неизвестно
EXT-ZGD-0001,2023-10-12,0.20688445411614048,0.12008166151936975,-0.34274996535409125,,,,,,,,2023,0.20688445411614048,285,0.19564118196743616,0.05757211792142016,0.1952902299694828,5,Штатное развитие,неизвестно
EXT-ZGD-0001,2023-10-13,,,,,,,,,,,2023,,286,,,,0,,неизвестно
EXT-ZGD-0001,2023-10-14,,,,,,,,,,,2023,,287,,,,0,,неизвестно
EXT-ZGD-0001,2023-10-15,,,,,,,,,,,2023,,288,,,,0,,неизвестно
EXT-ZGD-0001,2023-10-16,,,,,,,,,,,2023,,289,,,,0,,неизвестно
EXT-ZGD-0001,2023-10-17,,,,,,,,,,,2023,,290,,,,0,,неизвестно
EXT-ZGD-0001,2023-10-18,,,,,,,,,,,2023,,291,,,,0,,неизвестно
EXT-ZGD-0001,2023-10-19,,,,,,,,,,,2023,,292,,,,0,,неизвестно
EXT-ZGD-0001,2023-10-20,,,,,,,,,,,2023,,293,,,,0,,неизвестно
EXT-ZGD-0001,2023-10-21,,,,,,,,,,,2023,,294,,,,0,,неизвестно
EXT-ZGD-0001,2023-10-22,,,,,,,,,,,2023,,295,,,,0,,неизвестно
EXT-ZGD-0001,2023-10-23,,,,,,,,,,,2023,,296,,,,0,,неизвестно
EXT-ZGD-0001,2023-10-24,,,,,,,,,,,2023,,297,,,,0,,неизвестно
EXT-ZGD-0001,2023-10-25,,,,,,,,,,,2023,,298,,,,0,,неизвестно
EXT-ZGD-0001,2023-10-26,,,,,,,,,,,2023,,299,,,,0,,неизвестно
EXT-ZGD-0001,2023-10-27,,,,,,,,,,,2023,,300,,,,0,,неизвестно
EXT-ZGD-0001,2023-10-28,,,,,,,,,,,2023,,301,,,,0,,неизвестно
EXT-ZGD-0001,2023-10-29,,,,,,,,,,,2023,,302,,,,0,,неизвестно
EXT-ZGD-0001,2023-10-30,,,,,,,,,,,2023,,303,,,,0,,неизвестно
EXT-ZGD-0001,2024-04-01,,,,,,,,,,,2024,,92,,,,0,,неизвестно
EXT-ZGD-0001,2024-04-02,,,,,,,,,,,2024,,93,,,,0,,неизвестно
EXT-ZGD-0001,2024-04-03,,,,,,,,,,,2024,,94,,,,0,,неизвестно
EXT-ZGD-0001,2024-04-04,0.20413632446481839,0.06542792341135326,-0.33057989532148574,,,,,,,,2024,0.20413632446481839,95,0.38742284102128577,0.15851328242497273,-1.1562849103400548,4,Угнетение биомассы,неизвестно
EXT-ZGD-0001,2024-04-05,,,,,,,,,,,2024,,96,,,,0,,неизвестно
EXT-ZGD-0001,2024-04-06,,,,,,,,,,,2024,,97,,,,0,,неизвестно
EXT-ZGD-0001,2024-04-07,,,,,,,,,,,2024,,98,,,,0,,неизвестно
EXT-ZGD-0001,2024-04-08,,,,,,,,,,,2024,,99,,,,0,,неизвестно
EXT-ZGD-0001,2024-04-09,0.21480058928995077,0.0932593616304836,-0.3203048667857938,,,,,,,,2024,0.21480058928995077,100,0.423999325018244,0.18176178143531557,-1.1509500736420861,4,Угнетение биомассы,неизвестно
EXT-ZGD-0001,2024-04-10,,,,,,,,,,,2024,,101,,,,0,,неизвестно
EXT-ZGD-0001,2024-04-11,,,,,,,,,,,2024,,102,,,,0,,неизвестно
EXT-ZGD-0001,2024-04-12,,,,,,,,,,,2024,,103,,,,0,,неизвестно
EXT-ZGD-0001,2024-04-13,,,,,,,,,,,2024,,104,,,,0,,неизвестно
EXT-ZGD-0001,2024-04-14,,,,,,,,,,,2024,,105,,,,0,,неизвестно
EXT-ZGD-0001,2024-04-15,,,,,,,,,,,2024,,106,,,,0,,неизвестно
EXT-ZGD-0001,2024-04-16,,,,,,,,,,,2024,,107,,,,0,,неизвестно
EXT-ZGD-0001,2024-04-17,,,,,,,,,,,2024,,108,,,,0,,неизвестно
EXT-ZGD-0001,2024-04-18,,,,,,,,,,,2024,,109,,,,0,,неизвестно
EXT-ZGD-0001,2024-04-19,,,,,,,,,,,2024,,110,,,,0,,неизвестно
EXT-ZGD-0001,2024-04-20,,,,,,,,,,,2024,,111,,,,0,,неизвестно
EXT-ZGD-0001,2024-04-21,,,,,,,,,,,2024,,112,,,,0,,неизвестно
EXT-ZGD-0001,2024-04-22,,,,,,,,,,,2024,,113,,,,0,,неизвестно
EXT-ZGD-0001,2024-04-23,,,,,,,,,,,2024,,114,,,,0,,неизвестно
EXT-ZGD-0001,2024-04-24,,,,,,,,,,,2024,,115,,,,0,,неизвестно
EXT-ZGD-0001,2024-04-25,,,,,,,,,,,2024,,116,,,,0,,неизвестно
EXT-ZGD-0001,2024-04-26,,,,,,,,,,,2024,,117,,,,0,,неизвестно
EXT-ZGD-0001,2024-04-27,,,,,,,,,,,2024,,118,,,,0,,неизвестно
EXT-ZGD-0001,2024-04-28,,,,,,,,,,,2024,,119,,,,0,,неизвестно
EXT-ZGD-0001,2024-04-29,,,,,,,,,,,2024,,120,,,,0,,неизвестно
EXT-ZGD-0001,2024-04-30,,,,,,,,,,,2024,,121,,,,0,,неизвестно
EXT-ZGD-0001,2024-05-01,,,,,,,,,,,2024,,122,,,,0,,неизвестно
EXT-ZGD-0001,2024-05-02,,,,,,,,,,,2024,,123,,,,0,,неизвестно
EXT-ZGD-0001,2024-05-03,,,,,,,,,,,2024,,124,,,,0,,неизвестно
EXT-ZGD-0001,2024-05-04,0.27961821314099494,0.12708484081082638,-0.3711661085270494,,,,,,,,2024,0.27961821314099494,125,0.6828061399283534,0.19261165147167716,-2.093268624752152,5,Критическая аномалия,неизвестно
EXT-ZGD-0001,2024-05-05,,,,,,,,,,,2024,,126,,,,0,,неизвестно
EXT-ZGD-0001,2024-05-06,,,,,,,,,,,2024,,127,,,,0,,неизвестно
EXT-ZGD-0001,2024-05-07,,,,,,,,,,,2024,,128,,,,0,,неизвестно
EXT-ZGD-0001,2024-05-08,,,,,,,,,,,2024,,129,,,,0,,неизвестно
EXT-ZGD-0001,2024-05-09,,,,,,,,,,,2024,,130,,,,0,,неизвестно
EXT-ZGD-0001,2024-05-10,,,,,,,,,,,2024,,131,,,,0,,неизвестно
EXT-ZGD-0001,2024-05-11,,,,,,,,,,,2024,,132,,,,0,,неизвестно
EXT-ZGD-0001,2024-05-12,,,,,,,,,,,2024,,133,,,,0,,неизвестно
EXT-ZGD-0001,2024-05-13,,,,,,,,,,,2024,,134,,,,0,,неизвестно
EXT-ZGD-0001,2024-05-14,,,,,,,,,,,2024,,135,,,,0,,неизвестно
EXT-ZGD-0001,2024-05-15,,,,,,,,,,,2024,,136,,,,0,,неизвестно
EXT-ZGD-0001,2024-05-16,,,,,,,,,,,2024,,137,,,,0,,неизвестно
EXT-ZGD-0001,2024-05-17,,,,,,,,,,,2024,,138,,,,0,,неизвестно
EXT-ZGD-0001,2024-05-18,,,,,,,,,,,2024,,139,,,,0,,неизвестно
EXT-ZGD-0001,2024-05-19,,,,,,,,,,,2024,,140,,,,0,,неизвестно
EXT-ZGD-0001,2024-05-20,,,,,,,,,,,2024,,141,,,,0,,неизвестно
EXT-ZGD-0001,2024-05-21,,,,,,,,,,,2024,,142,,,,0,,неизвестно
EXT-ZGD-0001,2024-05-22,,,,,,,,,,,2024,,143,,,,0,,неизвестно
EXT-ZGD-0001,2024-05-23,,,,,,,,,,,2024,,144,,,,0,,неизвестно
EXT-ZGD-0001,2024-05-24,0.46852911061221475,0.27752755390967376,-0.4736002984942973,,,,,,,,2024,0.46852911061221475,145,0.7513694142063483,0.11294523176542436,-2.5042252707185,5,Критическая аномалия,неизвестно
EXT-ZGD-0001,2024-05-25,,,,,,,,,,,2024,,146,,,,0,,неизвестно
EXT-ZGD-0001,2024-05-26,,,,,,,,,,,2024,,147,,,,0,,неизвестно
EXT-ZGD-0001,2024-05-27,,,,,,,,,,,2024,,148,,,,0,,неизвестно
EXT-ZGD-0001,2024-05-28,,,,,,,,,,,2024,,149,,,,0,,неизвестно
EXT-ZGD-0001,2024-05-29,,,,,,,,,,,2024,,150,,,,0,,неизвестно
EXT-ZGD-0001,2024-05-30,,,,,,,,,,,2024,,151,,,,0,,неизвестно
EXT-ZGD-0001,2024-05-31,,,,,,,,,,,2024,,152,,,,0,,неизвестно
EXT-ZGD-0001,2024-06-01,,,,,,,,,,,2024,,153,,,,0,,неизвестно
EXT-ZGD-0001,2024-06-02,,,,,,,,,,,2024,,154,,,,0,,неизвестно
EXT-ZGD-0001,2024-06-03,0.6171795931491617,0.36126738288317906,-0.5995190287530898,,,,,,,,2024,0.6171795931491617,155,0.6920996351111728,0.18513023849019142,-0.40468830253238447,5,Штатное развитие,неизвестно
EXT-ZGD-0001,2024-06-04,,,,,,,,,,,2024,,156,,,,0,,неизвестно
EXT-ZGD-0001,2024-06-05,,,,,,,,,,,2024,,157,,,,0,,неизвестно
EXT-ZGD-0001,2024-06-06,,,,,,,,,,,2024,,158,,,,0,,неизвестно
EXT-ZGD-0001,2024-06-07,,,,,,,,,,,2024,,159,,,,0,,неизвестно
EXT-ZGD-0001,2024-06-08,,,,,,,,,,,2024,,160,,,,0,,неизвестно
EXT-ZGD-0001,2024-06-09,,,,,,,,,,,2024,,161,,,,0,,неизвестно
EXT-ZGD-0001,2024-06-10,,,,,,,,,,,2024,,162,,,,0,,неизвестно
EXT-ZGD-0001,2024-06-11,,,,,,,,,,,2024,,163,,,,0,,неизвестно
EXT-ZGD-0001,2024-06-12,,,,,,,,,,,2024,,164,,,,0,,неизвестно
EXT-ZGD-0001,2024-06-13,,,,,,,,,,,2024,,165,,,,0,,неизвестно
EXT-ZGD-0001,2024-06-14,,,,,,,,,,,2024,,166,,,,0,,неизвестно
EXT-ZGD-0001,2024-06-15,,,,,,,,,,,2024,,167,,,,0,,неизвестно
EXT-ZGD-0001,2024-06-16,,,,,,,,,,,2024,,168,,,,0,,неизвестно
EXT-ZGD-0001,2024-06-17,,,,,,,,,,,2024,,169,,,,0,,неизвестно
EXT-ZGD-0001,2024-06-18,,,,,,,,,,,2024,,170,,,,0,,неизвестно
EXT-ZGD-0001,2024-06-19,,,,,,,,,,,2024,,171,,,,0,,неизвестно
EXT-ZGD-0001,2024-06-20,,,,,,,,,,,2024,,172,,,,0,,неизвестно
EXT-ZGD-0001,2024-06-21,,,,,,,,,,,2024,,173,,,,0,,неизвестно
EXT-ZGD-0001,2024-06-22,,,,,,,,,,,2024,,174,,,,0,,неизвестно
EXT-ZGD-0001,2024-06-23,0.5353058523712149,0.31632034785027835,-0.5525895328443606,,,,,,,,2024,0.5353058523712149,175,0.4481161746759585,0.25218062550071,0.3457429670583908,5,Штатное развитие,неизвестно
EXT-ZGD-0001,2024-06-24,,,,,,,,,,,2024,,176,,,,0,,неизвестно
EXT-ZGD-0001,2024-06-25,,,,,,,,,,,2024,,177,,,,0,,неизвестно
EXT-ZGD-0001,2024-06-26,,,,,,,,,,,2024,,178,,,,0,,неизвестно
EXT-ZGD-0001,2024-06-27,,,,,,,,,,,2024,,179,,,,0,,неизвестно
EXT-ZGD-0001,2024-06-28,0.44099364513105455,0.27553857620869565,-0.5251687938945188,,,,,,,,2024,0.44099364513105455,180,0.39437592916815184,0.243895230787169,0.19113828430529198,5,Штатное развитие,неизвестно
EXT-ZGD-0001,2024-06-29,,,,,,,,,,,2024,,181,,,,0,,неизвестно
EXT-ZGD-0001,2024-06-30,,,,,,,,,,,2024,,182,,,,0,,неизвестно
EXT-ZGD-0001,2024-07-01,,,,,,,,,,,2024,,183,,,,0,,неизвестно
EXT-ZGD-0001,2024-07-02,,,,,,,,,,,2024,,184,,,,0,,неизвестно
EXT-ZGD-0001,2024-07-03,0.47647041741514107,0.29309332488091333,-0.5435411681864244,,,,,,,,2024,0.47647041741514107,185,0.3269669575700758,0.2136057252540428,0.6999038048594424,5,Штатное развитие,неизвестно
EXT-ZGD-0001,2024-07-04,,,,,,,,,,,2024,,186,,,,0,,неизвестно
EXT-ZGD-0001,2024-07-05,,,,,,,,,,,2024,,187,,,,0,,неизвестно
EXT-ZGD-0001,2024-07-06,,,,,,,,,,,2024,,188,,,,0,,неизвестно
EXT-ZGD-0001,2024-07-07,,,,,,,,,,,2024,,189,,,,0,,неизвестно
EXT-ZGD-0001,2024-07-08,,,,,,,,,,,2024,,190,,,,0,,неизвестно
EXT-ZGD-0001,2024-07-09,,,,,,,,,,,2024,,191,,,,0,,неизвестно
EXT-ZGD-0001,2024-07-10,,,,,,,,,,,2024,,192,,,,0,,неизвестно
EXT-ZGD-0001,2024-07-11,,,,,,,,,,,2024,,193,,,,0,,неизвестно
EXT-ZGD-0001,2024-07-12,,,,,,,,,,,2024,,194,,,,0,,неизвестно
EXT-ZGD-0001,2024-07-13,0.42777005133212653,0.289127597229342,-0.4940983248975457,,,,,,,,2024,0.42777005133212653,195,0.21865054426612449,0.07765529101384523,2.692920267708712,5,Штатное развитие,неизвестно
EXT-ZGD-0001,2024-07-14,,,,,,,,,,,2024,,196,,,,0,,неизвестно
EXT-ZGD-0001,2024-07-15,,,,,,,,,,,2024,,197,,,,0,,неизвестно
EXT-ZGD-0001,2024-07-16,,,,,,,,,,,2024,,198,,,,0,,неизвестно
EXT-ZGD-0001,2024-07-17,,,,,,,,,,,2024,,199,,,,0,,неизвестно
EXT-ZGD-0001,2024-07-18,0.30926655878355014,0.2050168915938742,-0.41414430418595277,,,,,,,,2024,0.30926655878355014,200,0.22249888885604333,0.08443405773077264,1.0276382808010383,5,Штатное развитие,неизвестно
EXT-ZGD-0001,2024-07-19,,,,,,,,,,,2024,,201,,,,0,,неизвестно
EXT-ZGD-0001,2024-07-20,,,,,,,,,,,2024,,202,,,,0,,неизвестно
EXT-ZGD-0001,2024-07-21,,,,,,,,,,,2024,,203,,,,0,,неизвестно
EXT-ZGD-0001,2024-07-22,,,,,,,,,,,2024,,204,,,,0,,неизвестно
EXT-ZGD-0001,2024-07-23,,,,,,,,,,,2024,,205,,,,0,,неизвестно
EXT-ZGD-0001,2024-07-24,,,,,,,,,,,2024,,206,,,,0,,неизвестно
EXT-ZGD-0001,2024-07-25,,,,,,,,,,,2024,,207,,,,0,,неизвестно
EXT-ZGD-0001,2024-07-26,,,,,,,,,,,2024,,208,,,,0,,неизвестно
EXT-ZGD-0001,2024-07-27,,,,,,,,,,,2024,,209,,,,0,,неизвестно
EXT-ZGD-0001,2024-07-28,,,,,,,,,,,2024,,210,,,,0,,неизвестно
EXT-ZGD-0001,2024-07-29,,,,,,,,,,,2024,,211,,,,0,,неизвестно
EXT-ZGD-0001,2024-07-30,,,,,,,,,,,2024,,212,,,,0,,неизвестно
EXT-ZGD-0001,2024-07-31,,,,,,,,,,,2024,,213,,,,0,,неизвестно
EXT-ZGD-0001,2024-08-01,,,,,,,,,,,2024,,214,,,,0,,неизвестно
EXT-ZGD-0001,2024-08-02,,,,,,,,,,,2024,,215,,,,0,,неизвестно
EXT-ZGD-0001,2024-08-03,,,,,,,,,,,2024,,216,,,,0,,неизвестно
EXT-ZGD-0001,2024-08-04,,,,,,,,,,,2024,,217,,,,0,,неизвестно
EXT-ZGD-0001,2024-08-05,,,,,,,,,,,2024,,218,,,,0,,неизвестно
EXT-ZGD-0001,2024-08-06,,,,,,,,,,,2024,,219,,,,0,,неизвестно
EXT-ZGD-0001,2024-08-07,,,,,,,,,,,2024,,220,,,,0,,неизвестно
EXT-ZGD-0001,2024-08-08,,,,,,,,,,,2024,,221,,,,0,,неизвестно
EXT-ZGD-0001,2024-08-09,,,,,,,,,,,2024,,222,,,,0,,неизвестно
EXT-ZGD-0001,2024-08-10,,,,,,,,,,,2024,,223,,,,0,,неизвестно
EXT-ZGD-0001,2024-08-11,,,,,,,,,,,2024,,224,,,,0,,неизвестно
EXT-ZGD-0001,2024-08-12,,,,,,,,,,,2024,,225,,,,0,,неизвестно
EXT-ZGD-0001,2024-08-13,,,,,,,,,,,2024,,226,,,,0,,неизвестно
EXT-ZGD-0001,2024-08-14,,,,,,,,,,,2024,,227,,,,0,,неизвестно
EXT-ZGD-0001,2024-08-15,,,,,,,,,,,2024,,228,,,,0,,неизвестно
EXT-ZGD-0001,2024-08-16,,,,,,,,,,,2024,,229,,,,0,,неизвестно
EXT-ZGD-0001,2024-08-17,0.26766673337268765,0.1378210771685258,-0.3760302801706893,,,,,,,,2024,0.26766673337268765,230,0.2218037079818225,0.08677683842392571,0.528516897179559,5,Штатное развитие,неизвестно
EXT-ZGD-0001,2024-08-18,,,,,,,,,,,2024,,231,,,,0,,неизвестно
EXT-ZGD-0001,2024-08-19,,,,,,,,,,,2024,,232,,,,0,,неизвестно
EXT-ZGD-0001,2024-08-20,,,,,,,,,,,2024,,233,,,,0,,неизвестно
EXT-ZGD-0001,2024-08-21,,,,,,,,,,,2024,,234,,,,0,,неизвестно
EXT-ZGD-0001,2024-08-22,0.23836062164184715,0.1210769544154776,-0.3575001526424342,,,,,,,,2024,0.23836062164184715,235,0.22099614667109668,0.0843715184559431,0.20580967711062126,5,Штатное развитие,неизвестно
EXT-ZGD-0001,2024-08-23,,,,,,,,,,,2024,,236,,,,0,,неизвестно
EXT-ZGD-0001,2024-08-24,,,,,,,,,,,2024,,237,,,,0,,неизвестно
EXT-ZGD-0001,2024-08-25,,,,,,,,,,,2024,,238,,,,0,,неизвестно
EXT-ZGD-0001,2024-08-26,,,,,,,,,,,2024,,239,,,,0,,неизвестно
EXT-ZGD-0001,2024-08-27,,,,,,,,,,,2024,,240,,,,0,,неизвестно
EXT-ZGD-0001,2024-08-28,,,,,,,,,,,2024,,241,,,,0,,неизвестно
EXT-ZGD-0001,2024-08-29,,,,,,,,,,,2024,,242,,,,0,,неизвестно
EXT-ZGD-0001,2024-08-30,,,,,,,,,,,2024,,243,,,,0,,неизвестно
EXT-ZGD-0001,2024-08-31,,,,,,,,,,,2024,,244,,,,0,,неизвестно
EXT-ZGD-0001,2024-09-01,0.24036846333054435,0.1249939949882847,-0.37899712812528497,,,,,,,,2024,0.24036846333054435,245,0.21044305562139637,0.0749401244832083,0.3993242327193266,5,Штатное развитие,неизвестно
EXT-ZGD-0001,2024-09-02,,,,,,,,,,,2024,,246,,,,0,,неизвестно
EXT-ZGD-0001,2024-09-03,,,,,,,,,,,2024,,247,,,,0,,неизвестно
EXT-ZGD-0001,2024-09-04,,,,,,,,,,,2024,,248,,,,0,,неизвестно
EXT-ZGD-0001,2024-09-05,,,,,,,,,,,2024,,249,,,,0,,неизвестно
EXT-ZGD-0001,2024-09-06,0.23841034603882885,0.12208285820761045,-0.36228987169436905,,,,,,,,2024,0.23841034603882885,250,0.19869110137485657,0.05981394177175035,0.6640465999639463,5,Штатное развитие,неизвестно
EXT-ZGD-0001,2024-09-07,,,,,,,,,,,2024,,251,,,,0,,неизвестно
EXT-ZGD-0001,2024-09-08,,,,,,,,,,,2024,,252,,,,0,,неизвестно
EXT-ZGD-0001,2024-09-09,,,,,,,,,,,2024,,253,,,,0,,неизвестно
EXT-ZGD-0001,2024-09-10,,,,,,,,,,,2024,,254,,,,0,,неизвестно
EXT-ZGD-0001,2024-09-11,0.2012522167118856,0.1025070789243079,-0.3251135168761218,,,,,,,,2024,0.2012522167118856,255,0.1848711543624317,0.03269319234227174,0.5010542310447136,5,Штатное развитие,неизвестно
EXT-ZGD-0001,2024-09-12,,,,,,,,,,,2024,,256,,,,0,,неизвестно
EXT-ZGD-0001,2024-09-13,,,,,,,,,,,2024,,257,,,,0,,неизвестно
EXT-ZGD-0001,2024-09-14,,,,,,,,,,,2024,,258,,,,0,,неизвестно
EXT-ZGD-0001,2024-09-15,,,,,,,,,,,2024,,259,,,,0,,неизвестно
EXT-ZGD-0001,2024-09-16,0.20995764900085814,0.1289958196616065,-0.3495889444449714,,,,,,,,2024,0.20995764900085814,260,0.18600742161703723,0.03174525679450532,0.7544505794631459,5,Штатное развитие,неизвестно
EXT-ZGD-0001,2024-09-17,,,,,,,,,,,2024,,261,,,,0,,неизвестно
EXT-ZGD-0001,2024-09-18,,,,,,,,,,,2024,,262,,,,0,,неизвестно
EXT-ZGD-0001,2024-09-19,,,,,,,,,,,2024,,263,,,,0,,неизвестно
EXT-ZGD-0001,2024-09-20,,,,,,,,,,,2024,,264,,,,0,,неизвестно
EXT-ZGD-0001,2024-09-21,0.20124458878379187,0.1161763911706506,-0.3447178672661613,,,,,,,,2024,0.20124458878379187,265,0.19144755762556626,0.04117417186834633,0.23794118287433785,5,Штатное развитие,неизвестно
EXT-ZGD-0001,2024-09-22,,,,,,,,,,,2024,,266,,,,0,,неизвестно
EXT-ZGD-0001,2024-09-23,,,,,,,,,,,2024,,267,,,,0,,неизвестно
EXT-ZGD-0001,2024-09-24,,,,,,,,,,,2024,,268,,,,0,,неизвестно
EXT-ZGD-0001,2024-09-25,,,,,,,,,,,2024,,269,,,,0,,неизвестно
EXT-ZGD-0001,2024-09-26,0.18158350627350928,0.0869533510407878,-0.31552085568533655,,,,,,,,2024,0.18158350627350928,270,0.19671412415069062,0.05179809344933536,-0.2921076215282107,5,Штатное развитие,неизвестно
EXT-ZGD-0001,2024-09-27,,,,,,,,,,,2024,,271,,,,0,,неизвестно
EXT-ZGD-0001,2024-09-28,,,,,,,,,,,2024,,272,,,,0,,неизвестно
EXT-ZGD-0001,2024-09-29,,,,,,,,,,,2024,,273,,,,0,,неизвестно
EXT-ZGD-0001,2024-09-30,,,,,,,,,,,2024,,274,,,,0,,неизвестно
EXT-ZGD-0001,2024-10-01,0.1894835697087325,0.09073864950543445,-0.3271048396697857,,,,,,,,2024,0.1894835697087325,275,0.20254311337141925,0.05562086937623273,-0.2347957485948107,5,Штатное развитие,неизвестно
EXT-ZGD-0001,2024-10-02,,,,,,,,,,,2024,,276,,,,0,,неизвестно
EXT-ZGD-0001,2024-10-03,,,,,,,,,,,2024,,277,,,,0,,неизвестно
EXT-ZGD-0001,2024-10-04,,,,,,,,,,,2024,,278,,,,0,,неизвестно
EXT-ZGD-0001,2024-10-05,,,,,,,,,,,2024,,279,,,,0,,неизвестно
EXT-ZGD-0001,2024-10-06,0.17579329590762205,0.08690222307082834,-0.309534757860893,,,,,,,,2024,0.17579329590762205,280,0.20386145533737274,0.05584103207199893,-0.5026439947163022,5,Штатное развитие,неизвестно
EXT-ZGD-0001,2024-10-07,,,,,,,,,,,2024,,281,,,,0,,неизвестно
EXT-ZGD-0001,2024-10-08,,,,,,,,,,,2024,,282,,,,0,,неизвестно
EXT-ZGD-0001,2024-10-09,,,,,,,,,,,2024,,283,,,,0,,неизвестно
EXT-ZGD-0001,2024-10-10,,,,,,,,,,,2024,,284,,,,0,,неизвестно
EXT-ZGD-0001,2024-10-11,0.1698427262851971,0.08185649753482896,-0.30364923789001375,,,,,,,,2024,0.1698427262851971,285,0.20425590990449422,0.05725468005734536,-0.6010545091655292,5,Штатное развитие,неизвестно
EXT-ZGD-0001,2024-10-12,,,,,,,,,,,2024,,286,,,,0,,неизвестно
EXT-ZGD-0001,2024-10-13,,,,,,,,,,,2024,,287,,,,0,,неизвестно
EXT-ZGD-0001,2024-10-14,,,,,,,,,,,2024,,288,,,,0,,неизвестно
EXT-ZGD-0001,2024-10-15,,,,,,,,,,,2024,,289,,,,0,,неизвестно
EXT-ZGD-0001,2024-10-16,0.138583878716562,0.0986625128570136,-0.2137831345098651,,,,,,,,2024,0.138583878716562,290,0.20610037931021796,0.060291537406934013,-1.1198337859251708,5,Угнетение биомассы,неизвестно
EXT-ZGD-0001,2024-10-17,,,,,,,,,,,2024,,291,,,,0,,неизвестно
EXT-ZGD-0001,2024-10-18,,,,,,,,,,,2024,,292,,,,0,,неизвестно
EXT-ZGD-0001,2024-10-19,,,,,,,,,,,2024,,293,,,,0,,неизвестно
EXT-ZGD-0001,2024-10-20,,,,,,,,,,,2024,,294,,,,0,,неизвестно
EXT-ZGD-0001,2024-10-21,,,,,,,,,,,2024,,295,,,,0,,неизвестно
EXT-ZGD-0001,2024-10-22,,,,,,,,,,,2024,,296,,,,0,,неизвестно
EXT-ZGD-0001,2024-10-23,,,,,,,,,,,2024,,297,,,,0,,неизвестно
EXT-ZGD-0001,2024-10-24,,,,,,,,,,,2024,,298,,,,0,,неизвестно
EXT-ZGD-0001,2024-10-25,,,,,,,,,,,2024,,299,,,,0,,неизвестно
EXT-ZGD-0001,2024-10-26,,,,,,,,,,,2024,,300,,,,0,,неизвестно
EXT-ZGD-0001,2024-10-27,,,,,,,,,,,2024,,301,,,,0,,неизвестно
EXT-ZGD-0001,2024-10-28,,,,,,,,,,,2024,,302,,,,0,,неизвестно
EXT-ZGD-0001,2024-10-29,,,,,,,,,,,2024,,303,,,,0,,неизвестно
EXT-ZGD-0001,2024-10-30,,,,,,,,,,,2024,,304,,,,0,,неизвестно
EXT-ZGD-0002,2019-04-01,0.5880476836186421,0.3578288792348806,-0.5615377109045621,,,,,,,,2019,0.5880476836186421,91,0.40537619986536017,0.1551077860074936,1.1777067319138752,3,Штатное развитие,неизвестно
EXT-ZGD-0002,2019-04-02,,,,,,,,,,,2019,,92,,,,0,,неизвестно
EXT-ZGD-0002,2019-04-03,,,,,,,,,,,2019,,93,,,,0,,неизвестно
EXT-ZGD-0002,2019-04-04,,,,,,,,,,,2019,,94,,,,0,,неизвестно
EXT-ZGD-0002,2019-04-05,,,,,,,,,,,2019,,95,,,,0,,неизвестно
EXT-ZGD-0002,2019-04-06,0.6094765743003411,0.42197218354639543,-0.559670568354059,,,,,,,,2019,0.6094765743003411,96,0.46671696110135175,0.15528183582054408,0.9193580977750262,4,Штатное развитие,неизвестно
EXT-ZGD-0002,2019-04-07,,,,,,,,,,,2019,,97,,,,0,,неизвестно
EXT-ZGD-0002,2019-04-08,,,,,,,,,,,2019,,98,,,,0,,неизвестно
EXT-ZGD-0002,2019-04-09,,,,,,,,,,,2019,,99,,,,0,,неизвестно
EXT-ZGD-0002,2019-04-10,,,,,,,,,,,2019,,100,,,,0,,неизвестно
EXT-ZGD-0002,2019-04-11,,,,,,,,,,,2019,,101,,,,0,,неизвестно
EXT-ZGD-0002,2019-04-12,,,,,,,,,,,2019,,102,,,,0,,неизвестно
EXT-ZGD-0002,2019-04-13,,,,,,,,,,,2019,,103,,,,0,,неизвестно
EXT-ZGD-0002,2019-04-14,,,,,,,,,,,2019,,104,,,,0,,неизвестно
EXT-ZGD-0002,2019-04-15,,,,,,,,,,,2019,,105,,,,0,,неизвестно
EXT-ZGD-0002,2019-04-16,,,,,,,,,,,2019,,106,,,,0,,неизвестно
EXT-ZGD-0002,2019-04-17,,,,,,,,,,,2019,,107,,,,0,,неизвестно
EXT-ZGD-0002,2019-04-18,,,,,,,,,,,2019,,108,,,,0,,неизвестно
EXT-ZGD-0002,2019-04-19,,,,,,,,,,,2019,,109,,,,0,,неизвестно
EXT-ZGD-0002,2019-04-20,,,,,,,,,,,2019,,110,,,,0,,неизвестно
EXT-ZGD-0002,2019-04-21,0.822268769075666,0.5821016506816017,-0.7304272247923893,,,,,,,,2019,0.822268769075666,111,0.48160719940371344,0.21230369743962726,1.6045955571208383,5,Штатное развитие,неизвестно
EXT-ZGD-0002,2019-04-22,,,,,,,,,,,2019,,112,,,,0,,неизвестно
EXT-ZGD-0002,2019-04-23,,,,,,,,,,,2019,,113,,,,0,,неизвестно
EXT-ZGD-0002,2019-04-24,,,,,,,,,,,2019,,114,,,,0,,неизвестно
EXT-ZGD-0002,2019-04-25,,,,,,,,,,,2019,,115,,,,0,,неизвестно
EXT-ZGD-0002,2019-04-26,0.813492701833822,0.6269685331124091,-0.719755120706449,,,,,,,,2019,0.813492701833822,116,0.46441016573416116,0.22329175157590792,1.5633472066745397,5,Штатное развитие,неизвестно
EXT-ZGD-0002,2019-04-27,,,,,,,,,,,2019,,117,,,,0,,неизвестно
EXT-ZGD-0002,2019-04-28,,,,,,,,,,,2019,,118,,,,0,,неизвестно
EXT-ZGD-0002,2019-04-29,,,,,,,,,,,2019,,119,,,,0,,неизвестно
EXT-ZGD-0002,2019-04-30,,,,,,,,,,,2019,,120,,,,0,,неизвестно
EXT-ZGD-0002,2019-05-01,,,,,,,,,,,2019,,121,,,,0,,неизвестно
EXT-ZGD-0002,2019-05-02,,,,,,,,,,,2019,,122,,,,0,,неизвестно
EXT-ZGD-0002,2019-05-03,,,,,,,,,,,2019,,123,,,,0,,неизвестно
EXT-ZGD-0002,2019-05-04,,,,,,,,,,,2019,,124,,,,0,,неизвестно
EXT-ZGD-0002,2019-05-05,,,,,,,,,,,2019,,125,,,,0,,неизвестно
EXT-ZGD-0002,2019-05-06,0.8906386577210029,0.7556296392530074,-0.7929506661082755,,,,,,,,2019,0.8906386577210029,126,0.4726967435274427,0.24653204024132375,1.6952843686542645,5,Штатное развитие,неизвестно
EXT-ZGD-0002,2019-05-07,,,,,,,,,,,2019,,127,,,,0,,неизвестно
EXT-ZGD-0002,2019-05-08,,,,,,,,,,,2019,,128,,,,0,,неизвестно
EXT-ZGD-0002,2019-05-09,,,,,,,,,,,2019,,129,,,,0,,неизвестно
EXT-ZGD-0002,2019-05-10,,,,,,,,,,,2019,,130,,,,0,,неизвестно
EXT-ZGD-0002,2019-05-11,0.8691442222445627,0.7693674254741891,-0.7773179512179236,,,,,,,,2019,0.8691442222445627,131,0.5339715585458387,0.24655160139674556,1.359442249816789,5,Штатное развитие,неизвестно
EXT-ZGD-0002,2019-05-12,,,,,,,,,,,2019,,132,,,,0,,неизвестно
EXT-ZGD-0002,2019-05-13,,,,,,,,,,,2019,,133,,,,0,,неизвестно
EXT-ZGD-0002,2019-05-14,,,,,,,,,,,2019,,134,,,,0,,неизвестно
EXT-ZGD-0002,2019-05-15,,,,,,,,,,,2019,,135,,,,0,,неизвестно
EXT-ZGD-0002,2019-05-16,0.8984388200558355,0.7461408941743112,-0.8105957083504169,,,,,,,,2019,0.8984388200558355,136,0.5549949854955836,0.24211151915228535,1.4185357052104148,5,Штатное развитие,неизвестно
EXT-ZGD-0002,2019-05-17,,,,,,,,,,,2019,,137,,,,0,,неизвестно
EXT-ZGD-0002,2019-05-18,,,,,,,,,,,2019,,138,,,,0,,неизвестно
EXT-ZGD-0002,2019-05-19,,,,,,,,,,,2019,,139,,,,0,,неизвестно
EXT-ZGD-0002,2019-05-20,,,,,,,,,,,2019,,140,,,,0,,неизвестно
EXT-ZGD-0002,2019-05-21,0.8934663405955607,0.7129422867818398,-0.818438751868859,,,,,,,,2019,0.8934663405955607,141,0.5836560127152497,0.24713325050121063,1.2536165297546369,5,Штатное развитие,неизвестно
EXT-ZGD-0002,2019-05-22,,,,,,,,,,,2019,,142,,,,0,,неизвестно
EXT-ZGD-0002,2019-05-23,,,,,,,,,,,2019,,143,,,,0,,неизвестно
EXT-ZGD-0002,2019-05-24,,,,,,,,,,,2019,,144,,,,0,,неизвестно
EXT-ZGD-0002,2019-05-25,,,,,,,,,,,2019,,145,,,,0,,неизвестно
EXT-ZGD-0002,2019-05-26,,,,,,,,,,,2019,,146,,,,0,,неизвестно
EXT-ZGD-0002,2019-05-27,,,,,,,,,,,2019,,147,,,,0,,неизвестно
EXT-ZGD-0002,2019-05-28,,,,,,,,,,,2019,,148,,,,0,,неизвестно
EXT-ZGD-0002,2019-05-29,,,,,,,,,,,2019,,149,,,,0,,неизвестно
EXT-ZGD-0002,2019-05-30,,,,,,,,,,,2019,,150,,,,0,,неизвестно
EXT-ZGD-0002,2019-05-31,0.8651810321481358,0.6288604055696417,-0.781304018701275,,,,,,,,2019,0.8651810321481358,151,0.6446280436552623,0.2077131001545727,1.0618154961278121,5,Штатное развитие,неизвестно
EXT-ZGD-0002,2019-06-01,,,,,,,,,,,2019,,152,,,,0,,неизвестно
EXT-ZGD-0002,2019-06-02,,,,,,,,,,,2019,,153,,,,0,,неизвестно
EXT-ZGD-0002,2019-06-03,,,,,,,,,,,2019,,154,,,,0,,неизвестно
EXT-ZGD-0002,2019-06-04,,,,,,,,,,,2019,,155,,,,0,,неизвестно
EXT-ZGD-0002,2019-06-05,0.8280784830313059,0.597699948848611,-0.7491037172929603,,,,,,,,2019,0.8280784830313059,156,0.616869613871149,0.22302252558237934,0.9470293128849949,5,Штатное развитие,неизвестно
EXT-ZGD-0002,2019-06-06,,,,,,,,,,,2019,,157,,,,0,,неизвестно
EXT-ZGD-0002,2019-06-07,,,,,,,,,,,2019,,158,,,,0,,неизвестно
EXT-ZGD-0002,2019-06-08,,,,,,,,,,,2019,,159,,,,0,,неизвестно
EXT-ZGD-0002,2019-06-09,,,,,,,,,,,2019,,160,,,,0,,неизвестно
EXT-ZGD-0002,2019-06-10,0.8066049211271338,0.4862177524318045,-0.7558854830712234,,,,,,,,2019,0.8066049211271338,161,0.6152647131532999,0.21742865027773955,0.880013777988408,5,Штатное развитие,неизвестно
EXT-ZGD-0002,2019-06-11,,,,,,,,,,,2019,,162,,,,0,,неизвестно
EXT-ZGD-0002,2019-06-12,,,,,,,,,,,2019,,163,,,,0,,неизвестно
EXT-ZGD-0002,2019-06-13,,,,,,,,,,,2019,,164,,,,0,,неизвестно
EXT-ZGD-0002,2019-06-14,,,,,,,,,,,2019,,165,,,,0,,неизвестно
EXT-ZGD-0002,2019-06-15,0.5075850508511848,0.28221766079598964,-0.6258869251275225,,,,,,,,2019,0.5075850508511848,166,0.6010931057326155,0.22274503124012388,-0.41979861171685173,5,Штатное развитие,неизвестно
EXT-ZGD-0002,2019-06-16,,,,,,,,,,,2019,,167,,,,0,,неизвестно
EXT-ZGD-0002,2019-06-17,,,,,,,,,,,2019,,168,,,,0,,неизвестно
EXT-ZGD-0002,2019-06-18,,,,,,,,,,,2019,,169,,,,0,,неизвестно
EXT-ZGD-0002,2019-06-19,,,,,,,,,,,2019,,170,,,,0,,неизвестно
EXT-ZGD-0002,2019-06-20,0.31442354802484007,0.1797088812322255,-0.5185423594973644,,,,,,,,2019,0.31442354802484007,171,0.5880960915511827,0.23286271592194455,-1.1752527339674141,5,Угнетение биомассы,неизвестно
EXT-ZGD-0002,2019-06-21,,,,,,,,,,,2019,,172,,,,0,,неизвестно
EXT-ZGD-0002,2019-06-22,,,,,,,,,,,2019,,173,,,,0,,неизвестно
EXT-ZGD-0002,2019-06-23,,,,,,,,,,,2019,,174,,,,0,,неизвестно
EXT-ZGD-0002,2019-06-24,,,,,,,,,,,2019,,175,,,,0,,неизвестно
EXT-ZGD-0002,2019-06-25,0.2573304692847086,0.1806818150049245,-0.45504500999772995,,,,,,,,2019,0.2573304692847086,176,0.5567503090608836,0.23741717022282904,-1.261154951409593,5,Угнетение биомассы,неизвестно
EXT-ZGD-0002,2019-06-26,,,,,,,,,,,2019,,177,,,,0,,неизвестно
EXT-ZGD-0002,2019-06-27,,,,,,,,,,,2019,,178,,,,0,,неизвестно
EXT-ZGD-0002,2019-06-28,,,,,,,,,,,2019,,179,,,,0,,неизвестно
EXT-ZGD-0002,2019-06-29,,,,,,,,,,,2019,,180,,,,0,,неизвестно
EXT-ZGD-0002,2019-06-30,0.2675552337601575,0.17393706355698196,-0.4844179572569204,,,,,,,,2019,0.2675552337601575,181,0.5011850274183735,0.25933481557961197,-0.9008809447202628,5,Штатное развитие,неизвестно
EXT-ZGD-0002,2019-07-01,,,,,,,,,,,2019,,182,,,,0,,неизвестно
EXT-ZGD-0002,2019-07-02,,,,,,,,,,,2019,,183,,,,0,,неизвестно
EXT-ZGD-0002,2019-07-03,,,,,,,,,,,2019,,184,,,,0,,неизвестно
EXT-ZGD-0002,2019-07-04,,,,,,,,,,,2019,,185,,,,0,,неизвестно
EXT-ZGD-0002,2019-07-05,,,,,,,,,,,2019,,186,,,,0,,неизвестно
EXT-ZGD-0002,2019-07-06,,,,,,,,,,,2019,,187,,,,0,,неизвестно
EXT-ZGD-0002,2019-07-07,,,,,,,,,,,2019,,188,,,,0,,неизвестно
EXT-ZGD-0002,2019-07-08,,,,,,,,,,,2019,,189,,,,0,,неизвестно
EXT-ZGD-0002,2019-07-09,,,,,,,,,,,2019,,190,,,,0,,неизвестно
EXT-ZGD-0002,2019-07-10,,,,,,,,,,,2019,,191,,,,0,,неизвестно
EXT-ZGD-0002,2019-07-11,,,,,,,,,,,2019,,192,,,,0,,неизвестно
EXT-ZGD-0002,2019-07-12,,,,,,,,,,,2019,,193,,,,0,,неизвестно
EXT-ZGD-0002,2019-07-13,,,,,,,,,,,2019,,194,,,,0,,неизвестно
EXT-ZGD-0002,2019-07-14,,,,,,,,,,,2019,,195,,,,0,,неизвестно
EXT-ZGD-0002,2019-07-15,,,,,,,,,,,2019,,196,,,,0,,неизвестно
EXT-ZGD-0002,2019-07-16,,,,,,,,,,,2019,,197,,,,0,,неизвестно
EXT-ZGD-0002,2019-07-17,,,,,,,,,,,2019,,198,,,,0,,неизвестно
EXT-ZGD-0002,2019-07-18,,,,,,,,,,,2019,,199,,,,0,,неизвестно
EXT-ZGD-0002,2019-07-19,,,,,,,,,,,2019,,200,,,,0,,неизвестно
EXT-ZGD-0002,2019-07-20,0.11915117910384246,0.0839033969474679,-0.24600541346000482,,,,,,,,2019,0.11915117910384246,201,0.3923156437701366,0.22816690189317018,-1.197213366179606,5,Угнетение биомассы,неизвестно
EXT-ZGD-0002,2019-07-21,,,,,,,,,,,2019,,202,,,,0,,неизвестно
EXT-ZGD-0002,2019-07-22,,,,,,,,,,,2019,,203,,,,0,,неизвестно
EXT-ZGD-0002,2019-07-23,,,,,,,,,,,2019,,204,,,,0,,неизвестно
EXT-ZGD-0002,2019-07-24,,,,,,,,,,,2019,,205,,,,0,,неизвестно
EXT-ZGD-0002,2019-07-25,,,,,,,,,,,2019,,206,,,,0,,неизвестно
EXT-ZGD-0002,2019-07-26,,,,,,,,,,,2019,,207,,,,0,,неизвестно
EXT-ZGD-0002,2019-07-27,,,,,,,,,,,2019,,208,,,,0,,неизвестно
EXT-ZGD-0002,2019-07-28,,,,,,,,,,,2019,,209,,,,0,,неизвестно
EXT-ZGD-0002,2019-07-29,,,,,,,,,,,2019,,210,,,,0,,неизвестно
EXT-ZGD-0002,2019-07-30,,,,,,,,,,,2019,,211,,,,0,,неизвестно
EXT-ZGD-0002,2019-07-31,,,,,,,,,,,2019,,212,,,,0,,неизвестно
EXT-ZGD-0002,2019-08-01,,,,,,,,,,,2019,,213,,,,0,,неизвестно
EXT-ZGD-0002,2019-08-02,,,,,,,,,,,2019,,214,,,,0,,неизвестно
EXT-ZGD-0002,2019-08-03,,,,,,,,,,,2019,,215,,,,0,,неизвестно
EXT-ZGD-0002,2019-08-04,,,,,,,,,,,2019,,216,,,,0,,неизвестно
EXT-ZGD-0002,2019-08-05,,,,,,,,,,,2019,,217,,,,0,,неизвестно
EXT-ZGD-0002,2019-08-06,,,,,,,,,,,2019,,218,,,,0,,неизвестно
EXT-ZGD-0002,2019-08-07,,,,,,,,,,,2019,,219,,,,0,,неизвестно
EXT-ZGD-0002,2019-08-08,,,,,,,,,,,2019,,220,,,,0,,неизвестно
EXT-ZGD-0002,2019-08-09,0.3046437390927932,0.1933576382437115,-0.391079299137037,,,,,,,,2019,0.3046437390927932,221,0.3510823279600309,0.18374697452679123,-0.2527311755027931,5,Штатное развитие,неизвестно
EXT-ZGD-0002,2019-08-10,,,,,,,,,,,2019,,222,,,,0,,неизвестно
EXT-ZGD-0002,2019-08-11,,,,,,,,,,,2019,,223,,,,0,,неизвестно
EXT-ZGD-0002,2019-08-12,,,,,,,,,,,2019,,224,,,,0,,неизвестно
EXT-ZGD-0002,2019-08-13,,,,,,,,,,,2019,,225,,,,0,,неизвестно
EXT-ZGD-0002,2019-08-14,0.3301273895676984,0.21779481374701196,-0.41016622365034816,,,,,,,,2019,0.3301273895676984,226,0.3638373056003743,0.15708183346035923,-0.21460098402265512,5,Штатное развитие,неизвестно
EXT-ZGD-0002,2019-08-15,,,,,,,,,,,2019,,227,,,,0,,неизвестно
EXT-ZGD-0002,2019-08-16,,,,,,,,,,,2019,,228,,,,0,,неизвестно
EXT-ZGD-0002,2019-08-17,,,,,,,,,,,2019,,229,,,,0,,неизвестно
EXT-ZGD-0002,2019-08-18,,,,,,,,,,,2019,,230,,,,0,,неизвестно
EXT-ZGD-0002,2019-08-19,,,,,,,,,,,2019,,231,,,,0,,неизвестно
EXT-ZGD-0002,2019-08-20,,,,,,,,,,,2019,,232,,,,0,,неизвестно
EXT-ZGD-0002,2019-08-21,,,,,,,,,,,2019,,233,,,,0,,неизвестно
EXT-ZGD-0002,2019-08-22,,,,,,,,,,,2019,,234,,,,0,,неизвестно
EXT-ZGD-0002,2019-08-23,,,,,,,,,,,2019,,235,,,,0,,неизвестно
EXT-ZGD-0002,2019-08-24,,,,,,,,,,,2019,,236,,,,0,,неизвестно
EXT-ZGD-0002,2019-08-25,,,,,,,,,,,2019,,237,,,,0,,неизвестно
EXT-ZGD-0002,2019-08-26,,,,,,,,,,,2019,,238,,,,0,,неизвестно
EXT-ZGD-0002,2019-08-27,,,,,,,,,,,2019,,239,,,,0,,неизвестно
EXT-ZGD-0002,2019-08-28,,,,,,,,,,,2019,,240,,,,0,,неизвестно
EXT-ZGD-0002,2019-08-29,0.173830966546973,0.09864114123367285,-0.3124851640301951,,,,,,,,2019,0.173830966546973,241,0.31425144434092617,0.12899242403642303,-1.0885947670407625,5,Угнетение биомассы,неизвестно
EXT-ZGD-0002,2019-08-30,,,,,,,,,,,2019,,242,,,,0,,неизвестно
EXT-ZGD-0002,2019-08-31,,,,,,,,,,,2019,,243,,,,0,,неизвестно
EXT-ZGD-0002,2019-09-01,,,,,,,,,,,2019,,244,,,,0,,неизвестно
EXT-ZGD-0002,2019-09-02,,,,,,,,,,,2019,,245,,,,0,,неизвестно
EXT-ZGD-0002,2019-09-03,0.1561317381579214,0.09176920206598504,-0.2832106499490912,,,,,,,,2019,0.1561317381579214,246,0.2942424188267218,0.12852063468996894,-1.0746187256386153,5,Угнетение биомассы,неизвестно
EXT-ZGD-0002,2019-09-04,,,,,,,,,,,2019,,247,,,,0,,неизвестно
EXT-ZGD-0002,2019-09-05,,,,,,,,,,,2019,,248,,,,0,,неизвестно
EXT-ZGD-0002,2019-09-06,,,,,,,,,,,2019,,249,,,,0,,неизвестно
EXT-ZGD-0002,2019-09-07,,,,,,,,,,,2019,,250,,,,0,,неизвестно
EXT-ZGD-0002,2019-09-08,,,,,,,,,,,2019,,251,,,,0,,неизвестно
EXT-ZGD-0002,2019-09-09,,,,,,,,,,,2019,,252,,,,0,,неизвестно
EXT-ZGD-0002,2019-09-10,,,,,,,,,,,2019,,253,,,,0,,неизвестно
EXT-ZGD-0002,2019-09-11,,,,,,,,,,,2019,,254,,,,0,,неизвестно
EXT-ZGD-0002,2019-09-12,,,,,,,,,,,2019,,255,,,,0,,неизвестно
EXT-ZGD-0002,2019-09-13,0.1718054226801795,0.10448943357825394,-0.3066366994222848,,,,,,,,2019,0.1718054226801795,256,0.25582499677491505,0.11935526759915292,-0.7039452534002096,5,Штатное развитие,неизвестно
EXT-ZGD-0002,2019-09-14,,,,,,,,,,,2019,,257,,,,0,,неизвестно
EXT-ZGD-0002,2019-09-15,,,,,,,,,,,2019,,258,,,,0,,неизвестно
EXT-ZGD-0002,2019-09-16,,,,,,,,,,,2019,,259,,,,0,,неизвестно
EXT-ZGD-0002,2019-09-17,,,,,,,,,,,2019,,260,,,,0,,неизвестно
EXT-ZGD-0002,2019-09-18,,,,,,,,,,,2019,,261,,,,0,,неизвестно
EXT-ZGD-0002,2019-09-19,,,,,,,,,,,2019,,262,,,,0,,неизвестно
EXT-ZGD-0002,2019-09-20,,,,,,,,,,,2019,,263,,,,0,,неизвестно
EXT-ZGD-0002,2019-09-21,,,,,,,,,,,2019,,264,,,,0,,неизвестно
EXT-ZGD-0002,2019-09-22,,,,,,,,,,,2019,,265,,,,0,,неизвестно
EXT-ZGD-0002,2019-09-23,,,,,,,,,,,2019,,266,,,,0,,неизвестно
EXT-ZGD-0002,2019-09-24,,,,,,,,,,,2019,,267,,,,0,,неизвестно
EXT-ZGD-0002,2019-09-25,,,,,,,,,,,2019,,268,,,,0,,неизвестно
EXT-ZGD-0002,2019-09-26,,,,,,,,,,,2019,,269,,,,0,,неизвестно
EXT-ZGD-0002,2019-09-27,,,,,,,,,,,2019,,270,,,,0,,неизвестно
EXT-ZGD-0002,2019-09-28,0.1757659692777236,0.12010131988219755,-0.28125233362201824,,,,,,,,2019,0.1757659692777236,271,0.20859088450241836,0.07549255084829178,-0.43480998927508785,5,Штатное развитие,неизвестно
EXT-ZGD-0002,2019-09-29,,,,,,,,,,,2019,,272,,,,0,,неизвестно
EXT-ZGD-0002,2019-09-30,,,,,,,,,,,2019,,273,,,,0,,неизвестно
EXT-ZGD-0002,2019-10-01,,,,,,,,,,,2019,,274,,,,0,,неизвестно
EXT-ZGD-0002,2019-10-02,,,,,,,,,,,2019,,275,,,,0,,неизвестно
EXT-ZGD-0002,2019-10-03,,,,,,,,,,,2019,,276,,,,0,,неизвестно
EXT-ZGD-0002,2019-10-04,,,,,,,,,,,2019,,277,,,,0,,неизвестно
EXT-ZGD-0002,2019-10-05,,,,,,,,,,,2019,,278,,,,0,,неизвестно
EXT-ZGD-0002,2019-10-06,,,,,,,,,,,2019,,279,,,,0,,неизвестно
EXT-ZGD-0002,2019-10-07,,,,,,,,,,,2019,,280,,,,0,,неизвестно
EXT-ZGD-0002,2019-10-08,,,,,,,,,,,2019,,281,,,,0,,неизвестно
EXT-ZGD-0002,2019-10-09,,,,,,,,,,,2019,,282,,,,0,,неизвестно
EXT-ZGD-0002,2019-10-10,,,,,,,,,,,2019,,283,,,,0,,неизвестно
EXT-ZGD-0002,2019-10-11,,,,,,,,,,,2019,,284,,,,0,,неизвестно
EXT-ZGD-0002,2019-10-12,,,,,,,,,,,2019,,285,,,,0,,неизвестно
EXT-ZGD-0002,2019-10-13,0.2578731911762284,0.14454277000728583,-0.3427811988672577,,,,,,,,2019,0.2578731911762284,286,0.19685762929280906,0.058121363334753096,1.049795778739686,5,Штатное развитие,неизвестно
EXT-ZGD-0002,2019-10-14,,,,,,,,,,,2019,,287,,,,0,,неизвестно
EXT-ZGD-0002,2019-10-15,,,,,,,,,,,2019,,288,,,,0,,неизвестно
EXT-ZGD-0002,2019-10-16,,,,,,,,,,,2019,,289,,,,0,,неизвестно
EXT-ZGD-0002,2019-10-17,,,,,,,,,,,2019,,290,,,,0,,неизвестно
EXT-ZGD-0002,2019-10-18,,,,,,,,,,,2019,,291,,,,0,,неизвестно
EXT-ZGD-0002,2019-10-19,,,,,,,,,,,2019,,292,,,,0,,неизвестно
EXT-ZGD-0002,2019-10-20,,,,,,,,,,,2019,,293,,,,0,,неизвестно
EXT-ZGD-0002,2019-10-21,,,,,,,,,,,2019,,294,,,,0,,неизвестно
EXT-ZGD-0002,2019-10-22,,,,,,,,,,,2019,,295,,,,0,,неизвестно
EXT-ZGD-0002,2019-10-23,0.13474296606604796,0.023932109526950053,-0.20585076706676705,,,,,,,,2019,0.13474296606604796,296,0.19461562624498624,0.04794169697646536,-1.2488640151459354,5,Угнетение биомассы,неизвестно
EXT-ZGD-0002,2019-10-24,,,,,,,,,,,2019,,297,,,,0,,неизвестно
EXT-ZGD-0002,2019-10-25,,,,,,,,,,,2019,,298,,,,0,,неизвестно
EXT-ZGD-0002,2019-10-26,,,,,,,,,,,2019,,299,,,,0,,неизвестно
EXT-ZGD-0002,2019-10-27,,,,,,,,,,,2019,,300,,,,0,,неизвестно
EXT-ZGD-0002,2019-10-28,0.16307991993228735,0.0702877694998595,-0.303452508451386,,,,,,,,2019,0.16307991993228735,301,0.20055356013372785,0.05032866171936683,-0.7445785149303976,5,Штатное развитие,неизвестно
EXT-ZGD-0002,2019-10-29,,,,,,,,,,,2019,,302,,,,0,,неизвестно
EXT-ZGD-0002,2019-10-30,,,,,,,,,,,2019,,303,,,,0,,неизвестно
EXT-ZGD-0002,2020-04-01,,,,,,,,,,,2020,,92,,,,0,,неизвестно
EXT-ZGD-0002,2020-04-02,,,,,,,,,,,2020,,93,,,,0,,неизвестно
EXT-ZGD-0002,2020-04-03,,,,,,,,,,,2020,,94,,,,0,,неизвестно
EXT-ZGD-0002,2020-04-04,,,,,,,,,,,2020,,95,,,,0,,неизвестно
EXT-ZGD-0002,2020-04-05,,,,,,,,,,,2020,,96,,,,0,,неизвестно
EXT-ZGD-0002,2020-04-06,,,,,,,,,,,2020,,97,,,,0,,неизвестно
EXT-ZGD-0002,2020-04-07,,,,,,,,,,,2020,,98,,,,0,,неизвестно
EXT-ZGD-0002,2020-04-08,,,,,,,,,,,2020,,99,,,,0,,неизвестно
EXT-ZGD-0002,2020-04-09,,,,,,,,,,,2020,,100,,,,0,,неизвестно
EXT-ZGD-0002,2020-04-10,0.39546673723509274,0.2344365939002826,-0.4326346185514779,,,,,,,,2020,0.39546673723509274,101,0.5861591246683998,0.19380826186813194,-0.9839229019197081,4,Штатное развитие,неизвестно
EXT-ZGD-0002,2020-04-11,,,,,,,,,,,2020,,102,,,,0,,неизвестно
EXT-ZGD-0002,2020-04-12,,,,,,,,,,,2020,,103,,,,0,,неизвестно
EXT-ZGD-0002,2020-04-13,,,,,,,,,,,2020,,104,,,,0,,неизвестно
EXT-ZGD-0002,2020-04-14,,,,,,,,,,,2020,,105,,,,0,,неизвестно
EXT-ZGD-0002,2020-04-15,,,,,,,,,,,2020,,106,,,,0,,неизвестно
EXT-ZGD-0002,2020-04-16,,,,,,,,,,,2020,,107,,,,0,,неизвестно
EXT-ZGD-0002,2020-04-17,,,,,,,,,,,2020,,108,,,,0,,неизвестно
EXT-ZGD-0002,2020-04-18,,,,,,,,,,,2020,,109,,,,0,,неизвестно
EXT-ZGD-0002,2020-04-19,,,,,,,,,,,2020,,110,,,,0,,неизвестно
EXT-ZGD-0002,2020-04-20,,,,,,,,,,,2020,,111,,,,0,,неизвестно
EXT-ZGD-0002,2020-04-21,,,,,,,,,,,2020,,112,,,,0,,неизвестно
EXT-ZGD-0002,2020-04-22,,,,,,,,,,,2020,,113,,,,0,,неизвестно
EXT-ZGD-0002,2020-04-23,,,,,,,,,,,2020,,114,,,,0,,неизвестно
EXT-ZGD-0002,2020-04-24,,,,,,,,,,,2020,,115,,,,0,,неизвестно
EXT-ZGD-0002,2020-04-25,0.548847760854291,0.34468556574630704,-0.5537148010075634,,,,,,,,2020,0.548847760854291,116,0.5693357832454982,0.27540526173902397,-0.07439226927560219,5,Штатное развитие,неизвестно
EXT-ZGD-0002,2020-04-26,,,,,,,,,,,2020,,117,,,,0,,неизвестно
EXT-ZGD-0002,2020-04-27,,,,,,,,,,,2020,,118,,,,0,,неизвестно
EXT-ZGD-0002,2020-04-28,,,,,,,,,,,2020,,119,,,,0,,неизвестно
EXT-ZGD-0002,2020-04-29,,,,,,,,,,,2020,,120,,,,0,,неизвестно
EXT-ZGD-0002,2020-04-30,0.5985616616987335,0.3964857372059336,-0.5830335897289026,,,,,,,,2020,0.5985616616987335,121,0.5554209726527772,0.29499751646463457,0.14624085505183607,5,Штатное развитие,неизвестно
EXT-ZGD-0002,2020-05-01,,,,,,,,,,,2020,,122,,,,0,,неизвестно
EXT-ZGD-0002,2020-05-02,,,,,,,,,,,2020,,123,,,,0,,неизвестно
EXT-ZGD-0002,2020-05-03,,,,,,,,,,,2020,,124,,,,0,,неизвестно
EXT-ZGD-0002,2020-05-04,,,,,,,,,,,2020,,125,,,,0,,неизвестно
EXT-ZGD-0002,2020-05-05,,,,,,,,,,,2020,,126,,,,0,,неизвестно
EXT-ZGD-0002,2020-05-06,,,,,,,,,,,2020,,127,,,,0,,неизвестно
EXT-ZGD-0002,2020-05-07,,,,,,,,,,,2020,,128,,,,0,,неизвестно
EXT-ZGD-0002,2020-05-08,,,,,,,,,,,2020,,129,,,,0,,неизвестно
EXT-ZGD-0002,2020-05-09,,,,,,,,,,,2020,,130,,,,0,,неизвестно
EXT-ZGD-0002,2020-05-10,,,,,,,,,,,2020,,131,,,,0,,неизвестно
EXT-ZGD-0002,2020-05-11,,,,,,,,,,,2020,,132,,,,0,,неизвестно
EXT-ZGD-0002,2020-05-12,,,,,,,,,,,2020,,133,,,,0,,неизвестно
EXT-ZGD-0002,2020-05-13,,,,,,,,,,,2020,,134,,,,0,,неизвестно
EXT-ZGD-0002,2020-05-14,,,,,,,,,,,2020,,135,,,,0,,неизвестно
EXT-ZGD-0002,2020-05-15,0.7529533737933976,0.5528519080383782,-0.6807242007821598,,,,,,,,2020,0.7529533737933976,136,0.6176855035805986,0.27471089739538207,0.49240081662327545,5,Штатное развитие,неизвестно
EXT-ZGD-0002,2020-05-16,,,,,,,,,,,2020,,137,,,,0,,неизвестно
EXT-ZGD-0002,2020-05-17,,,,,,,,,,,2020,,138,,,,0,,неизвестно
EXT-ZGD-0002,2020-05-18,,,,,,,,,,,2020,,139,,,,0,,неизвестно
EXT-ZGD-0002,2020-05-19,,,,,,,,,,,2020,,140,,,,0,,неизвестно
EXT-ZGD-0002,2020-05-20,0.7791649319863985,0.6074679859420861,-0.708990427352759,,,,,,,,2020,0.7791649319863985,141,0.6295192917374156,0.27027603104730097,0.5536770673637478,5,Штатное развитие,неизвестно
EXT-ZGD-0002,2020-05-21,,,,,,,,,,,2020,,142,,,,0,,неизвестно
EXT-ZGD-0002,2020-05-22,,,,,,,,,,,2020,,143,,,,0,,неизвестно
EXT-ZGD-0002,2020-05-23,,,,,,,,,,,2020,,144,,,,0,,неизвестно
EXT-ZGD-0002,2020-05-24,,,,,,,,,,,2020,,145,,,,0,,неизвестно
EXT-ZGD-0002,2020-05-25,,,,,,,,,,,2020,,146,,,,0,,неизвестно
EXT-ZGD-0002,2020-05-26,,,,,,,,,,,2020,,147,,,,0,,неизвестно
EXT-ZGD-0002,2020-05-27,,,,,,,,,,,2020,,148,,,,0,,неизвестно
EXT-ZGD-0002,2020-05-28,,,,,,,,,,,2020,,149,,,,0,,неизвестно
EXT-ZGD-0002,2020-05-29,,,,,,,,,,,2020,,150,,,,0,,неизвестно
EXT-ZGD-0002,2020-05-30,0.8124686597561734,0.6660716394803097,-0.7168885519873647,,,,,,,,2020,0.8124686597561734,151,0.6471676003732552,0.23011580670669812,0.7183385693865365,5,Штатное развитие,неизвестно
EXT-ZGD-0002,2020-05-31,,,,,,,,,,,2020,,152,,,,0,,неизвестно
EXT-ZGD-0002,2020-06-01,,,,,,,,,,,2020,,153,,,,0,,неизвестно
EXT-ZGD-0002,2020-06-02,,,,,,,,,,,2020,,154,,,,0,,неизвестно
EXT-ZGD-0002,2020-06-03,,,,,,,,,,,2020,,155,,,,0,,неизвестно
EXT-ZGD-0002,2020-06-04,0.8203290404303637,0.6311727252390067,-0.7284135423257317,,,,,,,,2020,0.8203290404303637,156,0.5941229481622498,0.2482562940516252,0.9111796868323271,5,Штатное развитие,неизвестно
EXT-ZGD-0002,2020-06-05,,,,,,,,,,,2020,,157,,,,0,,неизвестно
EXT-ZGD-0002,2020-06-06,,,,,,,,,,,2020,,158,,,,0,,неизвестно
EXT-ZGD-0002,2020-06-07,,,,,,,,,,,2020,,159,,,,0,,неизвестно
EXT-ZGD-0002,2020-06-08,,,,,,,,,,,2020,,160,,,,0,,неизвестно
EXT-ZGD-0002,2020-06-09,0.7871532160999022,0.5234775985560078,-0.7246763446399056,,,,,,,,2020,0.7871532160999022,161,0.5832593775109705,0.23963889876249533,0.8508378215800836,5,Штатное развитие,неизвестно
EXT-ZGD-0002,2020-06-10,,,,,,,,,,,2020,,162,,,,0,,неизвестно
EXT-ZGD-0002,2020-06-11,,,,,,,,,,,2020,,163,,,,0,,неизвестно
EXT-ZGD-0002,2020-06-12,,,,,,,,,,,2020,,164,,,,0,,неизвестно
EXT-ZGD-0002,2020-06-13,,,,,,,,,,,2020,,165,,,,0,,неизвестно
EXT-ZGD-0002,2020-06-14,0.6857268609059537,0.4726363860728724,-0.6386370536686068,,,,,,,,2020,0.6857268609059537,166,0.5802568219250714,0.23176676750916614,0.4550697242507428,5,Штатное развитие,неизвестно
EXT-ZGD-0002,2020-06-15,,,,,,,,,,,2020,,167,,,,0,,неизвестно
EXT-ZGD-0002,2020-06-16,,,,,,,,,,,2020,,168,,,,0,,неизвестно
EXT-ZGD-0002,2020-06-17,,,,,,,,,,,2020,,169,,,,0,,неизвестно
EXT-ZGD-0002,2020-06-18,,,,,,,,,,,2020,,170,,,,0,,неизвестно
EXT-ZGD-0002,2020-06-19,,,,,,,,,,,2020,,171,,,,0,,неизвестно
EXT-ZGD-0002,2020-06-20,,,,,,,,,,,2020,,172,,,,0,,неизвестно
EXT-ZGD-0002,2020-06-21,,,,,,,,,,,2020,,173,,,,0,,неизвестно
EXT-ZGD-0002,2020-06-22,,,,,,,,,,,2020,,174,,,,0,,неизвестно
EXT-ZGD-0002,2020-06-23,,,,,,,,,,,2020,,175,,,,0,,неизвестно
EXT-ZGD-0002,2020-06-24,,,,,,,,,,,2020,,176,,,,0,,неизвестно
EXT-ZGD-0002,2020-06-25,,,,,,,,,,,2020,,177,,,,0,,неизвестно
EXT-ZGD-0002,2020-06-26,,,,,,,,,,,2020,,178,,,,0,,неизвестно
EXT-ZGD-0002,2020-06-27,,,,,,,,,,,2020,,179,,,,0,,неизвестно
EXT-ZGD-0002,2020-06-28,,,,,,,,,,,2020,,180,,,,0,,неизвестно
EXT-ZGD-0002,2020-06-29,0.2969649918265541,0.1854960927308582,-0.4102174033623029,,,,,,,,2020,0.2969649918265541,181,0.48563056427030565,0.25637434746913984,-0.7358987913814642,5,Штатное развитие,неизвестно
EXT-ZGD-0002,2020-06-30,,,,,,,,,,,2020,,182,,,,0,,неизвестно
EXT-ZGD-0002,2020-07-01,,,,,,,,,,,2020,,183,,,,0,,неизвестно
EXT-ZGD-0002,2020-07-02,,,,,,,,,,,2020,,184,,,,0,,неизвестно
EXT-ZGD-0002,2020-07-03,,,,,,,,,,,2020,,185,,,,0,,неизвестно
EXT-ZGD-0002,2020-07-04,0.2597485396267858,0.1386966653113781,-0.4189459064043707,,,,,,,,2020,0.2597485396267858,186,0.46090549107017487,0.25238428548631414,-0.7970264513726908,5,Штатное развитие,неизвестно
EXT-ZGD-0002,2020-07-05,,,,,,,,,,,2020,,187,,,,0,,неизвестно
EXT-ZGD-0002,2020-07-06,,,,,,,,,,,2020,,188,,,,0,,неизвестно
EXT-ZGD-0002,2020-07-07,,,,,,,,,,,2020,,189,,,,0,,неизвестно
EXT-ZGD-0002,2020-07-08,,,,,,,,,,,2020,,190,,,,0,,неизвестно
EXT-ZGD-0002,2020-07-09,,,,,,,,,,,2020,,191,,,,0,,неизвестно
EXT-ZGD-0002,2020-07-10,,,,,,,,,,,2020,,192,,,,0,,неизвестно
EXT-ZGD-0002,2020-07-11,,,,,,,,,,,2020,,193,,,,0,,неизвестно
EXT-ZGD-0002,2020-07-12,,,,,,,,,,,2020,,194,,,,0,,неизвестно
EXT-ZGD-0002,2020-07-13,,,,,,,,,,,2020,,195,,,,0,,неизвестно
EXT-ZGD-0002,2020-07-14,,,,,,,,,,,2020,,196,,,,0,,неизвестно
EXT-ZGD-0002,2020-07-15,,,,,,,,,,,2020,,197,,,,0,,неизвестно
EXT-ZGD-0002,2020-07-16,,,,,,,,,,,2020,,198,,,,0,,неизвестно
EXT-ZGD-0002,2020-07-17,,,,,,,,,,,2020,,199,,,,0,,неизвестно
EXT-ZGD-0002,2020-07-18,,,,,,,,,,,2020,,200,,,,0,,неизвестно
EXT-ZGD-0002,2020-07-19,0.13073334497599184,0.10007752091745614,-0.2807672230397167,,,,,,,,2020,0.13073334497599184,201,0.4046901188253629,0.2329886755337367,-1.1758372943310806,5,Угнетение биомассы,неизвестно
EXT-ZGD-0002,2020-07-20,,,,,,,,,,,2020,,202,,,,0,,неизвестно
EXT-ZGD-0002,2020-07-21,,,,,,,,,,,2020,,203,,,,0,,неизвестно
EXT-ZGD-0002,2020-07-22,,,,,,,,,,,2020,,204,,,,0,,неизвестно
EXT-ZGD-0002,2020-07-23,,,,,,,,,,,2020,,205,,,,0,,неизвестно
EXT-ZGD-0002,2020-07-24,0.171848005241317,0.12353657349535285,-0.3139330641749175,,,,,,,,2020,0.171848005241317,206,0.4019251030139062,0.2278562287639888,-1.0097467996404907,5,Угнетение биомассы,неизвестно
EXT-ZGD-0002,2020-07-25,,,,,,,,,,,2020,,207,,,,0,,неизвестно
EXT-ZGD-0002,2020-07-26,,,,,,,,,,,2020,,208,,,,0,,неизвестно
EXT-ZGD-0002,2020-07-27,,,,,,,,,,,2020,,209,,,,0,,неизвестно
EXT-ZGD-0002,2020-07-28,,,,,,,,,,,2020,,210,,,,0,,неизвестно
EXT-ZGD-0002,2020-07-29,,,,,,,,,,,2020,,211,,,,0,,неизвестно
EXT-ZGD-0002,2020-07-30,,,,,,,,,,,2020,,212,,,,0,,неизвестно
EXT-ZGD-0002,2020-07-31,,,,,,,,,,,2020,,213,,,,0,,неизвестно
EXT-ZGD-0002,2020-08-01,,,,,,,,,,,2020,,214,,,,0,,неизвестно
EXT-ZGD-0002,2020-08-02,,,,,,,,,,,2020,,215,,,,0,,неизвестно
EXT-ZGD-0002,2020-08-03,,,,,,,,,,,2020,,216,,,,0,,неизвестно
EXT-ZGD-0002,2020-08-04,,,,,,,,,,,2020,,217,,,,0,,неизвестно
EXT-ZGD-0002,2020-08-05,,,,,,,,,,,2020,,218,,,,0,,неизвестно
EXT-ZGD-0002,2020-08-06,,,,,,,,,,,2020,,219,,,,0,,неизвестно
EXT-ZGD-0002,2020-08-07,,,,,,,,,,,2020,,220,,,,0,,неизвестно
EXT-ZGD-0002,2020-08-08,0.33207363155621317,0.2286093217891432,-0.4073235042938679,,,,,,,,2020,0.33207363155621317,221,0.34590208782855386,0.18376632200419776,-0.07525022061455205,5,Штатное развитие,неизвестно
EXT-ZGD-0002,2020-08-09,,,,,,,,,,,2020,,222,,,,0,,неизвестно
EXT-ZGD-0002,2020-08-10,,,,,,,,,,,2020,,223,,,,0,,неизвестно
EXT-ZGD-0002,2020-08-11,,,,,,,,,,,2020,,224,,,,0,,неизвестно
EXT-ZGD-0002,2020-08-12,,,,,,,,,,,2020,,225,,,,0,,неизвестно
EXT-ZGD-0002,2020-08-13,,,,,,,,,,,2020,,226,,,,0,,неизвестно
EXT-ZGD-0002,2020-08-14,,,,,,,,,,,2020,,227,,,,0,,неизвестно
EXT-ZGD-0002,2020-08-15,,,,,,,,,,,2020,,228,,,,0,,неизвестно
EXT-ZGD-0002,2020-08-16,,,,,,,,,,,2020,,229,,,,0,,неизвестно
EXT-ZGD-0002,2020-08-17,,,,,,,,,,,2020,,230,,,,0,,неизвестно
EXT-ZGD-0002,2020-08-18,0.4277845359561881,0.30854924049133764,-0.474622749273079,,,,,,,,2020,0.4277845359561881,231,0.3167605008951715,0.1395695753618618,0.7954744776801447,5,Штатное развитие,неизвестно
EXT-ZGD-0002,2020-08-19,,,,,,,,,,,2020,,232,,,,0,,неизвестно
EXT-ZGD-0002,2020-08-20,,,,,,,,,,,2020,,233,,,,0,,неизвестно
EXT-ZGD-0002,2020-08-21,,,,,,,,,,,2020,,234,,,,0,,неизвестно
EXT-ZGD-0002,2020-08-22,,,,,,,,,,,2020,,235,,,,0,,неизвестно
EXT-ZGD-0002,2020-08-23,,,,,,,,,,,2020,,236,,,,0,,неизвестно
EXT-ZGD-0002,2020-08-24,,,,,,,,,,,2020,,237,,,,0,,неизвестно
EXT-ZGD-0002,2020-08-25,,,,,,,,,,,2020,,238,,,,0,,неизвестно
EXT-ZGD-0002,2020-08-26,,,,,,,,,,,2020,,239,,,,0,,неизвестно
EXT-ZGD-0002,2020-08-27,,,,,,,,,,,2020,,240,,,,0,,неизвестно
EXT-ZGD-0002,2020-08-28,,,,,,,,,,,2020,,241,,,,0,,неизвестно
EXT-ZGD-0002,2020-08-29,,,,,,,,,,,2020,,242,,,,0,,неизвестно
EXT-ZGD-0002,2020-08-30,,,,,,,,,,,2020,,243,,,,0,,неизвестно
EXT-ZGD-0002,2020-08-31,,,,,,,,,,,2020,,244,,,,0,,неизвестно
EXT-ZGD-0002,2020-09-01,,,,,,,,,,,2020,,245,,,,0,,неизвестно
EXT-ZGD-0002,2020-09-02,0.41799186470415545,0.28026276713570253,-0.4706972080344203,,,,,,,,2020,0.41799186470415545,246,0.26082381670025995,0.12801053134300622,1.2277743585233722,5,Штатное развитие,неизвестно
EXT-ZGD-0002,2020-09-03,,,,,,,,,,,2020,,247,,,,0,,неизвестно
EXT-ZGD-0002,2020-09-04,,,,,,,,,,,2020,,248,,,,0,,неизвестно
EXT-ZGD-0002,2020-09-05,,,,,,,,,,,2020,,249,,,,0,,неизвестно
EXT-ZGD-0002,2020-09-06,,,,,,,,,,,2020,,250,,,,0,,неизвестно
EXT-ZGD-0002,2020-09-07,0.38572408892638477,0.26565516010645984,-0.4403777200216811,,,,,,,,2020,0.38572408892638477,251,0.23804076602120205,0.12131943241455012,1.2173097084772604,5,Штатное развитие,неизвестно
EXT-ZGD-0002,2020-09-08,,,,,,,,,,,2020,,252,,,,0,,неизвестно
EXT-ZGD-0002,2020-09-09,,,,,,,,,,,2020,,253,,,,0,,неизвестно
EXT-ZGD-0002,2020-09-10,,,,,,,,,,,2020,,254,,,,0,,неизвестно
EXT-ZGD-0002,2020-09-11,,,,,,,,,,,2020,,255,,,,0,,неизвестно
EXT-ZGD-0002,2020-09-12,0.37441951150087427,0.24806957857014117,-0.44823282168718925,,,,,,,,2020,0.37441951150087427,256,0.21998443677913684,0.11042182955407234,1.3985918848239358,5,Штатное развитие,неизвестно
EXT-ZGD-0002,2020-09-13,,,,,,,,,,,2020,,257,,,,0,,неизвестно
EXT-ZGD-0002,2020-09-14,,,,,,,,,,,2020,,258,,,,0,,неизвестно
EXT-ZGD-0002,2020-09-15,,,,,,,,,,,2020,,259,,,,0,,неизвестно
EXT-ZGD-0002,2020-09-16,,,,,,,,,,,2020,,260,,,,0,,неизвестно
EXT-ZGD-0002,2020-09-17,0.3652488343820957,0.24994654905110053,-0.4511303531799876,,,,,,,,2020,0.3652488343820957,261,0.20711195766039536,0.0897846890601127,1.7612900192350665,5,Штатное развитие,неизвестно
EXT-ZGD-0002,2020-09-18,,,,,,,,,,,2020,,262,,,,0,,неизвестно
EXT-ZGD-0002,2020-09-19,,,,,,,,,,,2020,,263,,,,0,,неизвестно
EXT-ZGD-0002,2020-09-20,,,,,,,,,,,2020,,264,,,,0,,неизвестно
EXT-ZGD-0002,2020-09-21,,,,,,,,,,,2020,,265,,,,0,,неизвестно
EXT-ZGD-0002,2020-09-22,0.3515137765509858,0.2353379435501075,-0.45110162496627954,,,,,,,,2020,0.3515137765509858,266,0.189288375810474,0.0674826616287955,2.403956762003126,5,Штатное развитие,неизвестно
EXT-ZGD-0002,2020-09-23,,,,,,,,,,,2020,,267,,,,0,,неизвестно
EXT-ZGD-0002,2020-09-24,,,,,,,,,,,2020,,268,,,,0,,неизвестно
EXT-ZGD-0002,2020-09-25,,,,,,,,,,,2020,,269,,,,0,,неизвестно
EXT-ZGD-0002,2020-09-26,,,,,,,,,,,2020,,270,,,,0,,неизвестно
EXT-ZGD-0002,2020-09-27,0.29782169402992126,0.19925599519894183,-0.4033372148195299,,,,,,,,2020,0.29782169402992126,271,0.17572573504965647,0.03725629882704978,3.277189705479212,5,Штатное развитие,неизвестно
EXT-ZGD-0002,2020-09-28,,,,,,,,,,,2020,,272,,,,0,,неизвестно
EXT-ZGD-0002,2020-09-29,,,,,,,,,,,2020,,273,,,,0,,неизвестно
EXT-ZGD-0002,2020-09-30,,,,,,,,,,,2020,,274,,,,0,,неизвестно
EXT-ZGD-0002,2020-10-01,,,,,,,,,,,2020,,275,,,,0,,неизвестно
EXT-ZGD-0002,2020-10-02,,,,,,,,,,,2020,,276,,,,0,,неизвестно
EXT-ZGD-0002,2020-10-03,,,,,,,,,,,2020,,277,,,,0,,неизвестно
EXT-ZGD-0002,2020-10-04,,,,,,,,,,,2020,,278,,,,0,,неизвестно
EXT-ZGD-0002,2020-10-05,,,,,,,,,,,2020,,279,,,,0,,неизвестно
EXT-ZGD-0002,2020-10-06,,,,,,,,,,,2020,,280,,,,0,,неизвестно
EXT-ZGD-0002,2020-10-07,0.30566598953309587,0.205073058464491,-0.429754538659055,,,,,,,,2020,0.30566598953309587,281,0.1751097060921095,0.03670637702421548,3.55677389121943,5,Штатное развитие,неизвестно
EXT-ZGD-0002,2020-10-08,,,,,,,,,,,2020,,282,,,,0,,неизвестно
EXT-ZGD-0002,2020-10-09,,,,,,,,,,,2020,,283,,,,0,,неизвестно
EXT-ZGD-0002,2020-10-10,,,,,,,,,,,2020,,284,,,,0,,неизвестно
EXT-ZGD-0002,2020-10-11,,,,,,,,,,,2020,,285,,,,0,,неизвестно
EXT-ZGD-0002,2020-10-12,0.24997839368087316,0.15989400159729775,-0.3768847740645753,,,,,,,,2020,0.24997839368087316,286,0.17440751351108802,0.03749182802490771,2.0156627230760686,5,Штатное развитие,неизвестно
EXT-ZGD-0002,2020-10-13,,,,,,,,,,,2020,,287,,,,0,,неизвестно
EXT-ZGD-0002,2020-10-14,,,,,,,,,,,2020,,288,,,,0,,неизвестно
EXT-ZGD-0002,2020-10-15,,,,,,,,,,,2020,,289,,,,0,,неизвестно
EXT-ZGD-0002,2020-10-16,,,,,,,,,,,2020,,290,,,,0,,неизвестно
EXT-ZGD-0002,2020-10-17,0.23825090171932406,0.1558214112033564,-0.373518393697528,,,,,,,,2020,0.23825090171932406,291,0.17666595601585822,0.038107570755999715,1.6160816468147556,5,Штатное развитие,неизвестно
EXT-ZGD-0002,2020-10-18,,,,,,,,,,,2020,,292,,,,0,,неизвестно
EXT-ZGD-0002,2020-10-19,,,,,,,,,,,2020,,293,,,,0,,неизвестно
EXT-ZGD-0002,2020-10-20,,,,,,,,,,,2020,,294,,,,0,,неизвестно
EXT-ZGD-0002,2020-10-21,,,,,,,,,,,2020,,295,,,,0,,неизвестно
EXT-ZGD-0002,2020-10-22,,,,,,,,,,,2020,,296,,,,0,,неизвестно
EXT-ZGD-0002,2020-10-23,,,,,,,,,,,2020,,297,,,,0,,неизвестно
EXT-ZGD-0002,2020-10-24,,,,,,,,,,,2020,,298,,,,0,,неизвестно
EXT-ZGD-0002,2020-10-25,,,,,,,,,,,2020,,299,,,,0,,неизвестно
EXT-ZGD-0002,2020-10-26,,,,,,,,,,,2020,,300,,,,0,,неизвестно
EXT-ZGD-0002,2020-10-27,0.24319944406673094,0.14844387985211965,-0.3828540865539335,,,,,,,,2020,0.24319944406673094,301,0.18183055402094567,0.04286332761914944,1.431734152585213,5,Штатное развитие,неизвестно
EXT-ZGD-0002,2020-10-28,,,,,,,,,,,2020,,302,,,,0,,неизвестно
EXT-ZGD-0002,2020-10-29,,,,,,,,,,,2020,,303,,,,0,,неизвестно
EXT-ZGD-0002,2020-10-30,,,,,,,,,,,2020,,304,,,,0,,неизвестно
EXT-ZGD-0002,2021-04-01,,,,,,,,,,,2021,,91,,,,0,,неизвестно
EXT-ZGD-0002,2021-04-02,,,,,,,,,,,2021,,92,,,,0,,неизвестно
EXT-ZGD-0002,2021-04-03,,,,,,,,,,,2021,,93,,,,0,,неизвестно
EXT-ZGD-0002,2021-04-04,,,,,,,,,,,2021,,94,,,,0,,неизвестно
EXT-ZGD-0002,2021-04-05,,,,,,,,,,,2021,,95,,,,0,,неизвестно
EXT-ZGD-0002,2021-04-06,,,,,,,,,,,2021,,96,,,,0,,неизвестно
EXT-ZGD-0002,2021-04-07,,,,,,,,,,,2021,,97,,,,0,,неизвестно
EXT-ZGD-0002,2021-04-08,,,,,,,,,,,2021,,98,,,,0,,неизвестно
EXT-ZGD-0002,2021-04-09,,,,,,,,,,,2021,,99,,,,0,,неизвестно
EXT-ZGD-0002,2021-04-10,,,,,,,,,,,2021,,100,,,,0,,неизвестно
EXT-ZGD-0002,2021-04-11,,,,,,,,,,,2021,,101,,,,0,,неизвестно
EXT-ZGD-0002,2021-04-12,,,,,,,,,,,2021,,102,,,,0,,неизвестно
EXT-ZGD-0002,2021-04-13,,,,,,,,,,,2021,,103,,,,0,,неизвестно
EXT-ZGD-0002,2021-04-14,,,,,,,,,,,2021,,104,,,,0,,неизвестно
EXT-ZGD-0002,2021-04-15,0.1567245230294313,0.07320060457501396,-0.23926002180230316,,,,,,,,2021,0.1567245230294313,105,0.6073557149212392,0.17972109901358993,-2.5073916995006393,5,Критическая аномалия,неизвестно
EXT-ZGD-0002,2021-04-16,,,,,,,,,,,2021,,106,,,,0,,неизвестно
EXT-ZGD-0002,2021-04-17,,,,,,,,,,,2021,,107,,,,0,,неизвестно
EXT-ZGD-0002,2021-04-18,,,,,,,,,,,2021,,108,,,,0,,неизвестно
EXT-ZGD-0002,2021-04-19,,,,,,,,,,,2021,,109,,,,0,,неизвестно
EXT-ZGD-0002,2021-04-20,,,,,,,,,,,2021,,110,,,,0,,неизвестно
EXT-ZGD-0002,2021-04-21,,,,,,,,,,,2021,,111,,,,0,,неизвестно
EXT-ZGD-0002,2021-04-22,,,,,,,,,,,2021,,112,,,,0,,неизвестно
EXT-ZGD-0002,2021-04-23,,,,,,,,,,,2021,,113,,,,0,,неизвестно
EXT-ZGD-0002,2021-04-24,,,,,,,,,,,2021,,114,,,,0,,неизвестно
EXT-ZGD-0002,2021-04-25,,,,,,,,,,,2021,,115,,,,0,,неизвестно
EXT-ZGD-0002,2021-04-26,,,,,,,,,,,2021,,116,,,,0,,неизвестно
EXT-ZGD-0002,2021-04-27,,,,,,,,,,,2021,,117,,,,0,,неизвестно
EXT-ZGD-0002,2021-04-28,,,,,,,,,,,2021,,118,,,,0,,неизвестно
EXT-ZGD-0002,2021-04-29,,,,,,,,,,,2021,,119,,,,0,,неизвестно
EXT-ZGD-0002,2021-04-30,,,,,,,,,,,2021,,120,,,,0,,неизвестно
EXT-ZGD-0002,2021-05-01,,,,,,,,,,,2021,,121,,,,0,,неизвестно
EXT-ZGD-0002,2021-05-02,,,,,,,,,,,2021,,122,,,,0,,неизвестно
EXT-ZGD-0002,2021-05-03,,,,,,,,,,,2021,,123,,,,0,,неизвестно
EXT-ZGD-0002,2021-05-04,,,,,,,,,,,2021,,124,,,,0,,неизвестно
EXT-ZGD-0002,2021-05-05,0.1797020391735012,0.06541614491328704,-0.29687853868457187,,,,,,,,2021,0.1797020391735012,125,0.6764863833394702,0.2196604311448386,-2.261601425330909,5,Критическая аномалия,неизвестно
EXT-ZGD-0002,2021-05-06,,,,,,,,,,,2021,,126,,,,0,,неизвестно
EXT-ZGD-0002,2021-05-07,,,,,,,,,,,2021,,127,,,,0,,неизвестно
EXT-ZGD-0002,2021-05-08,,,,,,,,,,,2021,,128,,,,0,,неизвестно
EXT-ZGD-0002,2021-05-09,,,,,,,,,,,2021,,129,,,,0,,неизвестно
EXT-ZGD-0002,2021-05-10,,,,,,,,,,,2021,,130,,,,0,,неизвестно
EXT-ZGD-0002,2021-05-11,,,,,,,,,,,2021,,131,,,,0,,неизвестно
EXT-ZGD-0002,2021-05-12,,,,,,,,,,,2021,,132,,,,0,,неизвестно
EXT-ZGD-0002,2021-05-13,,,,,,,,,,,2021,,133,,,,0,,неизвестно
EXT-ZGD-0002,2021-05-14,,,,,,,,,,,2021,,134,,,,0,,неизвестно
EXT-ZGD-0002,2021-05-15,0.1971521462826194,0.07992717352753545,-0.2861000171283328,,,,,,,,2021,0.1971521462826194,135,0.7012473805415029,0.20230962386649926,-2.491701702690761,5,Критическая аномалия,неизвестно
EXT-ZGD-0002,2021-05-16,,,,,,,,,,,2021,,136,,,,0,,неизвестно
EXT-ZGD-0002,2021-05-17,,,,,,,,,,,2021,,137,,,,0,,неизвестно
EXT-ZGD-0002,2021-05-18,,,,,,,,,,,2021,,138,,,,0,,неизвестно
EXT-ZGD-0002,2021-05-19,,,,,,,,,,,2021,,139,,,,0,,неизвестно
EXT-ZGD-0002,2021-05-20,0.2440534391815449,0.09364894091288084,-0.3271165031102294,,,,,,,,2021,0.2440534391815449,140,0.7182656127772006,0.19507984527397318,-2.4308619526003046,5,Критическая аномалия,неизвестно
EXT-ZGD-0002,2021-05-21,,,,,,,,,,,2021,,141,,,,0,,неизвестно
EXT-ZGD-0002,2021-05-22,,,,,,,,,,,2021,,142,,,,0,,неизвестно
EXT-ZGD-0002,2021-05-23,,,,,,,,,,,2021,,143,,,,0,,неизвестно
EXT-ZGD-0002,2021-05-24,,,,,,,,,,,2021,,144,,,,0,,неизвестно
EXT-ZGD-0002,2021-05-25,,,,,,,,,,,2021,,145,,,,0,,неизвестно
EXT-ZGD-0002,2021-05-26,,,,,,,,,,,2021,,146,,,,0,,неизвестно
EXT-ZGD-0002,2021-05-27,,,,,,,,,,,2021,,147,,,,0,,неизвестно
EXT-ZGD-0002,2021-05-28,,,,,,,,,,,2021,,148,,,,0,,неизвестно
EXT-ZGD-0002,2021-05-29,,,,,,,,,,,2021,,149,,,,0,,неизвестно
EXT-ZGD-0002,2021-05-30,,,,,,,,,,,2021,,150,,,,0,,неизвестно
EXT-ZGD-0002,2021-05-31,,,,,,,,,,,2021,,151,,,,0,,неизвестно
EXT-ZGD-0002,2021-06-01,,,,,,,,,,,2021,,152,,,,0,,неизвестно
EXT-ZGD-0002,2021-06-02,,,,,,,,,,,2021,,153,,,,0,,неизвестно
EXT-ZGD-0002,2021-06-03,,,,,,,,,,,2021,,154,,,,0,,неизвестно
EXT-ZGD-0002,2021-06-04,,,,,,,,,,,2021,,155,,,,0,,неизвестно
EXT-ZGD-0002,2021-06-05,,,,,,,,,,,2021,,156,,,,0,,неизвестно
EXT-ZGD-0002,2021-06-06,,,,,,,,,,,2021,,157,,,,0,,неизвестно
EXT-ZGD-0002,2021-06-07,,,,,,,,,,,2021,,158,,,,0,,неизвестно
EXT-ZGD-0002,2021-06-08,,,,,,,,,,,2021,,159,,,,0,,неизвестно
EXT-ZGD-0002,2021-06-09,,,,,,,,,,,2021,,160,,,,0,,неизвестно
EXT-ZGD-0002,2021-06-10,,,,,,,,,,,2021,,161,,,,0,,неизвестно
EXT-ZGD-0002,2021-06-11,,,,,,,,,,,2021,,162,,,,0,,неизвестно
EXT-ZGD-0002,2021-06-12,,,,,,,,,,,2021,,163,,,,0,,неизвестно
EXT-ZGD-0002,2021-06-13,,,,,,,,,,,2021,,164,,,,0,,неизвестно
EXT-ZGD-0002,2021-06-14,0.6601310267830436,0.4756318673141879,-0.5586114494465979,,,,,,,,2021,0.6601310267830436,165,0.5766605158937269,0.23987988839868035,0.3479679411497336,5,Штатное развитие,неизвестно
EXT-ZGD-0002,2021-06-15,,,,,,,,,,,2021,,166,,,,0,,неизвестно
EXT-ZGD-0002,2021-06-16,,,,,,,,,,,2021,,167,,,,0,,неизвестно
EXT-ZGD-0002,2021-06-17,,,,,,,,,,,2021,,168,,,,0,,неизвестно
EXT-ZGD-0002,2021-06-18,,,,,,,,,,,2021,,169,,,,0,,неизвестно
EXT-ZGD-0002,2021-06-19,0.7675443389146697,0.5556396615745036,-0.6308394767945978,,,,,,,,2021,0.7675443389146697,170,0.5576207973841135,0.24461628917515507,0.858174826535131,5,Штатное развитие,неизвестно
EXT-ZGD-0002,2021-06-20,,,,,,,,,,,2021,,171,,,,0,,неизвестно
EXT-ZGD-0002,2021-06-21,,,,,,,,,,,2021,,172,,,,0,,неизвестно
EXT-ZGD-0002,2021-06-22,,,,,,,,,,,2021,,173,,,,0,,неизвестно
EXT-ZGD-0002,2021-06-23,,,,,,,,,,,2021,,174,,,,0,,неизвестно
EXT-ZGD-0002,2021-06-24,,,,,,,,,,,2021,,175,,,,0,,неизвестно
EXT-ZGD-0002,2021-06-25,,,,,,,,,,,2021,,176,,,,0,,неизвестно
EXT-ZGD-0002,2021-06-26,,,,,,,,,,,2021,,177,,,,0,,неизвестно
EXT-ZGD-0002,2021-06-27,,,,,,,,,,,2021,,178,,,,0,,неизвестно
EXT-ZGD-0002,2021-06-28,,,,,,,,,,,2021,,179,,,,0,,неизвестно
EXT-ZGD-0002,2021-06-29,,,,,,,,,,,2021,,180,,,,0,,неизвестно
EXT-ZGD-0002,2021-06-30,,,,,,,,,,,2021,,181,,,,0,,неизвестно
EXT-ZGD-0002,2021-07-01,,,,,,,,,,,2021,,182,,,,0,,неизвестно
EXT-ZGD-0002,2021-07-02,,,,,,,,,,,2021,,183,,,,0,,неизвестно
EXT-ZGD-0002,2021-07-03,,,,,,,,,,,2021,,184,,,,0,,неизвестно
EXT-ZGD-0002,2021-07-04,,,,,,,,,,,2021,,185,,,,0,,неизвестно
EXT-ZGD-0002,2021-07-05,,,,,,,,,,,2021,,186,,,,0,,неизвестно
EXT-ZGD-0002,2021-07-06,,,,,,,,,,,2021,,187,,,,0,,неизвестно
EXT-ZGD-0002,2021-07-07,,,,,,,,,,,2021,,188,,,,0,,неизвестно
EXT-ZGD-0002,2021-07-08,,,,,,,,,,,2021,,189,,,,0,,неизвестно
EXT-ZGD-0002,2021-07-09,0.8285813605017527,0.7481016903273302,-0.710920947861217,,,,,,,,2021,0.8285813605017527,190,0.31206362292187867,0.19735518370692998,2.617198737211263,5,Штатное развитие,неизвестно
EXT-ZGD-0002,2021-07-10,,,,,,,,,,,2021,,191,,,,0,,неизвестно
EXT-ZGD-0002,2021-07-11,,,,,,,,,,,2021,,192,,,,0,,неизвестно
EXT-ZGD-0002,2021-07-12,,,,,,,,,,,2021,,193,,,,0,,неизвестно
EXT-ZGD-0002,2021-07-13,,,,,,,,,,,2021,,194,,,,0,,неизвестно
EXT-ZGD-0002,2021-07-14,0.7720030593526677,0.6933008581733233,-0.6669870667179874,,,,,,,,2021,0.7720030593526677,195,0.2721555149678221,0.1522100981310417,3.2839315559373308,5,Штатное развитие,неизвестно
EXT-ZGD-0002,2021-07-15,,,,,,,,,,,2021,,196,,,,0,,неизвестно
EXT-ZGD-0002,2021-07-16,,,,,,,,,,,2021,,197,,,,0,,неизвестно
EXT-ZGD-0002,2021-07-17,,,,,,,,,,,2021,,198,,,,0,,неизвестно
EXT-ZGD-0002,2021-07-18,,,,,,,,,,,2021,,199,,,,0,,неизвестно
EXT-ZGD-0002,2021-07-19,0.7558183849680917,0.580036403985535,-0.6440500765718631,,,,,,,,2021,0.7558183849680917,200,0.28481452540774643,0.14886772814219243,3.1639084268852513,5,Штатное развитие,неизвестно
EXT-ZGD-0002,2021-07-20,,,,,,,,,,,2021,,201,,,,0,,неизвестно
EXT-ZGD-0002,2021-07-21,,,,,,,,,,,2021,,202,,,,0,,неизвестно
EXT-ZGD-0002,2021-07-22,,,,,,,,,,,2021,,203,,,,0,,неизвестно
EXT-ZGD-0002,2021-07-23,,,,,,,,,,,2021,,204,,,,0,,неизвестно
EXT-ZGD-0002,2021-07-24,0.7578653626995209,0.611419704932014,-0.6269419017596405,,,,,,,,2021,0.7578653626995209,205,0.2917047569351381,0.154372516066139,3.0197124309657686,5,Штатное развитие,неизвестно
EXT-ZGD-0002,2021-07-25,,,,,,,,,,,2021,,206,,,,0,,неизвестно
EXT-ZGD-0002,2021-07-26,,,,,,,,,,,2021,,207,,,,0,,неизвестно
EXT-ZGD-0002,2021-07-27,,,,,,,,,,,2021,,208,,,,0,,неизвестно
EXT-ZGD-0002,2021-07-28,,,,,,,,,,,2021,,209,,,,0,,неизвестно
EXT-ZGD-0002,2021-07-29,,,,,,,,,,,2021,,210,,,,0,,неизвестно
EXT-ZGD-0002,2021-07-30,,,,,,,,,,,2021,,211,,,,0,,неизвестно
EXT-ZGD-0002,2021-07-31,,,,,,,,,,,2021,,212,,,,0,,неизвестно
EXT-ZGD-0002,2021-08-01,,,,,,,,,,,2021,,213,,,,0,,неизвестно
EXT-ZGD-0002,2021-08-02,,,,,,,,,,,2021,,214,,,,0,,неизвестно
EXT-ZGD-0002,2021-08-03,0.5860358274363635,0.3920545236719307,-0.49992086818494863,,,,,,,,2021,0.5860358274363635,215,0.281839038035083,0.14219892153473873,2.1392341525386764,5,Штатное развитие,неизвестно
EXT-ZGD-0002,2021-08-04,,,,,,,,,,,2021,,216,,,,0,,неизвестно
EXT-ZGD-0002,2021-08-05,,,,,,,,,,,2021,,217,,,,0,,неизвестно
EXT-ZGD-0002,2021-08-06,,,,,,,,,,,2021,,218,,,,0,,неизвестно
EXT-ZGD-0002,2021-08-07,,,,,,,,,,,2021,,219,,,,0,,неизвестно
EXT-ZGD-0002,2021-08-08,0.5330176922813905,0.29284281638204257,-0.4540513400140846,,,,,,,,2021,0.5330176922813905,220,0.28220295290784897,0.13325802522349148,1.8821736173329282,5,Штатное развитие,неизвестно
EXT-ZGD-0002,2021-08-09,,,,,,,,,,,2021,,221,,,,0,,неизвестно
EXT-ZGD-0002,2021-08-10,,,,,,,,,,,2021,,222,,,,0,,неизвестно
EXT-ZGD-0002,2021-08-11,,,,,,,,,,,2021,,223,,,,0,,неизвестно
EXT-ZGD-0002,2021-08-12,,,,,,,,,,,2021,,224,,,,0,,неизвестно
EXT-ZGD-0002,2021-08-13,,,,,,,,,,,2021,,225,,,,0,,неизвестно
EXT-ZGD-0002,2021-08-14,,,,,,,,,,,2021,,226,,,,0,,неизвестно
EXT-ZGD-0002,2021-08-15,,,,,,,,,,,2021,,227,,,,0,,неизвестно
EXT-ZGD-0002,2021-08-16,,,,,,,,,,,2021,,228,,,,0,,неизвестно
EXT-ZGD-0002,2021-08-17,,,,,,,,,,,2021,,229,,,,0,,неизвестно
EXT-ZGD-0002,2021-08-18,0.3828478998445246,0.1815369559196845,-0.38193293868760736,,,,,,,,2021,0.3828478998445246,230,0.3114129111881735,0.12743668566241095,0.560552781838564,5,Штатное развитие,неизвестно
EXT-ZGD-0002,2021-08-19,,,,,,,,,,,2021,,231,,,,0,,неизвестно
EXT-ZGD-0002,2021-08-20,,,,,,,,,,,2021,,232,,,,0,,неизвестно
EXT-ZGD-0002,2021-08-21,,,,,,,,,,,2021,,233,,,,0,,неизвестно
EXT-ZGD-0002,2021-08-22,,,,,,,,,,,2021,,234,,,,0,,неизвестно
EXT-ZGD-0002,2021-08-23,,,,,,,,,,,2021,,235,,,,0,,неизвестно
EXT-ZGD-0002,2021-08-24,,,,,,,,,,,2021,,236,,,,0,,неизвестно
EXT-ZGD-0002,2021-08-25,,,,,,,,,,,2021,,237,,,,0,,неизвестно
EXT-ZGD-0002,2021-08-26,,,,,,,,,,,2021,,238,,,,0,,неизвестно
EXT-ZGD-0002,2021-08-27,,,,,,,,,,,2021,,239,,,,0,,неизвестно
EXT-ZGD-0002,2021-08-28,0.2674377642538432,0.09962184347966796,-0.4023343199277485,,,,,,,,2021,0.2674377642538432,240,0.2971343789241427,0.12745502173215656,-0.23299681932271105,5,Штатное развитие,неизвестно
EXT-ZGD-0002,2021-08-29,,,,,,,,,,,2021,,241,,,,0,,неизвестно
EXT-ZGD-0002,2021-08-30,,,,,,,,,,,2021,,242,,,,0,,неизвестно
EXT-ZGD-0002,2021-08-31,,,,,,,,,,,2021,,243,,,,0,,неизвестно
EXT-ZGD-0002,2021-09-01,,,,,,,,,,,2021,,244,,,,0,,неизвестно
EXT-ZGD-0002,2021-09-02,,,,,,,,,,,2021,,245,,,,0,,неизвестно
EXT-ZGD-0002,2021-09-03,,,,,,,,,,,2021,,246,,,,0,,неизвестно
EXT-ZGD-0002,2021-09-04,,,,,,,,,,,2021,,247,,,,0,,неизвестно
EXT-ZGD-0002,2021-09-05,,,,,,,,,,,2021,,248,,,,0,,неизвестно
EXT-ZGD-0002,2021-09-06,,,,,,,,,,,2021,,249,,,,0,,неизвестно
EXT-ZGD-0002,2021-09-07,0.25003277060394075,0.12289950848601,-0.35137043024314907,,,,,,,,2021,0.25003277060394075,250,0.26693056492762934,0.12996544569596524,-0.13001759223923615,5,Штатное развитие,неизвестно
EXT-ZGD-0002,2021-09-08,,,,,,,,,,,2021,,251,,,,0,,неизвестно
EXT-ZGD-0002,2021-09-09,,,,,,,,,,,2021,,252,,,,0,,неизвестно
EXT-ZGD-0002,2021-09-10,,,,,,,,,,,2021,,253,,,,0,,неизвестно
EXT-ZGD-0002,2021-09-11,,,,,,,,,,,2021,,254,,,,0,,неизвестно
EXT-ZGD-0002,2021-09-12,,,,,,,,,,,2021,,255,,,,0,,неизвестно
EXT-ZGD-0002,2021-09-13,,,,,,,,,,,2021,,256,,,,0,,неизвестно
EXT-ZGD-0002,2021-09-14,,,,,,,,,,,2021,,257,,,,0,,неизвестно
EXT-ZGD-0002,2021-09-15,,,,,,,,,,,2021,,258,,,,0,,неизвестно
EXT-ZGD-0002,2021-09-16,,,,,,,,,,,2021,,259,,,,0,,неизвестно
EXT-ZGD-0002,2021-09-17,0.21671509156536972,0.12989153862552238,-0.35845595317115564,,,,,,,,2021,0.21671509156536972,260,0.2391638163652007,0.10944538582999676,-0.20511348769605456,5,Штатное развитие,неизвестно
EXT-ZGD-0002,2021-09-18,,,,,,,,,,,2021,,261,,,,0,,неизвестно
EXT-ZGD-0002,2021-09-19,,,,,,,,,,,2021,,262,,,,0,,неизвестно
EXT-ZGD-0002,2021-09-20,,,,,,,,,,,2021,,263,,,,0,,неизвестно
EXT-ZGD-0002,2021-09-21,,,,,,,,,,,2021,,264,,,,0,,неизвестно
EXT-ZGD-0002,2021-09-22,,,,,,,,,,,2021,,265,,,,0,,неизвестно
EXT-ZGD-0002,2021-09-23,,,,,,,,,,,2021,,266,,,,0,,неизвестно
EXT-ZGD-0002,2021-09-24,,,,,,,,,,,2021,,267,,,,0,,неизвестно
EXT-ZGD-0002,2021-09-25,,,,,,,,,,,2021,,268,,,,0,,неизвестно
EXT-ZGD-0002,2021-09-26,,,,,,,,,,,2021,,269,,,,0,,неизвестно
EXT-ZGD-0002,2021-09-27,0.18958507945413233,0.06850849831230449,-0.26946862704768904,,,,,,,,2021,0.18958507945413233,270,0.20834565657579443,0.07822872303729506,-0.23981699295689782,5,Штатное развитие,неизвестно
EXT-ZGD-0002,2021-09-28,,,,,,,,,,,2021,,271,,,,0,,неизвестно
EXT-ZGD-0002,2021-09-29,,,,,,,,,,,2021,,272,,,,0,,неизвестно
EXT-ZGD-0002,2021-09-30,,,,,,,,,,,2021,,273,,,,0,,неизвестно
EXT-ZGD-0002,2021-10-01,,,,,,,,,,,2021,,274,,,,0,,неизвестно
EXT-ZGD-0002,2021-10-02,0.1951765980606553,0.09077643874269076,-0.31540347384122835,,,,,,,,2021,0.1951765980606553,275,0.20328801715589975,0.07325019229266393,-0.11073580616465939,5,Штатное развитие,неизвестно
EXT-ZGD-0002,2021-10-03,,,,,,,,,,,2021,,276,,,,0,,неизвестно
EXT-ZGD-0002,2021-10-04,,,,,,,,,,,2021,,277,,,,0,,неизвестно
EXT-ZGD-0002,2021-10-05,,,,,,,,,,,2021,,278,,,,0,,неизвестно
EXT-ZGD-0002,2021-10-06,,,,,,,,,,,2021,,279,,,,0,,неизвестно
EXT-ZGD-0002,2021-10-07,0.1787188781802114,0.1143006372669136,-0.23728485067916266,,,,,,,,2021,0.1787188781802114,280,0.19954875830199523,0.06714470060711228,-0.3102237396762989,5,Штатное развитие,неизвестно
EXT-ZGD-0002,2021-10-08,,,,,,,,,,,2021,,281,,,,0,,неизвестно
EXT-ZGD-0002,2021-10-09,,,,,,,,,,,2021,,282,,,,0,,неизвестно
EXT-ZGD-0002,2021-10-10,,,,,,,,,,,2021,,283,,,,0,,неизвестно
EXT-ZGD-0002,2021-10-11,,,,,,,,,,,2021,,284,,,,0,,неизвестно
EXT-ZGD-0002,2021-10-12,,,,,,,,,,,2021,,285,,,,0,,неизвестно
EXT-ZGD-0002,2021-10-13,,,,,,,,,,,2021,,286,,,,0,,неизвестно
EXT-ZGD-0002,2021-10-14,,,,,,,,,,,2021,,287,,,,0,,неизвестно
EXT-ZGD-0002,2021-10-15,,,,,,,,,,,2021,,288,,,,0,,неизвестно
EXT-ZGD-0002,2021-10-16,,,,,,,,,,,2021,,289,,,,0,,неизвестно
EXT-ZGD-0002,2021-10-17,,,,,,,,,,,2021,,290,,,,0,,неизвестно
EXT-ZGD-0002,2021-10-18,,,,,,,,,,,2021,,291,,,,0,,неизвестно
EXT-ZGD-0002,2021-10-19,,,,,,,,,,,2021,,292,,,,0,,неизвестно
EXT-ZGD-0002,2021-10-20,,,,,,,,,,,2021,,293,,,,0,,неизвестно
EXT-ZGD-0002,2021-10-21,,,,,,,,,,,2021,,294,,,,0,,неизвестно
EXT-ZGD-0002,2021-10-22,0.1836293971086878,0.08741291672629395,-0.32126514415781626,,,,,,,,2021,0.1836293971086878,295,0.1940248399636611,0.05335099483339292,-0.19485002833474213,5,Штатное развитие,неизвестно
EXT-ZGD-0002,2021-10-23,,,,,,,,,,,2021,,296,,,,0,,неизвестно
EXT-ZGD-0002,2021-10-24,,,,,,,,,,,2021,,297,,,,0,,неизвестно
EXT-ZGD-0002,2021-10-25,,,,,,,,,,,2021,,298,,,,0,,неизвестно
EXT-ZGD-0002,2021-10-26,,,,,,,,,,,2021,,299,,,,0,,неизвестно
EXT-ZGD-0002,2021-10-27,0.20401176941517352,0.0883605764259283,-0.34665479651624637,,,,,,,,2021,0.20401176941517352,300,0.19988706216313354,0.05520766918954466,0.07471257730295781,5,Штатное развитие,неизвестно
EXT-ZGD-0002,2021-10-28,,,,,,,,,,,2021,,301,,,,0,,неизвестно
EXT-ZGD-0002,2021-10-29,,,,,,,,,,,2021,,302,,,,0,,неизвестно
EXT-ZGD-0002,2021-10-30,,,,,,,,,,,2021,,303,,,,0,,неизвестно
EXT-ZGD-0002,2022-04-01,,,,,,,,,,,2022,,91,,,,0,,неизвестно
EXT-ZGD-0002,2022-04-02,,,,,,,,,,,2022,,92,,,,0,,неизвестно
EXT-ZGD-0002,2022-04-03,,,,,,,,,,,2022,,93,,,,0,,неизвестно
EXT-ZGD-0002,2022-04-04,,,,,,,,,,,2022,,94,,,,0,,неизвестно
EXT-ZGD-0002,2022-04-05,,,,,,,,,,,2022,,95,,,,0,,неизвестно
EXT-ZGD-0002,2022-04-06,,,,,,,,,,,2022,,96,,,,0,,неизвестно
EXT-ZGD-0002,2022-04-07,,,,,,,,,,,2022,,97,,,,0,,неизвестно
EXT-ZGD-0002,2022-04-08,,,,,,,,,,,2022,,98,,,,0,,неизвестно
EXT-ZGD-0002,2022-04-09,,,,,,,,,,,2022,,99,,,,0,,неизвестно
EXT-ZGD-0002,2022-04-10,,,,,,,,,,,2022,,100,,,,0,,неизвестно
EXT-ZGD-0002,2022-04-11,,,,,,,,,,,2022,,101,,,,0,,неизвестно
EXT-ZGD-0002,2022-04-12,,,,,,,,,,,2022,,102,,,,0,,неизвестно
EXT-ZGD-0002,2022-04-13,,,,,,,,,,,2022,,103,,,,0,,неизвестно
EXT-ZGD-0002,2022-04-14,,,,,,,,,,,2022,,104,,,,0,,неизвестно
EXT-ZGD-0002,2022-04-15,,,,,,,,,,,2022,,105,,,,0,,неизвестно
EXT-ZGD-0002,2022-04-16,,,,,,,,,,,2022,,106,,,,0,,неизвестно
EXT-ZGD-0002,2022-04-17,,,,,,,,,,,2022,,107,,,,0,,неизвестно
EXT-ZGD-0002,2022-04-18,,,,,,,,,,,2022,,108,,,,0,,неизвестно
EXT-ZGD-0002,2022-04-19,,,,,,,,,,,2022,,109,,,,0,,неизвестно
EXT-ZGD-0002,2022-04-20,,,,,,,,,,,2022,,110,,,,0,,неизвестно
EXT-ZGD-0002,2022-04-21,,,,,,,,,,,2022,,111,,,,0,,неизвестно
EXT-ZGD-0002,2022-04-22,,,,,,,,,,,2022,,112,,,,0,,неизвестно
EXT-ZGD-0002,2022-04-23,,,,,,,,,,,2022,,113,,,,0,,неизвестно
EXT-ZGD-0002,2022-04-24,,,,,,,,,,,2022,,114,,,,0,,неизвестно
EXT-ZGD-0002,2022-04-25,0.629949206292379,0.3662849707792225,-0.5655107462651862,,,,,,,,2022,0.629949206292379,115,0.554761118633657,0.2606397730808242,0.28847511172213275,5,Штатное развитие,неизвестно
EXT-ZGD-0002,2022-04-26,,,,,,,,,,,2022,,116,,,,0,,неизвестно
EXT-ZGD-0002,2022-04-27,,,,,,,,,,,2022,,117,,,,0,,неизвестно
EXT-ZGD-0002,2022-04-28,,,,,,,,,,,2022,,118,,,,0,,неизвестно
EXT-ZGD-0002,2022-04-29,,,,,,,,,,,2022,,119,,,,0,,неизвестно
EXT-ZGD-0002,2022-04-30,,,,,,,,,,,2022,,120,,,,0,,неизвестно
EXT-ZGD-0002,2022-05-01,,,,,,,,,,,2022,,121,,,,0,,неизвестно
EXT-ZGD-0002,2022-05-02,,,,,,,,,,,2022,,122,,,,0,,неизвестно
EXT-ZGD-0002,2022-05-03,,,,,,,,,,,2022,,123,,,,0,,неизвестно
EXT-ZGD-0002,2022-05-04,,,,,,,,,,,2022,,124,,,,0,,неизвестно
EXT-ZGD-0002,2022-05-05,,,,,,,,,,,2022,,125,,,,0,,неизвестно
EXT-ZGD-0002,2022-05-06,,,,,,,,,,,2022,,126,,,,0,,неизвестно
EXT-ZGD-0002,2022-05-07,,,,,,,,,,,2022,,127,,,,0,,неизвестно
EXT-ZGD-0002,2022-05-08,,,,,,,,,,,2022,,128,,,,0,,неизвестно
EXT-ZGD-0002,2022-05-09,,,,,,,,,,,2022,,129,,,,0,,неизвестно
EXT-ZGD-0002,2022-05-10,0.7895527238112809,0.5664459331650602,-0.6860880981863113,,,,,,,,2022,0.7895527238112809,130,0.6189661951604654,0.2698881189149707,0.6320638690455267,5,Штатное развитие,неизвестно
EXT-ZGD-0002,2022-05-11,,,,,,,,,,,2022,,131,,,,0,,неизвестно
EXT-ZGD-0002,2022-05-12,,,,,,,,,,,2022,,132,,,,0,,неизвестно
EXT-ZGD-0002,2022-05-13,,,,,,,,,,,2022,,133,,,,0,,неизвестно
EXT-ZGD-0002,2022-05-14,,,,,,,,,,,2022,,134,,,,0,,неизвестно
EXT-ZGD-0002,2022-05-15,,,,,,,,,,,2022,,135,,,,0,,неизвестно
EXT-ZGD-0002,2022-05-16,,,,,,,,,,,2022,,136,,,,0,,неизвестно
EXT-ZGD-0002,2022-05-17,,,,,,,,,,,2022,,137,,,,0,,неизвестно
EXT-ZGD-0002,2022-05-18,,,,,,,,,,,2022,,138,,,,0,,неизвестно
EXT-ZGD-0002,2022-05-19,,,,,,,,,,,2022,,139,,,,0,,неизвестно
EXT-ZGD-0002,2022-05-20,,,,,,,,,,,2022,,140,,,,0,,неизвестно
EXT-ZGD-0002,2022-05-21,,,,,,,,,,,2022,,141,,,,0,,неизвестно
EXT-ZGD-0002,2022-05-22,,,,,,,,,,,2022,,142,,,,0,,неизвестно
EXT-ZGD-0002,2022-05-23,,,,,,,,,,,2022,,143,,,,0,,неизвестно
EXT-ZGD-0002,2022-05-24,,,,,,,,,,,2022,,144,,,,0,,неизвестно
EXT-ZGD-0002,2022-05-25,,,,,,,,,,,2022,,145,,,,0,,неизвестно
EXT-ZGD-0002,2022-05-26,,,,,,,,,,,2022,,146,,,,0,,неизвестно
EXT-ZGD-0002,2022-05-27,,,,,,,,,,,2022,,147,,,,0,,неизвестно
EXT-ZGD-0002,2022-05-28,,,,,,,,,,,2022,,148,,,,0,,неизвестно
EXT-ZGD-0002,2022-05-29,,,,,,,,,,,2022,,149,,,,0,,неизвестно
EXT-ZGD-0002,2022-05-30,0.7973496470950354,0.5487744838084316,-0.6997212612229964,,,,,,,,2022,0.7973496470950354,150,0.6662391447709064,0.2238378936906008,0.5857386350559396,5,Штатное развитие,неизвестно
EXT-ZGD-0002,2022-05-31,,,,,,,,,,,2022,,151,,,,0,,неизвестно
EXT-ZGD-0002,2022-06-01,,,,,,,,,,,2022,,152,,,,0,,неизвестно
EXT-ZGD-0002,2022-06-02,,,,,,,,,,,2022,,153,,,,0,,неизвестно
EXT-ZGD-0002,2022-06-03,,,,,,,,,,,2022,,154,,,,0,,неизвестно
EXT-ZGD-0002,2022-06-04,,,,,,,,,,,2022,,155,,,,0,,неизвестно
EXT-ZGD-0002,2022-06-05,,,,,,,,,,,2022,,156,,,,0,,неизвестно
EXT-ZGD-0002,2022-06-06,,,,,,,,,,,2022,,157,,,,0,,неизвестно
EXT-ZGD-0002,2022-06-07,,,,,,,,,,,2022,,158,,,,0,,неизвестно
EXT-ZGD-0002,2022-06-08,,,,,,,,,,,2022,,159,,,,0,,неизвестно
EXT-ZGD-0002,2022-06-09,0.7441016064668697,0.5058856822053763,-0.6860380346141164,,,,,,,,2022,0.7441016064668697,160,0.6119273099288863,0.23692128161208814,0.5578827517672842,5,Штатное развитие,неизвестно
EXT-ZGD-0002,2022-06-10,,,,,,,,,,,2022,,161,,,,0,,неизвестно
EXT-ZGD-0002,2022-06-11,,,,,,,,,,,2022,,162,,,,0,,неизвестно
EXT-ZGD-0002,2022-06-12,,,,,,,,,,,2022,,163,,,,0,,неизвестно
EXT-ZGD-0002,2022-06-13,,,,,,,,,,,2022,,164,,,,0,,неизвестно
EXT-ZGD-0002,2022-06-14,,,,,,,,,,,2022,,165,,,,0,,неизвестно
EXT-ZGD-0002,2022-06-15,,,,,,,,,,,2022,,166,,,,0,,неизвестно
EXT-ZGD-0002,2022-06-16,,,,,,,,,,,2022,,167,,,,0,,неизвестно
EXT-ZGD-0002,2022-06-17,,,,,,,,,,,2022,,168,,,,0,,неизвестно
EXT-ZGD-0002,2022-06-18,,,,,,,,,,,2022,,169,,,,0,,неизвестно
EXT-ZGD-0002,2022-06-19,0.5547398393088621,0.33109737355741753,-0.5859170556192983,,,,,,,,2022,0.5547398393088621,170,0.5930325541851864,0.2365501300768133,-0.16187991468823043,5,Штатное развитие,неизвестно
EXT-ZGD-0002,2022-06-20,,,,,,,,,,,2022,,171,,,,0,,неизвестно
EXT-ZGD-0002,2022-06-21,,,,,,,,,,,2022,,172,,,,0,,неизвестно
EXT-ZGD-0002,2022-06-22,,,,,,,,,,,2022,,173,,,,0,,неизвестно
EXT-ZGD-0002,2022-06-23,,,,,,,,,,,2022,,174,,,,0,,неизвестно
EXT-ZGD-0002,2022-06-24,,,,,,,,,,,2022,,175,,,,0,,неизвестно
EXT-ZGD-0002,2022-06-25,,,,,,,,,,,2022,,176,,,,0,,неизвестно
EXT-ZGD-0002,2022-06-26,,,,,,,,,,,2022,,177,,,,0,,неизвестно
EXT-ZGD-0002,2022-06-27,,,,,,,,,,,2022,,178,,,,0,,неизвестно
EXT-ZGD-0002,2022-06-28,,,,,,,,,,,2022,,179,,,,0,,неизвестно
EXT-ZGD-0002,2022-06-29,0.25973540750057145,0.1416067401101367,-0.4013108738113732,,,,,,,,2022,0.25973540750057145,180,0.4936140682616633,0.260812345193973,-0.896731558420481,5,Штатное развитие,неизвестно
EXT-ZGD-0002,2022-06-30,,,,,,,,,,,2022,,181,,,,0,,неизвестно
EXT-ZGD-0002,2022-07-01,,,,,,,,,,,2022,,182,,,,0,,неизвестно
EXT-ZGD-0002,2022-07-02,,,,,,,,,,,2022,,183,,,,0,,неизвестно
EXT-ZGD-0002,2022-07-03,,,,,,,,,,,2022,,184,,,,0,,неизвестно
EXT-ZGD-0002,2022-07-04,,,,,,,,,,,2022,,185,,,,0,,неизвестно
EXT-ZGD-0002,2022-07-05,,,,,,,,,,,2022,,186,,,,0,,неизвестно
EXT-ZGD-0002,2022-07-06,,,,,,,,,,,2022,,187,,,,0,,неизвестно
EXT-ZGD-0002,2022-07-07,,,,,,,,,,,2022,,188,,,,0,,неизвестно
EXT-ZGD-0002,2022-07-08,,,,,,,,,,,2022,,189,,,,0,,неизвестно
EXT-ZGD-0002,2022-07-09,0.20110141417167726,0.11616504875553035,-0.3710769458131038,,,,,,,,2022,0.20110141417167726,190,0.41902322002780823,0.2664099266337874,-0.817994316539454,5,Штатное развитие,неизвестно
EXT-ZGD-0002,2022-07-10,,,,,,,,,,,2022,,191,,,,0,,неизвестно
EXT-ZGD-0002,2022-07-11,,,,,,,,,,,2022,,192,,,,0,,неизвестно
EXT-ZGD-0002,2022-07-12,,,,,,,,,,,2022,,193,,,,0,,неизвестно
EXT-ZGD-0002,2022-07-13,,,,,,,,,,,2022,,194,,,,0,,неизвестно
EXT-ZGD-0002,2022-07-14,,,,,,,,,,,2022,,195,,,,0,,неизвестно
EXT-ZGD-0002,2022-07-15,,,,,,,,,,,2022,,196,,,,0,,неизвестно
EXT-ZGD-0002,2022-07-16,,,,,,,,,,,2022,,197,,,,0,,неизвестно
EXT-ZGD-0002,2022-07-17,,,,,,,,,,,2022,,198,,,,0,,неизвестно
EXT-ZGD-0002,2022-07-18,,,,,,,,,,,2022,,199,,,,0,,неизвестно
EXT-ZGD-0002,2022-07-19,0.20106108620326663,0.1171478069125148,-0.37885372014589763,,,,,,,,2022,0.20106108620326663,200,0.4078378746734944,0.23299055594510884,-0.887489999890567,5,Штатное развитие,неизвестно
EXT-ZGD-0002,2022-07-20,,,,,,,,,,,2022,,201,,,,0,,неизвестно
EXT-ZGD-0002,2022-07-21,,,,,,,,,,,2022,,202,,,,0,,неизвестно
EXT-ZGD-0002,2022-07-22,,,,,,,,,,,2022,,203,,,,0,,неизвестно
EXT-ZGD-0002,2022-07-23,,,,,,,,,,,2022,,204,,,,0,,неизвестно
EXT-ZGD-0002,2022-07-24,,,,,,,,,,,2022,,205,,,,0,,неизвестно
EXT-ZGD-0002,2022-07-25,,,,,,,,,,,2022,,206,,,,0,,неизвестно
EXT-ZGD-0002,2022-07-26,,,,,,,,,,,2022,,207,,,,0,,неизвестно
EXT-ZGD-0002,2022-07-27,,,,,,,,,,,2022,,208,,,,0,,неизвестно
EXT-ZGD-0002,2022-07-28,,,,,,,,,,,2022,,209,,,,0,,неизвестно
EXT-ZGD-0002,2022-07-29,,,,,,,,,,,2022,,210,,,,0,,неизвестно
EXT-ZGD-0002,2022-07-30,,,,,,,,,,,2022,,211,,,,0,,неизвестно
EXT-ZGD-0002,2022-07-31,,,,,,,,,,,2022,,212,,,,0,,неизвестно
EXT-ZGD-0002,2022-08-01,,,,,,,,,,,2022,,213,,,,0,,неизвестно
EXT-ZGD-0002,2022-08-02,,,,,,,,,,,2022,,214,,,,0,,неизвестно
EXT-ZGD-0002,2022-08-03,0.20708668944523045,0.13476819364185025,-0.2861174429954284,,,,,,,,2022,0.20708668944523045,215,0.36411488044925505,0.21223195033316525,-0.7398894971163349,5,Штатное развитие,неизвестно
EXT-ZGD-0002,2022-08-04,,,,,,,,,,,2022,,216,,,,0,,неизвестно
EXT-ZGD-0002,2022-08-05,,,,,,,,,,,2022,,217,,,,0,,неизвестно
EXT-ZGD-0002,2022-08-06,,,,,,,,,,,2022,,218,,,,0,,неизвестно
EXT-ZGD-0002,2022-08-07,,,,,,,,,,,2022,,219,,,,0,,неизвестно
EXT-ZGD-0002,2022-08-08,0.2499855313990914,0.1670074754321422,-0.3617250380404491,,,,,,,,2022,0.2499855313990914,220,0.3346311993500379,0.1885035074807633,-0.44904028090609677,5,Штатное развитие,неизвестно
EXT-ZGD-0002,2022-08-09,,,,,,,,,,,2022,,221,,,,0,,неизвестно
EXT-ZGD-0002,2022-08-10,,,,,,,,,,,2022,,222,,,,0,,неизвестно
EXT-ZGD-0002,2022-08-11,,,,,,,,,,,2022,,223,,,,0,,неизвестно
EXT-ZGD-0002,2022-08-12,,,,,,,,,,,2022,,224,,,,0,,неизвестно
EXT-ZGD-0002,2022-08-13,0.34170271590549595,0.22260793071069324,-0.4208783693412023,,,,,,,,2022,0.34170271590549595,225,0.33738477618691887,0.1600156504929672,0.0269844837381507,5,Штатное развитие,неизвестно
EXT-ZGD-0002,2022-08-14,,,,,,,,,,,2022,,226,,,,0,,неизвестно
EXT-ZGD-0002,2022-08-15,,,,,,,,,,,2022,,227,,,,0,,неизвестно
EXT-ZGD-0002,2022-08-16,,,,,,,,,,,2022,,228,,,,0,,неизвестно
EXT-ZGD-0002,2022-08-17,,,,,,,,,,,2022,,229,,,,0,,неизвестно
EXT-ZGD-0002,2022-08-18,,,,,,,,,,,2022,,230,,,,0,,неизвестно
EXT-ZGD-0002,2022-08-19,,,,,,,,,,,2022,,231,,,,0,,неизвестно
EXT-ZGD-0002,2022-08-20,,,,,,,,,,,2022,,232,,,,0,,неизвестно
EXT-ZGD-0002,2022-08-21,,,,,,,,,,,2022,,233,,,,0,,неизвестно
EXT-ZGD-0002,2022-08-22,,,,,,,,,,,2022,,234,,,,0,,неизвестно
EXT-ZGD-0002,2022-08-23,0.5312929476542614,0.3379871347248131,-0.5273316487655962,,,,,,,,2022,0.5312929476542614,235,0.30924592961541203,0.1305930575920444,1.7002972603068622,5,Штатное развитие,неизвестно
EXT-ZGD-0002,2022-08-24,,,,,,,,,,,2022,,236,,,,0,,неизвестно
EXT-ZGD-0002,2022-08-25,,,,,,,,,,,2022,,237,,,,0,,неизвестно
EXT-ZGD-0002,2022-08-26,,,,,,,,,,,2022,,238,,,,0,,неизвестно
EXT-ZGD-0002,2022-08-27,,,,,,,,,,,2022,,239,,,,0,,неизвестно
EXT-ZGD-0002,2022-08-28,0.49361604626385414,0.3270924620720925,-0.49515482631603147,,,,,,,,2022,0.49361604626385414,240,0.28541747775358056,0.1196374965029728,1.7402451120757125,5,Штатное развитие,неизвестно
EXT-ZGD-0002,2022-08-29,,,,,,,,,,,2022,,241,,,,0,,неизвестно
EXT-ZGD-0002,2022-08-30,,,,,,,,,,,2022,,242,,,,0,,неизвестно
EXT-ZGD-0002,2022-08-31,,,,,,,,,,,2022,,243,,,,0,,неизвестно
EXT-ZGD-0002,2022-09-01,,,,,,,,,,,2022,,244,,,,0,,неизвестно
EXT-ZGD-0002,2022-09-02,0.47713269040767775,0.29595434656904174,-0.49902161042597054,,,,,,,,2022,0.47713269040767775,245,0.26171198081811714,0.11297695906863985,1.90676675461481,5,Штатное развитие,неизвестно
EXT-ZGD-0002,2022-09-03,,,,,,,,,,,2022,,246,,,,0,,неизвестно
EXT-ZGD-0002,2022-09-04,,,,,,,,,,,2022,,247,,,,0,,неизвестно
EXT-ZGD-0002,2022-09-05,,,,,,,,,,,2022,,248,,,,0,,неизвестно
EXT-ZGD-0002,2022-09-06,,,,,,,,,,,2022,,249,,,,0,,неизвестно
EXT-ZGD-0002,2022-09-07,0.19324579978913495,0.11909344306627365,-0.3115390966982758,,,,,,,,2022,0.19324579978913495,250,0.24507725015027113,0.10437925373016231,-0.49656850867250957,5,Штатное развитие,неизвестно
EXT-ZGD-0002,2022-09-08,,,,,,,,,,,2022,,251,,,,0,,неизвестно
EXT-ZGD-0002,2022-09-09,,,,,,,,,,,2022,,252,,,,0,,неизвестно
EXT-ZGD-0002,2022-09-10,,,,,,,,,,,2022,,253,,,,0,,неизвестно
EXT-ZGD-0002,2022-09-11,,,,,,,,,,,2022,,254,,,,0,,неизвестно
EXT-ZGD-0002,2022-09-12,,,,,,,,,,,2022,,255,,,,0,,неизвестно
EXT-ZGD-0002,2022-09-13,,,,,,,,,,,2022,,256,,,,0,,неизвестно
EXT-ZGD-0002,2022-09-14,,,,,,,,,,,2022,,257,,,,0,,неизвестно
EXT-ZGD-0002,2022-09-15,,,,,,,,,,,2022,,258,,,,0,,неизвестно
EXT-ZGD-0002,2022-09-16,,,,,,,,,,,2022,,259,,,,0,,неизвестно
EXT-ZGD-0002,2022-09-17,,,,,,,,,,,2022,,260,,,,0,,неизвестно
EXT-ZGD-0002,2022-09-18,,,,,,,,,,,2022,,261,,,,0,,неизвестно
EXT-ZGD-0002,2022-09-19,,,,,,,,,,,2022,,262,,,,0,,неизвестно
EXT-ZGD-0002,2022-09-20,,,,,,,,,,,2022,,263,,,,0,,неизвестно
EXT-ZGD-0002,2022-09-21,,,,,,,,,,,2022,,264,,,,0,,неизвестно
EXT-ZGD-0002,2022-09-22,,,,,,,,,,,2022,,265,,,,0,,неизвестно
EXT-ZGD-0002,2022-09-23,,,,,,,,,,,2022,,266,,,,0,,неизвестно
EXT-ZGD-0002,2022-09-24,,,,,,,,,,,2022,,267,,,,0,,неизвестно
EXT-ZGD-0002,2022-09-25,,,,,,,,,,,2022,,268,,,,0,,неизвестно
EXT-ZGD-0002,2022-09-26,,,,,,,,,,,2022,,269,,,,0,,неизвестно
EXT-ZGD-0002,2022-09-27,,,,,,,,,,,2022,,270,,,,0,,неизвестно
EXT-ZGD-0002,2022-09-28,,,,,,,,,,,2022,,271,,,,0,,неизвестно
EXT-ZGD-0002,2022-09-29,,,,,,,,,,,2022,,272,,,,0,,неизвестно
EXT-ZGD-0002,2022-09-30,,,,,,,,,,,2022,,273,,,,0,,неизвестно
EXT-ZGD-0002,2022-10-01,,,,,,,,,,,2022,,274,,,,0,,неизвестно
EXT-ZGD-0002,2022-10-02,0.19724868917527116,0.11131110813878435,-0.2802419989871032,,,,,,,,2022,0.19724868917527116,275,0.19864861195108477,0.07145372158527619,-0.019592020468001417,5,Штатное развитие,неизвестно
EXT-ZGD-0002,2022-10-03,,,,,,,,,,,2022,,276,,,,0,,неизвестно
EXT-ZGD-0002,2022-10-04,,,,,,,,,,,2022,,277,,,,0,,неизвестно
EXT-ZGD-0002,2022-10-05,,,,,,,,,,,2022,,278,,,,0,,неизвестно
EXT-ZGD-0002,2022-10-06,,,,,,,,,,,2022,,279,,,,0,,неизвестно
EXT-ZGD-0002,2022-10-07,0.22269570303008746,0.1132951658747949,-0.3212455684928992,,,,,,,,2022,0.22269570303008746,280,0.19517394245095712,0.06402699111484868,0.4298462273475113,5,Штатное развитие,неизвестно
EXT-ZGD-0002,2022-10-08,,,,,,,,,,,2022,,281,,,,0,,неизвестно
EXT-ZGD-0002,2022-10-09,,,,,,,,,,,2022,,282,,,,0,,неизвестно
EXT-ZGD-0002,2022-10-10,,,,,,,,,,,2022,,283,,,,0,,неизвестно
EXT-ZGD-0002,2022-10-11,,,,,,,,,,,2022,,284,,,,0,,неизвестно
EXT-ZGD-0002,2022-10-12,,,,,,,,,,,2022,,285,,,,0,,неизвестно
EXT-ZGD-0002,2022-10-13,,,,,,,,,,,2022,,286,,,,0,,неизвестно
EXT-ZGD-0002,2022-10-14,,,,,,,,,,,2022,,287,,,,0,,неизвестно
EXT-ZGD-0002,2022-10-15,,,,,,,,,,,2022,,288,,,,0,,неизвестно
EXT-ZGD-0002,2022-10-16,,,,,,,,,,,2022,,289,,,,0,,неизвестно
EXT-ZGD-0002,2022-10-17,0.24411023232101925,0.12794901104653372,-0.33490108187995793,,,,,,,,2022,0.24411023232101925,290,0.1872447842846776,0.05183602103658437,1.0970257149214373,5,Штатное развитие,неизвестно
EXT-ZGD-0002,2022-10-18,,,,,,,,,,,2022,,291,,,,0,,неизвестно
EXT-ZGD-0002,2022-10-19,,,,,,,,,,,2022,,292,,,,0,,неизвестно
EXT-ZGD-0002,2022-10-20,,,,,,,,,,,2022,,293,,,,0,,неизвестно
EXT-ZGD-0002,2022-10-21,,,,,,,,,,,2022,,294,,,,0,,неизвестно
EXT-ZGD-0002,2022-10-22,0.24030396403604345,0.14647760120991143,-0.3232061547745463,,,,,,,,2022,0.24030396403604345,295,0.186507895447993,0.050245370177916374,1.0706671758524462,5,Штатное развитие,неизвестно
EXT-ZGD-0002,2022-10-23,,,,,,,,,,,2022,,296,,,,0,,неизвестно
EXT-ZGD-0002,2022-10-24,,,,,,,,,,,2022,,297,,,,0,,неизвестно
EXT-ZGD-0002,2022-10-25,,,,,,,,,,,2022,,298,,,,0,,неизвестно
EXT-ZGD-0002,2022-10-26,,,,,,,,,,,2022,,299,,,,0,,неизвестно
EXT-ZGD-0002,2022-10-27,,,,,,,,,,,2022,,300,,,,0,,неизвестно
EXT-ZGD-0002,2022-10-28,,,,,,,,,,,2022,,301,,,,0,,неизвестно
EXT-ZGD-0002,2022-10-29,,,,,,,,,,,2022,,302,,,,0,,неизвестно
EXT-ZGD-0002,2022-10-30,,,,,,,,,,,2022,,303,,,,0,,неизвестно
EXT-ZGD-0002,2023-04-01,,,,,,,,,,,2023,,91,,,,0,,неизвестно
EXT-ZGD-0002,2023-04-02,,,,,,,,,,,2023,,92,,,,0,,неизвестно
EXT-ZGD-0002,2023-04-03,,,,,,,,,,,2023,,93,,,,0,,неизвестно
EXT-ZGD-0002,2023-04-04,,,,,,,,,,,2023,,94,,,,0,,неизвестно
EXT-ZGD-0002,2023-04-05,,,,,,,,,,,2023,,95,,,,0,,неизвестно
EXT-ZGD-0002,2023-04-06,,,,,,,,,,,2023,,96,,,,0,,неизвестно
EXT-ZGD-0002,2023-04-07,,,,,,,,,,,2023,,97,,,,0,,неизвестно
EXT-ZGD-0002,2023-04-08,,,,,,,,,,,2023,,98,,,,0,,неизвестно
EXT-ZGD-0002,2023-04-09,,,,,,,,,,,2023,,99,,,,0,,неизвестно
EXT-ZGD-0002,2023-04-10,,,,,,,,,,,2023,,100,,,,0,,неизвестно
EXT-ZGD-0002,2023-04-11,,,,,,,,,,,2023,,101,,,,0,,неизвестно
EXT-ZGD-0002,2023-04-12,,,,,,,,,,,2023,,102,,,,0,,неизвестно
EXT-ZGD-0002,2023-04-13,,,,,,,,,,,2023,,103,,,,0,,неизвестно
EXT-ZGD-0002,2023-04-14,,,,,,,,,,,2023,,104,,,,0,,неизвестно
EXT-ZGD-0002,2023-04-15,,,,,,,,,,,2023,,105,,,,0,,неизвестно
EXT-ZGD-0002,2023-04-16,,,,,,,,,,,2023,,106,,,,0,,неизвестно
EXT-ZGD-0002,2023-04-17,,,,,,,,,,,2023,,107,,,,0,,неизвестно
EXT-ZGD-0002,2023-04-18,,,,,,,,,,,2023,,108,,,,0,,неизвестно
EXT-ZGD-0002,2023-04-19,,,,,,,,,,,2023,,109,,,,0,,неизвестно
EXT-ZGD-0002,2023-04-20,,,,,,,,,,,2023,,110,,,,0,,неизвестно
EXT-ZGD-0002,2023-04-21,,,,,,,,,,,2023,,111,,,,0,,неизвестно
EXT-ZGD-0002,2023-04-22,,,,,,,,,,,2023,,112,,,,0,,неизвестно
EXT-ZGD-0002,2023-04-23,,,,,,,,,,,2023,,113,,,,0,,неизвестно
EXT-ZGD-0002,2023-04-24,,,,,,,,,,,2023,,114,,,,0,,неизвестно
EXT-ZGD-0002,2023-04-25,,,,,,,,,,,2023,,115,,,,0,,неизвестно
EXT-ZGD-0002,2023-04-26,,,,,,,,,,,2023,,116,,,,0,,неизвестно
EXT-ZGD-0002,2023-04-27,,,,,,,,,,,2023,,117,,,,0,,неизвестно
EXT-ZGD-0002,2023-04-28,,,,,,,,,,,2023,,118,,,,0,,неизвестно
EXT-ZGD-0002,2023-04-29,,,,,,,,,,,2023,,119,,,,0,,неизвестно
EXT-ZGD-0002,2023-04-30,,,,,,,,,,,2023,,120,,,,0,,неизвестно
EXT-ZGD-0002,2023-05-01,,,,,,,,,,,2023,,121,,,,0,,неизвестно
EXT-ZGD-0002,2023-05-02,,,,,,,,,,,2023,,122,,,,0,,неизвестно
EXT-ZGD-0002,2023-05-03,,,,,,,,,,,2023,,123,,,,0,,неизвестно
EXT-ZGD-0002,2023-05-04,,,,,,,,,,,2023,,124,,,,0,,неизвестно
EXT-ZGD-0002,2023-05-05,0.19130777900110002,0.08687613140666786,-0.3027176621015091,,,,,,,,2023,0.19130777900110002,125,0.639679155608181,0.2568436108336902,-1.7456979955690146,5,Угнетение биомассы,неизвестно
EXT-ZGD-0002,2023-05-06,,,,,,,,,,,2023,,126,,,,0,,неизвестно
EXT-ZGD-0002,2023-05-07,,,,,,,,,,,2023,,127,,,,0,,неизвестно
EXT-ZGD-0002,2023-05-08,,,,,,,,,,,2023,,128,,,,0,,неизвестно
EXT-ZGD-0002,2023-05-09,,,,,,,,,,,2023,,129,,,,0,,неизвестно
EXT-ZGD-0002,2023-05-10,,,,,,,,,,,2023,,130,,,,0,,неизвестно
EXT-ZGD-0002,2023-05-11,,,,,,,,,,,2023,,131,,,,0,,неизвестно
EXT-ZGD-0002,2023-05-12,,,,,,,,,,,2023,,132,,,,0,,неизвестно
EXT-ZGD-0002,2023-05-13,,,,,,,,,,,2023,,133,,,,0,,неизвестно
EXT-ZGD-0002,2023-05-14,,,,,,,,,,,2023,,134,,,,0,,неизвестно
EXT-ZGD-0002,2023-05-15,0.2539576067613909,0.1287364381260544,-0.3174180449470807,,,,,,,,2023,0.2539576067613909,135,0.6947579151390864,0.21616416022739302,-2.039192380059661,5,Критическая аномалия,неизвестно
EXT-ZGD-0002,2023-05-16,,,,,,,,,,,2023,,136,,,,0,,неизвестно
EXT-ZGD-0002,2023-05-17,,,,,,,,,,,2023,,137,,,,0,,неизвестно
EXT-ZGD-0002,2023-05-18,,,,,,,,,,,2023,,138,,,,0,,неизвестно
EXT-ZGD-0002,2023-05-19,,,,,,,,,,,2023,,139,,,,0,,неизвестно
EXT-ZGD-0002,2023-05-20,0.31841047772834025,0.1699473113745143,-0.3564645745289797,,,,,,,,2023,0.31841047772834025,140,0.7104656458078779,0.21388805513354872,-1.8329923465559768,5,Угнетение биомассы,неизвестно
EXT-ZGD-0002,2023-05-21,,,,,,,,,,,2023,,141,,,,0,,неизвестно
EXT-ZGD-0002,2023-05-22,,,,,,,,,,,2023,,142,,,,0,,неизвестно
EXT-ZGD-0002,2023-05-23,,,,,,,,,,,2023,,143,,,,0,,неизвестно
EXT-ZGD-0002,2023-05-24,,,,,,,,,,,2023,,144,,,,0,,неизвестно
EXT-ZGD-0002,2023-05-25,,,,,,,,,,,2023,,145,,,,0,,неизвестно
EXT-ZGD-0002,2023-05-26,,,,,,,,,,,2023,,146,,,,0,,неизвестно
EXT-ZGD-0002,2023-05-27,,,,,,,,,,,2023,,147,,,,0,,неизвестно
EXT-ZGD-0002,2023-05-28,,,,,,,,,,,2023,,148,,,,0,,неизвестно
EXT-ZGD-0002,2023-05-29,,,,,,,,,,,2023,,149,,,,0,,неизвестно
EXT-ZGD-0002,2023-05-30,,,,,,,,,,,2023,,150,,,,0,,неизвестно
EXT-ZGD-0002,2023-05-31,,,,,,,,,,,2023,,151,,,,0,,неизвестно
EXT-ZGD-0002,2023-06-01,,,,,,,,,,,2023,,152,,,,0,,неизвестно
EXT-ZGD-0002,2023-06-02,,,,,,,,,,,2023,,153,,,,0,,неизвестно
EXT-ZGD-0002,2023-06-03,,,,,,,,,,,2023,,154,,,,0,,неизвестно
EXT-ZGD-0002,2023-06-04,,,,,,,,,,,2023,,155,,,,0,,неизвестно
EXT-ZGD-0002,2023-06-05,,,,,,,,,,,2023,,156,,,,0,,неизвестно
EXT-ZGD-0002,2023-06-06,,,,,,,,,,,2023,,157,,,,0,,неизвестно
EXT-ZGD-0002,2023-06-07,,,,,,,,,,,2023,,158,,,,0,,неизвестно
EXT-ZGD-0002,2023-06-08,,,,,,,,,,,2023,,159,,,,0,,неизвестно
EXT-ZGD-0002,2023-06-09,0.7470966472491373,0.555690925456311,-0.596620384350964,,,,,,,,2023,0.7470966472491373,160,0.6050820097972425,0.23375110363289098,0.607546382646948,5,Штатное развитие,неизвестно
EXT-ZGD-0002,2023-06-10,,,,,,,,,,,2023,,161,,,,0,,неизвестно
EXT-ZGD-0002,2023-06-11,,,,,,,,,,,2023,,162,,,,0,,неизвестно
EXT-ZGD-0002,2023-06-12,,,,,,,,,,,2023,,163,,,,0,,неизвестно
EXT-ZGD-0002,2023-06-13,,,,,,,,,,,2023,,164,,,,0,,неизвестно
EXT-ZGD-0002,2023-06-14,,,,,,,,,,,2023,,165,,,,0,,неизвестно
EXT-ZGD-0002,2023-06-15,,,,,,,,,,,2023,,166,,,,0,,неизвестно
EXT-ZGD-0002,2023-06-16,,,,,,,,,,,2023,,167,,,,0,,неизвестно
EXT-ZGD-0002,2023-06-17,,,,,,,,,,,2023,,168,,,,0,,неизвестно
EXT-ZGD-0002,2023-06-18,,,,,,,,,,,2023,,169,,,,0,,неизвестно
EXT-ZGD-0002,2023-06-19,0.842779268624426,0.645379645399038,-0.7285040168934267,,,,,,,,2023,0.842779268624426,170,0.5575076559705003,0.25004053693044026,1.1409014560438513,5,Штатное развитие,неизвестно
EXT-ZGD-0002,2023-06-20,,,,,,,,,,,2023,,171,,,,0,,неизвестно
EXT-ZGD-0002,2023-06-21,,,,,,,,,,,2023,,172,,,,0,,неизвестно
EXT-ZGD-0002,2023-06-22,,,,,,,,,,,2023,,173,,,,0,,неизвестно
EXT-ZGD-0002,2023-06-23,,,,,,,,,,,2023,,174,,,,0,,неизвестно
EXT-ZGD-0002,2023-06-24,,,,,,,,,,,2023,,175,,,,0,,неизвестно
EXT-ZGD-0002,2023-06-25,,,,,,,,,,,2023,,176,,,,0,,неизвестно
EXT-ZGD-0002,2023-06-26,,,,,,,,,,,2023,,177,,,,0,,неизвестно
EXT-ZGD-0002,2023-06-27,,,,,,,,,,,2023,,178,,,,0,,неизвестно
EXT-ZGD-0002,2023-06-28,,,,,,,,,,,2023,,179,,,,0,,неизвестно
EXT-ZGD-0002,2023-06-29,,,,,,,,,,,2023,,180,,,,0,,неизвестно
EXT-ZGD-0002,2023-06-30,,,,,,,,,,,2023,,181,,,,0,,неизвестно
EXT-ZGD-0002,2023-07-01,,,,,,,,,,,2023,,182,,,,0,,неизвестно
EXT-ZGD-0002,2023-07-02,,,,,,,,,,,2023,,183,,,,0,,неизвестно
EXT-ZGD-0002,2023-07-03,,,,,,,,,,,2023,,184,,,,0,,неизвестно
EXT-ZGD-0002,2023-07-04,0.6152906024859071,0.5897666382545206,-0.5135654912790597,,,,,,,,2023,0.6152906024859071,185,0.39584205508514786,0.24734479174191717,0.8872171750830101,5,Штатное развитие,неизвестно
EXT-ZGD-0002,2023-07-05,,,,,,,,,,,2023,,186,,,,0,,неизвестно
EXT-ZGD-0002,2023-07-06,,,,,,,,,,,2023,,187,,,,0,,неизвестно
EXT-ZGD-0002,2023-07-07,,,,,,,,,,,2023,,188,,,,0,,неизвестно
EXT-ZGD-0002,2023-07-08,,,,,,,,,,,2023,,189,,,,0,,неизвестно
EXT-ZGD-0002,2023-07-09,0.6114263991508243,0.4012617379822806,-0.489270397044265,,,,,,,,2023,0.6114263991508243,190,0.3540686305749582,0.24565374855295471,1.0476443778768083,5,Штатное развитие,неизвестно
EXT-ZGD-0002,2023-07-10,,,,,,,,,,,2023,,191,,,,0,,неизвестно
EXT-ZGD-0002,2023-07-11,,,,,,,,,,,2023,,192,,,,0,,неизвестно
EXT-ZGD-0002,2023-07-12,,,,,,,,,,,2023,,193,,,,0,,неизвестно
EXT-ZGD-0002,2023-07-13,,,,,,,,,,,2023,,194,,,,0,,неизвестно
EXT-ZGD-0002,2023-07-14,0.5761424448859183,0.3437161133339221,-0.45796466362153543,,,,,,,,2023,0.5761424448859183,195,0.33075831729915717,0.23692531177759374,1.0357024572246118,5,Штатное развитие,неизвестно
EXT-ZGD-0002,2023-07-15,,,,,,,,,,,2023,,196,,,,0,,неизвестно
EXT-ZGD-0002,2023-07-16,,,,,,,,,,,2023,,197,,,,0,,неизвестно
EXT-ZGD-0002,2023-07-17,,,,,,,,,,,2023,,198,,,,0,,неизвестно
EXT-ZGD-0002,2023-07-18,,,,,,,,,,,2023,,199,,,,0,,неизвестно
EXT-ZGD-0002,2023-07-19,,,,,,,,,,,2023,,200,,,,0,,неизвестно
EXT-ZGD-0002,2023-07-20,,,,,,,,,,,2023,,201,,,,0,,неизвестно
EXT-ZGD-0002,2023-07-21,,,,,,,,,,,2023,,202,,,,0,,неизвестно
EXT-ZGD-0002,2023-07-22,,,,,,,,,,,2023,,203,,,,0,,неизвестно
EXT-ZGD-0002,2023-07-23,,,,,,,,,,,2023,,204,,,,0,,неизвестно
EXT-ZGD-0002,2023-07-24,,,,,,,,,,,2023,,205,,,,0,,неизвестно
EXT-ZGD-0002,2023-07-25,,,,,,,,,,,2023,,206,,,,0,,неизвестно
EXT-ZGD-0002,2023-07-26,,,,,,,,,,,2023,,207,,,,0,,неизвестно
EXT-ZGD-0002,2023-07-27,,,,,,,,,,,2023,,208,,,,0,,неизвестно
EXT-ZGD-0002,2023-07-28,,,,,,,,,,,2023,,209,,,,0,,неизвестно
EXT-ZGD-0002,2023-07-29,,,,,,,,,,,2023,,210,,,,0,,неизвестно
EXT-ZGD-0002,2023-07-30,,,,,,,,,,,2023,,211,,,,0,,неизвестно
EXT-ZGD-0002,2023-07-31,,,,,,,,,,,2023,,212,,,,0,,неизвестно
EXT-ZGD-0002,2023-08-01,,,,,,,,,,,2023,,213,,,,0,,неизвестно
EXT-ZGD-0002,2023-08-02,,,,,,,,,,,2023,,214,,,,0,,неизвестно
EXT-ZGD-0002,2023-08-03,0.39463018450988724,0.19821676602801724,-0.46481946562311394,,,,,,,,2023,0.39463018450988724,215,0.33228868764496733,0.21258865556312065,0.29324940552347495,5,Штатное развитие,неизвестно
EXT-ZGD-0002,2023-08-04,,,,,,,,,,,2023,,216,,,,0,,неизвестно
EXT-ZGD-0002,2023-08-05,,,,,,,,,,,2023,,217,,,,0,,неизвестно
EXT-ZGD-0002,2023-08-06,,,,,,,,,,,2023,,218,,,,0,,неизвестно
EXT-ZGD-0002,2023-08-07,,,,,,,,,,,2023,,219,,,,0,,неизвестно
EXT-ZGD-0002,2023-08-08,0.4278209549796059,0.18063314280583498,-0.5567012403540315,,,,,,,,2023,0.4278209549796059,220,0.31910594167255985,0.19106799085274478,0.5689860076606564,5,Штатное развитие,неизвестно
EXT-ZGD-0002,2023-08-09,,,,,,,,,,,2023,,221,,,,0,,неизвестно
EXT-ZGD-0002,2023-08-10,,,,,,,,,,,2023,,222,,,,0,,неизвестно
EXT-ZGD-0002,2023-08-11,,,,,,,,,,,2023,,223,,,,0,,неизвестно
EXT-ZGD-0002,2023-08-12,,,,,,,,,,,2023,,224,,,,0,,неизвестно
EXT-ZGD-0002,2023-08-13,0.4668126025561894,0.19918657521660105,-0.5781691113870626,,,,,,,,2023,0.4668126025561894,225,0.3340632606561433,0.16890573736589012,0.7859374345140175,5,Штатное развитие,неизвестно
EXT-ZGD-0002,2023-08-14,,,,,,,,,,,2023,,226,,,,0,,неизвестно
EXT-ZGD-0002,2023-08-15,,,,,,,,,,,2023,,227,,,,0,,неизвестно
EXT-ZGD-0002,2023-08-16,,,,,,,,,,,2023,,228,,,,0,,неизвестно
EXT-ZGD-0002,2023-08-17,,,,,,,,,,,2023,,229,,,,0,,неизвестно
EXT-ZGD-0002,2023-08-18,0.4295514109786499,0.2002483749535596,-0.5448234470139524,,,,,,,,2023,0.4295514109786499,230,0.309555846681165,0.14091771262086936,0.8515293220826383,5,Штатное развитие,неизвестно
EXT-ZGD-0002,2023-08-19,,,,,,,,,,,2023,,231,,,,0,,неизвестно
EXT-ZGD-0002,2023-08-20,,,,,,,,,,,2023,,232,,,,0,,неизвестно
EXT-ZGD-0002,2023-08-21,,,,,,,,,,,2023,,233,,,,0,,неизвестно
EXT-ZGD-0002,2023-08-22,,,,,,,,,,,2023,,234,,,,0,,неизвестно
EXT-ZGD-0002,2023-08-23,,,,,,,,,,,2023,,235,,,,0,,неизвестно
EXT-ZGD-0002,2023-08-24,,,,,,,,,,,2023,,236,,,,0,,неизвестно
EXT-ZGD-0002,2023-08-25,,,,,,,,,,,2023,,237,,,,0,,неизвестно
EXT-ZGD-0002,2023-08-26,,,,,,,,,,,2023,,238,,,,0,,неизвестно
EXT-ZGD-0002,2023-08-27,,,,,,,,,,,2023,,239,,,,0,,неизвестно
EXT-ZGD-0002,2023-08-28,0.3594301064337815,0.1640365635151864,-0.5215594051371581,,,,,,,,2023,0.3594301064337815,240,0.29316199663001496,0.12922704195513857,0.5128037352025099,5,Штатное развитие,неизвестно
EXT-ZGD-0002,2023-08-29,,,,,,,,,,,2023,,241,,,,0,,неизвестно
EXT-ZGD-0002,2023-08-30,,,,,,,,,,,2023,,242,,,,0,,неизвестно
EXT-ZGD-0002,2023-08-31,,,,,,,,,,,2023,,243,,,,0,,неизвестно
EXT-ZGD-0002,2023-09-01,,,,,,,,,,,2023,,244,,,,0,,неизвестно
EXT-ZGD-0002,2023-09-02,0.29896621882533436,0.15233089591162513,-0.46377609284094434,,,,,,,,2023,0.29896621882533436,245,0.27988673710086376,0.12857858546446033,0.14838770900730008,5,Штатное развитие,неизвестно
EXT-ZGD-0002,2023-09-03,,,,,,,,,,,2023,,246,,,,0,,неизвестно
EXT-ZGD-0002,2023-09-04,,,,,,,,,,,2023,,247,,,,0,,неизвестно
EXT-ZGD-0002,2023-09-05,,,,,,,,,,,2023,,248,,,,0,,неизвестно
EXT-ZGD-0002,2023-09-06,,,,,,,,,,,2023,,249,,,,0,,неизвестно
EXT-ZGD-0002,2023-09-07,,,,,,,,,,,2023,,250,,,,0,,неизвестно
EXT-ZGD-0002,2023-09-08,,,,,,,,,,,2023,,251,,,,0,,неизвестно
EXT-ZGD-0002,2023-09-09,,,,,,,,,,,2023,,252,,,,0,,неизвестно
EXT-ZGD-0002,2023-09-10,,,,,,,,,,,2023,,253,,,,0,,неизвестно
EXT-ZGD-0002,2023-09-11,,,,,,,,,,,2023,,254,,,,0,,неизвестно
EXT-ZGD-0002,2023-09-12,0.19325947352474585,0.110218010310183,-0.36427674660180964,,,,,,,,2023,0.19325947352474585,255,0.254218777940305,0.12213931236456609,-0.49909650902246366,5,Штатное развитие,неизвестно
EXT-ZGD-0002,2023-09-13,,,,,,,,,,,2023,,256,,,,0,,неизвестно
EXT-ZGD-0002,2023-09-14,,,,,,,,,,,2023,,257,,,,0,,неизвестно
EXT-ZGD-0002,2023-09-15,,,,,,,,,,,2023,,258,,,,0,,неизвестно
EXT-ZGD-0002,2023-09-16,,,,,,,,,,,2023,,259,,,,0,,неизвестно
EXT-ZGD-0002,2023-09-17,0.17970591333462516,0.06738246734374115,-0.33001053658764334,,,,,,,,2023,0.17970591333462516,260,0.24301971576506068,0.10664748842768758,-0.5936736379250553,5,Штатное развитие,неизвестно
EXT-ZGD-0002,2023-09-18,,,,,,,,,,,2023,,261,,,,0,,неизвестно
EXT-ZGD-0002,2023-09-19,,,,,,,,,,,2023,,262,,,,0,,неизвестно
EXT-ZGD-0002,2023-09-20,,,,,,,,,,,2023,,263,,,,0,,неизвестно
EXT-ZGD-0002,2023-09-21,,,,,,,,,,,2023,,264,,,,0,,неизвестно
EXT-ZGD-0002,2023-09-22,0.1601447726519203,0.0683504274310557,-0.3076069000779418,,,,,,,,2023,0.1601447726519203,265,0.23267209901033575,0.09689856807293366,-0.7484870808805509,5,Штатное развитие,неизвестно
EXT-ZGD-0002,2023-09-23,,,,,,,,,,,2023,,266,,,,0,,неизвестно
EXT-ZGD-0002,2023-09-24,,,,,,,,,,,2023,,267,,,,0,,неизвестно
EXT-ZGD-0002,2023-09-25,,,,,,,,,,,2023,,268,,,,0,,неизвестно
EXT-ZGD-0002,2023-09-26,,,,,,,,,,,2023,,269,,,,0,,неизвестно
EXT-ZGD-0002,2023-09-27,0.1562252057432622,0.06739013508501705,-0.3008166970628712,,,,,,,,2023,0.1562252057432622,270,0.21716116586299578,0.0784365080029406,-0.7768826235539332,5,Штатное развитие,неизвестно
EXT-ZGD-0002,2023-09-28,,,,,,,,,,,2023,,271,,,,0,,неизвестно
EXT-ZGD-0002,2023-09-29,,,,,,,,,,,2023,,272,,,,0,,неизвестно
EXT-ZGD-0002,2023-09-30,,,,,,,,,,,2023,,273,,,,0,,неизвестно
EXT-ZGD-0002,2023-10-01,,,,,,,,,,,2023,,274,,,,0,,неизвестно
EXT-ZGD-0002,2023-10-02,0.140645305008344,0.0673784048425004,-0.2636985706650806,,,,,,,,2023,0.140645305008344,275,0.20968555704853534,0.07356148174589588,-0.9385380827248387,5,Штатное развитие,неизвестно
EXT-ZGD-0002,2023-10-03,,,,,,,,,,,2023,,276,,,,0,,неизвестно
EXT-ZGD-0002,2023-10-04,,,,,,,,,,,2023,,277,,,,0,,неизвестно
EXT-ZGD-0002,2023-10-05,,,,,,,,,,,2023,,278,,,,0,,неизвестно
EXT-ZGD-0002,2023-10-06,,,,,,,,,,,2023,,279,,,,0,,неизвестно
EXT-ZGD-0002,2023-10-07,0.1757957367306012,0.06940583179094664,-0.3251543717156267,,,,,,,,2023,0.1757957367306012,280,0.20540483849585445,0.0650768736190982,-0.45498654312372844,5,Штатное развитие,неизвестно
EXT-ZGD-0002,2023-10-08,,,,,,,,,,,2023,,281,,,,0,,неизвестно
EXT-ZGD-0002,2023-10-09,,,,,,,,,,,2023,,282,,,,0,,неизвестно
EXT-ZGD-0002,2023-10-10,,,,,,,,,,,2023,,283,,,,0,,неизвестно
EXT-ZGD-0002,2023-10-11,,,,,,,,,,,2023,,284,,,,0,,неизвестно
EXT-ZGD-0002,2023-10-12,0.18549355469356105,0.0771667037793295,-0.33204357303482146,,,,,,,,2023,0.18549355469356105,285,0.20108897932809397,0.05986475738694594,-0.26051094692874593,5,Штатное развитие,неизвестно
EXT-ZGD-0002,2023-10-13,,,,,,,,,,,2023,,286,,,,0,,неизвестно
EXT-ZGD-0002,2023-10-14,,,,,,,,,,,2023,,287,,,,0,,неизвестно
EXT-ZGD-0002,2023-10-15,,,,,,,,,,,2023,,288,,,,0,,неизвестно
EXT-ZGD-0002,2023-10-16,,,,,,,,,,,2023,,289,,,,0,,неизвестно
EXT-ZGD-0002,2023-10-17,,,,,,,,,,,2023,,290,,,,0,,неизвестно
EXT-ZGD-0002,2023-10-18,,,,,,,,,,,2023,,291,,,,0,,неизвестно
EXT-ZGD-0002,2023-10-19,,,,,,,,,,,2023,,292,,,,0,,неизвестно
EXT-ZGD-0002,2023-10-20,,,,,,,,,,,2023,,293,,,,0,,неизвестно
EXT-ZGD-0002,2023-10-21,,,,,,,,,,,2023,,294,,,,0,,неизвестно
EXT-ZGD-0002,2023-10-22,,,,,,,,,,,2023,,295,,,,0,,неизвестно
EXT-ZGD-0002,2023-10-23,,,,,,,,,,,2023,,296,,,,0,,неизвестно
EXT-ZGD-0002,2023-10-24,,,,,,,,,,,2023,,297,,,,0,,неизвестно
EXT-ZGD-0002,2023-10-25,,,,,,,,,,,2023,,298,,,,0,,неизвестно
EXT-ZGD-0002,2023-10-26,,,,,,,,,,,2023,,299,,,,0,,неизвестно
EXT-ZGD-0002,2023-10-27,,,,,,,,,,,2023,,300,,,,0,,неизвестно
EXT-ZGD-0002,2023-10-28,,,,,,,,,,,2023,,301,,,,0,,неизвестно
EXT-ZGD-0002,2023-10-29,,,,,,,,,,,2023,,302,,,,0,,неизвестно
EXT-ZGD-0002,2023-10-30,,,,,,,,,,,2023,,303,,,,0,,неизвестно
EXT-ZGD-0002,2024-04-01,,,,,,,,,,,2024,,92,,,,0,,неизвестно
EXT-ZGD-0002,2024-04-02,,,,,,,,,,,2024,,93,,,,0,,неизвестно
EXT-ZGD-0002,2024-04-03,,,,,,,,,,,2024,,94,,,,0,,неизвестно
EXT-ZGD-0002,2024-04-04,0.5136696800358618,0.20702926255765847,-0.5185730078667594,,,,,,,,2024,0.5136696800358618,95,0.5705342445299582,0.20313476665584956,-0.2799351653596363,4,Штатное развитие,неизвестно
EXT-ZGD-0002,2024-04-05,,,,,,,,,,,2024,,96,,,,0,,неизвестно
EXT-ZGD-0002,2024-04-06,,,,,,,,,,,2024,,97,,,,0,,неизвестно
EXT-ZGD-0002,2024-04-07,,,,,,,,,,,2024,,98,,,,0,,неизвестно
EXT-ZGD-0002,2024-04-08,,,,,,,,,,,2024,,99,,,,0,,неизвестно
EXT-ZGD-0002,2024-04-09,0.5556438591610549,0.3095311899584454,-0.5361952035312467,,,,,,,,2024,0.5556438591610549,100,0.5736484019931554,0.19171973807775125,-0.09391074186007303,4,Штатное развитие,неизвестно
EXT-ZGD-0002,2024-04-10,,,,,,,,,,,2024,,101,,,,0,,неизвестно
EXT-ZGD-0002,2024-04-11,,,,,,,,,,,2024,,102,,,,0,,неизвестно
EXT-ZGD-0002,2024-04-12,,,,,,,,,,,2024,,103,,,,0,,неизвестно
EXT-ZGD-0002,2024-04-13,,,,,,,,,,,2024,,104,,,,0,,неизвестно
EXT-ZGD-0002,2024-04-14,,,,,,,,,,,2024,,105,,,,0,,неизвестно
EXT-ZGD-0002,2024-04-15,,,,,,,,,,,2024,,106,,,,0,,неизвестно
EXT-ZGD-0002,2024-04-16,,,,,,,,,,,2024,,107,,,,0,,неизвестно
EXT-ZGD-0002,2024-04-17,,,,,,,,,,,2024,,108,,,,0,,неизвестно
EXT-ZGD-0002,2024-04-18,,,,,,,,,,,2024,,109,,,,0,,неизвестно
EXT-ZGD-0002,2024-04-19,,,,,,,,,,,2024,,110,,,,0,,неизвестно
EXT-ZGD-0002,2024-04-20,,,,,,,,,,,2024,,111,,,,0,,неизвестно
EXT-ZGD-0002,2024-04-21,,,,,,,,,,,2024,,112,,,,0,,неизвестно
EXT-ZGD-0002,2024-04-22,,,,,,,,,,,2024,,113,,,,0,,неизвестно
EXT-ZGD-0002,2024-04-23,,,,,,,,,,,2024,,114,,,,0,,неизвестно
EXT-ZGD-0002,2024-04-24,,,,,,,,,,,2024,,115,,,,0,,неизвестно
EXT-ZGD-0002,2024-04-25,,,,,,,,,,,2024,,116,,,,0,,неизвестно
EXT-ZGD-0002,2024-04-26,,,,,,,,,,,2024,,117,,,,0,,неизвестно
EXT-ZGD-0002,2024-04-27,,,,,,,,,,,2024,,118,,,,0,,неизвестно
EXT-ZGD-0002,2024-04-28,,,,,,,,,,,2024,,119,,,,0,,неизвестно
EXT-ZGD-0002,2024-04-29,,,,,,,,,,,2024,,120,,,,0,,неизвестно
EXT-ZGD-0002,2024-04-30,,,,,,,,,,,2024,,121,,,,0,,неизвестно
EXT-ZGD-0002,2024-05-01,,,,,,,,,,,2024,,122,,,,0,,неизвестно
EXT-ZGD-0002,2024-05-02,,,,,,,,,,,2024,,123,,,,0,,неизвестно
EXT-ZGD-0002,2024-05-03,,,,,,,,,,,2024,,124,,,,0,,неизвестно
EXT-ZGD-0002,2024-05-04,0.7382532231481215,0.45694639608054394,-0.6757080294241693,,,,,,,,2024,0.7382532231481215,125,0.5698835358484662,0.28404808662575787,0.5927506476094928,5,Штатное развитие,неизвестно
EXT-ZGD-0002,2024-05-05,,,,,,,,,,,2024,,126,,,,0,,неизвестно
EXT-ZGD-0002,2024-05-06,,,,,,,,,,,2024,,127,,,,0,,неизвестно
EXT-ZGD-0002,2024-05-07,,,,,,,,,,,2024,,128,,,,0,,неизвестно
EXT-ZGD-0002,2024-05-08,,,,,,,,,,,2024,,129,,,,0,,неизвестно
EXT-ZGD-0002,2024-05-09,,,,,,,,,,,2024,,130,,,,0,,неизвестно
EXT-ZGD-0002,2024-05-10,,,,,,,,,,,2024,,131,,,,0,,неизвестно
EXT-ZGD-0002,2024-05-11,,,,,,,,,,,2024,,132,,,,0,,неизвестно
EXT-ZGD-0002,2024-05-12,,,,,,,,,,,2024,,133,,,,0,,неизвестно
EXT-ZGD-0002,2024-05-13,,,,,,,,,,,2024,,134,,,,0,,неизвестно
EXT-ZGD-0002,2024-05-14,,,,,,,,,,,2024,,135,,,,0,,неизвестно
EXT-ZGD-0002,2024-05-15,,,,,,,,,,,2024,,136,,,,0,,неизвестно
EXT-ZGD-0002,2024-05-16,,,,,,,,,,,2024,,137,,,,0,,неизвестно
EXT-ZGD-0002,2024-05-17,,,,,,,,,,,2024,,138,,,,0,,неизвестно
EXT-ZGD-0002,2024-05-18,,,,,,,,,,,2024,,139,,,,0,,неизвестно
EXT-ZGD-0002,2024-05-19,,,,,,,,,,,2024,,140,,,,0,,неизвестно
EXT-ZGD-0002,2024-05-20,,,,,,,,,,,2024,,141,,,,0,,неизвестно
EXT-ZGD-0002,2024-05-21,,,,,,,,,,,2024,,142,,,,0,,неизвестно
EXT-ZGD-0002,2024-05-22,,,,,,,,,,,2024,,143,,,,0,,неизвестно
EXT-ZGD-0002,2024-05-23,,,,,,,,,,,2024,,144,,,,0,,неизвестно
EXT-ZGD-0002,2024-05-24,0.7118602601691104,0.45312225076736473,-0.6612705261364584,,,,,,,,2024,0.7118602601691104,145,0.652789950011231,0.25140809350025384,0.2349578700330099,5,Штатное развитие,неизвестно
EXT-ZGD-0002,2024-05-25,,,,,,,,,,,2024,,146,,,,0,,неизвестно
EXT-ZGD-0002,2024-05-26,,,,,,,,,,,2024,,147,,,,0,,неизвестно
EXT-ZGD-0002,2024-05-27,,,,,,,,,,,2024,,148,,,,0,,неизвестно
EXT-ZGD-0002,2024-05-28,,,,,,,,,,,2024,,149,,,,0,,неизвестно
EXT-ZGD-0002,2024-05-29,,,,,,,,,,,2024,,150,,,,0,,неизвестно
EXT-ZGD-0002,2024-05-30,,,,,,,,,,,2024,,151,,,,0,,неизвестно
EXT-ZGD-0002,2024-05-31,,,,,,,,,,,2024,,152,,,,0,,неизвестно
EXT-ZGD-0002,2024-06-01,,,,,,,,,,,2024,,153,,,,0,,неизвестно
EXT-ZGD-0002,2024-06-02,,,,,,,,,,,2024,,154,,,,0,,неизвестно
EXT-ZGD-0002,2024-06-03,0.6260357617567229,0.37405215191440866,-0.6220583951591058,,,,,,,,2024,0.6260357617567229,155,0.6454488316994733,0.23235305841162943,-0.08354987911697204,5,Штатное развитие,неизвестно
EXT-ZGD-0002,2024-06-04,,,,,,,,,,,2024,,156,,,,0,,неизвестно
EXT-ZGD-0002,2024-06-05,,,,,,,,,,,2024,,157,,,,0,,неизвестно
EXT-ZGD-0002,2024-06-06,,,,,,,,,,,2024,,158,,,,0,,неизвестно
EXT-ZGD-0002,2024-06-07,,,,,,,,,,,2024,,159,,,,0,,неизвестно
EXT-ZGD-0002,2024-06-08,,,,,,,,,,,2024,,160,,,,0,,неизвестно
EXT-ZGD-0002,2024-06-09,,,,,,,,,,,2024,,161,,,,0,,неизвестно
EXT-ZGD-0002,2024-06-10,,,,,,,,,,,2024,,162,,,,0,,неизвестно
EXT-ZGD-0002,2024-06-11,,,,,,,,,,,2024,,163,,,,0,,неизвестно
EXT-ZGD-0002,2024-06-12,,,,,,,,,,,2024,,164,,,,0,,неизвестно
EXT-ZGD-0002,2024-06-13,,,,,,,,,,,2024,,165,,,,0,,неизвестно
EXT-ZGD-0002,2024-06-14,,,,,,,,,,,2024,,166,,,,0,,неизвестно
EXT-ZGD-0002,2024-06-15,,,,,,,,,,,2024,,167,,,,0,,неизвестно
EXT-ZGD-0002,2024-06-16,,,,,,,,,,,2024,,168,,,,0,,неизвестно
EXT-ZGD-0002,2024-06-17,,,,,,,,,,,2024,,169,,,,0,,неизвестно
EXT-ZGD-0002,2024-06-18,,,,,,,,,,,2024,,170,,,,0,,неизвестно
EXT-ZGD-0002,2024-06-19,,,,,,,,,,,2024,,171,,,,0,,неизвестно
EXT-ZGD-0002,2024-06-20,,,,,,,,,,,2024,,172,,,,0,,неизвестно
EXT-ZGD-0002,2024-06-21,,,,,,,,,,,2024,,173,,,,0,,неизвестно
EXT-ZGD-0002,2024-06-22,,,,,,,,,,,2024,,174,,,,0,,неизвестно
EXT-ZGD-0002,2024-06-23,0.2343841281290163,0.12107011796825524,-0.40327246427475716,,,,,,,,2024,0.2343841281290163,175,0.5838405737652174,0.22339652639190888,-1.564287732133949,5,Угнетение биомассы,неизвестно
EXT-ZGD-0002,2024-06-24,,,,,,,,,,,2024,,176,,,,0,,неизвестно
EXT-ZGD-0002,2024-06-25,,,,,,,,,,,2024,,177,,,,0,,неизвестно
EXT-ZGD-0002,2024-06-26,,,,,,,,,,,2024,,178,,,,0,,неизвестно
EXT-ZGD-0002,2024-06-27,,,,,,,,,,,2024,,179,,,,0,,неизвестно
EXT-ZGD-0002,2024-06-28,,,,,,,,,,,2024,,180,,,,0,,неизвестно
EXT-ZGD-0002,2024-06-29,,,,,,,,,,,2024,,181,,,,0,,неизвестно
EXT-ZGD-0002,2024-06-30,,,,,,,,,,,2024,,182,,,,0,,неизвестно
EXT-ZGD-0002,2024-07-01,,,,,,,,,,,2024,,183,,,,0,,неизвестно
EXT-ZGD-0002,2024-07-02,,,,,,,,,,,2024,,184,,,,0,,неизвестно
EXT-ZGD-0002,2024-07-03,0.1973291657905875,0.110344797133832,-0.37499165326137773,,,,,,,,2024,0.1973291657905875,185,0.475636967464689,0.24624158390105794,-1.1302225938650883,5,Угнетение биомассы,неизвестно
EXT-ZGD-0002,2024-07-04,,,,,,,,,,,2024,,186,,,,0,,неизвестно
EXT-ZGD-0002,2024-07-05,,,,,,,,,,,2024,,187,,,,0,,неизвестно
EXT-ZGD-0002,2024-07-06,,,,,,,,,,,2024,,188,,,,0,,неизвестно
EXT-ZGD-0002,2024-07-07,,,,,,,,,,,2024,,189,,,,0,,неизвестно
EXT-ZGD-0002,2024-07-08,,,,,,,,,,,2024,,190,,,,0,,неизвестно
EXT-ZGD-0002,2024-07-09,,,,,,,,,,,2024,,191,,,,0,,неизвестно
EXT-ZGD-0002,2024-07-10,,,,,,,,,,,2024,,192,,,,0,,неизвестно
EXT-ZGD-0002,2024-07-11,,,,,,,,,,,2024,,193,,,,0,,неизвестно
EXT-ZGD-0002,2024-07-12,,,,,,,,,,,2024,,194,,,,0,,неизвестно
EXT-ZGD-0002,2024-07-13,0.16016167937722303,0.12990129152589056,-0.3300980726032195,,,,,,,,2024,0.16016167937722303,195,0.4135054993565518,0.23847997618100641,-1.0623274290628102,5,Угнетение биомассы,неизвестно
EXT-ZGD-0002,2024-07-14,,,,,,,,,,,2024,,196,,,,0,,неизвестно
EXT-ZGD-0002,2024-07-15,,,,,,,,,,,2024,,197,,,,0,,неизвестно
EXT-ZGD-0002,2024-07-16,,,,,,,,,,,2024,,198,,,,0,,неизвестно
EXT-ZGD-0002,2024-07-17,,,,,,,,,,,2024,,199,,,,0,,неизвестно
EXT-ZGD-0002,2024-07-18,0.1386858447412626,0.115249973315608,-0.31443101944827045,,,,,,,,2024,0.1386858447412626,200,0.4108467111314759,0.22103945626681407,-1.2312773067161873,5,Угнетение биомассы,неизвестно
EXT-ZGD-0002,2024-07-19,,,,,,,,,,,2024,,201,,,,0,,неизвестно
EXT-ZGD-0002,2024-07-20,,,,,,,,,,,2024,,202,,,,0,,неизвестно
EXT-ZGD-0002,2024-07-21,,,,,,,,,,,2024,,203,,,,0,,неизвестно
EXT-ZGD-0002,2024-07-22,,,,,,,,,,,2024,,204,,,,0,,неизвестно
EXT-ZGD-0002,2024-07-23,,,,,,,,,,,2024,,205,,,,0,,неизвестно
EXT-ZGD-0002,2024-07-24,,,,,,,,,,,2024,,206,,,,0,,неизвестно
EXT-ZGD-0002,2024-07-25,,,,,,,,,,,2024,,207,,,,0,,неизвестно
EXT-ZGD-0002,2024-07-26,,,,,,,,,,,2024,,208,,,,0,,неизвестно
EXT-ZGD-0002,2024-07-27,,,,,,,,,,,2024,,209,,,,0,,неизвестно
EXT-ZGD-0002,2024-07-28,0.1427434891457129,0.0809428208920322,-0.254856306983912,,,,,,,,2024,0.1427434891457129,210,0.4215941138705677,0.20635893120331755,-1.3512893437605276,5,Угнетение биомассы,неизвестно
EXT-ZGD-0002,2024-07-29,,,,,,,,,,,2024,,211,,,,0,,неизвестно
EXT-ZGD-0002,2024-07-30,,,,,,,,,,,2024,,212,,,,0,,неизвестно
EXT-ZGD-0002,2024-07-31,,,,,,,,,,,2024,,213,,,,0,,неизвестно
EXT-ZGD-0002,2024-08-01,,,,,,,,,,,2024,,214,,,,0,,неизвестно
EXT-ZGD-0002,2024-08-02,,,,,,,,,,,2024,,215,,,,0,,неизвестно
EXT-ZGD-0002,2024-08-03,,,,,,,,,,,2024,,216,,,,0,,неизвестно
EXT-ZGD-0002,2024-08-04,,,,,,,,,,,2024,,217,,,,0,,неизвестно
EXT-ZGD-0002,2024-08-05,,,,,,,,,,,2024,,218,,,,0,,неизвестно
EXT-ZGD-0002,2024-08-06,,,,,,,,,,,2024,,219,,,,0,,неизвестно
EXT-ZGD-0002,2024-08-07,,,,,,,,,,,2024,,220,,,,0,,неизвестно
EXT-ZGD-0002,2024-08-08,,,,,,,,,,,2024,,221,,,,0,,неизвестно
EXT-ZGD-0002,2024-08-09,,,,,,,,,,,2024,,222,,,,0,,неизвестно
EXT-ZGD-0002,2024-08-10,,,,,,,,,,,2024,,223,,,,0,,неизвестно
EXT-ZGD-0002,2024-08-11,,,,,,,,,,,2024,,224,,,,0,,неизвестно
EXT-ZGD-0002,2024-08-12,0.1289027755956535,0.07226187915709055,-0.2593063520605744,,,,,,,,2024,0.1289027755956535,225,0.3807865806679185,0.1392026412323731,-1.8094757602464704,5,Угнетение биомассы,неизвестно
EXT-ZGD-0002,2024-08-13,,,,,,,,,,,2024,,226,,,,0,,неизвестно
EXT-ZGD-0002,2024-08-14,,,,,,,,,,,2024,,227,,,,0,,неизвестно
EXT-ZGD-0002,2024-08-15,,,,,,,,,,,2024,,228,,,,0,,неизвестно
EXT-ZGD-0002,2024-08-16,,,,,,,,,,,2024,,229,,,,0,,неизвестно
EXT-ZGD-0002,2024-08-17,0.1385927046935293,0.0791050158191547,-0.2636487089717592,,,,,,,,2024,0.1385927046935293,230,0.3622674541567917,0.11468455400383884,-1.9503476418958328,5,Угнетение биомассы,неизвестно
EXT-ZGD-0002,2024-08-18,,,,,,,,,,,2024,,231,,,,0,,неизвестно
EXT-ZGD-0002,2024-08-19,,,,,,,,,,,2024,,232,,,,0,,неизвестно
EXT-ZGD-0002,2024-08-20,,,,,,,,,,,2024,,233,,,,0,,неизвестно
EXT-ZGD-0002,2024-08-21,,,,,,,,,,,2024,,234,,,,0,,неизвестно
EXT-ZGD-0002,2024-08-22,0.1307629872418859,0.07321190821347115,-0.25386707982468576,,,,,,,,2024,0.1307629872418859,235,0.35029097295801326,0.11785346374695978,-1.8627198449378664,5,Угнетение биомассы,неизвестно
EXT-ZGD-0002,2024-08-23,,,,,,,,,,,2024,,236,,,,0,,неизвестно
EXT-ZGD-0002,2024-08-24,,,,,,,,,,,2024,,237,,,,0,,неизвестно
EXT-ZGD-0002,2024-08-25,,,,,,,,,,,2024,,238,,,,0,,неизвестно
EXT-ZGD-0002,2024-08-26,,,,,,,,,,,2024,,239,,,,0,,неизвестно
EXT-ZGD-0002,2024-08-27,,,,,,,,,,,2024,,240,,,,0,,неизвестно
EXT-ZGD-0002,2024-08-28,,,,,,,,,,,2024,,241,,,,0,,неизвестно
EXT-ZGD-0002,2024-08-29,,,,,,,,,,,2024,,242,,,,0,,неизвестно
EXT-ZGD-0002,2024-08-30,,,,,,,,,,,2024,,243,,,,0,,неизвестно
EXT-ZGD-0002,2024-08-31,,,,,,,,,,,2024,,244,,,,0,,неизвестно
EXT-ZGD-0002,2024-09-01,,,,,,,,,,,2024,,245,,,,0,,неизвестно
EXT-ZGD-0002,2024-09-02,,,,,,,,,,,2024,,246,,,,0,,неизвестно
EXT-ZGD-0002,2024-09-03,,,,,,,,,,,2024,,247,,,,0,,неизвестно
EXT-ZGD-0002,2024-09-04,,,,,,,,,,,2024,,248,,,,0,,неизвестно
EXT-ZGD-0002,2024-09-05,,,,,,,,,,,2024,,249,,,,0,,неизвестно
EXT-ZGD-0002,2024-09-06,0.15615188055920687,0.08491510903275,-0.2871287386616407,,,,,,,,2024,0.15615188055920687,250,0.29915657755712816,0.11678331483806552,-1.2245302096126913,5,Угнетение биомассы,неизвестно
EXT-ZGD-0002,2024-09-07,,,,,,,,,,,2024,,251,,,,0,,неизвестно
EXT-ZGD-0002,2024-09-08,,,,,,,,,,,2024,,252,,,,0,,неизвестно
EXT-ZGD-0002,2024-09-09,,,,,,,,,,,2024,,253,,,,0,,неизвестно
EXT-ZGD-0002,2024-09-10,,,,,,,,,,,2024,,254,,,,0,,неизвестно
EXT-ZGD-0002,2024-09-11,0.13085395660821095,0.062475311578192305,-0.2587519690615236,,,,,,,,2024,0.13085395660821095,255,0.2729671977595322,0.11474400960153278,-1.2385242736839386,5,Угнетение биомассы,неизвестно
EXT-ZGD-0002,2024-09-12,,,,,,,,,,,2024,,256,,,,0,,неизвестно
EXT-ZGD-0002,2024-09-13,,,,,,,,,,,2024,,257,,,,0,,неизвестно
EXT-ZGD-0002,2024-09-14,,,,,,,,,,,2024,,258,,,,0,,неизвестно
EXT-ZGD-0002,2024-09-15,,,,,,,,,,,2024,,259,,,,0,,неизвестно
EXT-ZGD-0002,2024-09-16,0.14646292790187035,0.07323841882675645,-0.27149262634764815,,,,,,,,2024,0.14646292790187035,260,0.25738992331090343,0.1005645405161091,-1.1030428304026714,5,Угнетение биомассы,неизвестно
EXT-ZGD-0002,2024-09-17,,,,,,,,,,,2024,,261,,,,0,,неизвестно
EXT-ZGD-0002,2024-09-18,,,,,,,,,,,2024,,262,,,,0,,неизвестно
EXT-ZGD-0002,2024-09-19,,,,,,,,,,,2024,,263,,,,0,,неизвестно
EXT-ZGD-0002,2024-09-20,,,,,,,,,,,2024,,264,,,,0,,неизвестно
EXT-ZGD-0002,2024-09-21,0.1367260767605415,0.0654058608537724,-0.2666069876875891,,,,,,,,2024,0.1367260767605415,265,0.24554234328894187,0.08929849759267895,-1.2185677190757302,5,Угнетение биомассы,неизвестно
EXT-ZGD-0002,2024-09-22,,,,,,,,,,,2024,,266,,,,0,,неизвестно
EXT-ZGD-0002,2024-09-23,,,,,,,,,,,2024,,267,,,,0,,неизвестно
EXT-ZGD-0002,2024-09-24,,,,,,,,,,,2024,,268,,,,0,,неизвестно
EXT-ZGD-0002,2024-09-25,,,,,,,,,,,2024,,269,,,,0,,неизвестно
EXT-ZGD-0002,2024-09-26,0.13082686081535566,0.06342244566743355,-0.26658415781301603,,,,,,,,2024,0.13082686081535566,270,0.23158765101202106,0.0698751661152618,-1.4420114584122283,5,Угнетение биомассы,неизвестно
EXT-ZGD-0002,2024-09-27,,,,,,,,,,,2024,,271,,,,0,,неизвестно
EXT-ZGD-0002,2024-09-28,,,,,,,,,,,2024,,272,,,,0,,неизвестно
EXT-ZGD-0002,2024-09-29,,,,,,,,,,,2024,,273,,,,0,,неизвестно
EXT-ZGD-0002,2024-09-30,,,,,,,,,,,2024,,274,,,,0,,неизвестно
EXT-ZGD-0002,2024-10-01,0.1503849705158093,0.0727498066529315,-0.2930089922640535,,,,,,,,2024,0.1503849705158093,275,0.22157556463762548,0.0653504846623753,-1.0893659701165654,5,Угнетение биомассы,неизвестно
EXT-ZGD-0002,2024-10-02,,,,,,,,,,,2024,,276,,,,0,,неизвестно
EXT-ZGD-0002,2024-10-03,,,,,,,,,,,2024,,277,,,,0,,неизвестно
EXT-ZGD-0002,2024-10-04,,,,,,,,,,,2024,,278,,,,0,,неизвестно
EXT-ZGD-0002,2024-10-05,,,,,,,,,,,2024,,279,,,,0,,неизвестно
EXT-ZGD-0002,2024-10-06,0.13864011695127654,0.06734438112326815,-0.275388572787081,,,,,,,,2024,0.13864011695127654,280,0.2167906285527511,0.058451631047127944,-1.3370116488017925,5,Угнетение биомассы,неизвестно
EXT-ZGD-0002,2024-10-07,,,,,,,,,,,2024,,281,,,,0,,неизвестно
EXT-ZGD-0002,2024-10-08,,,,,,,,,,,2024,,282,,,,0,,неизвестно
EXT-ZGD-0002,2024-10-09,,,,,,,,,,,2024,,283,,,,0,,неизвестно
EXT-ZGD-0002,2024-10-10,,,,,,,,,,,2024,,284,,,,0,,неизвестно
EXT-ZGD-0002,2024-10-11,0.12695230632054694,0.0610123297771387,-0.26075875683592653,,,,,,,,2024,0.12695230632054694,285,0.21215321381842453,0.05335289752719185,-1.5969312154874828,5,Угнетение биомассы,неизвестно
EXT-ZGD-0002,2024-10-12,,,,,,,,,,,2024,,286,,,,0,,неизвестно
EXT-ZGD-0002,2024-10-13,,,,,,,,,,,2024,,287,,,,0,,неизвестно
EXT-ZGD-0002,2024-10-14,,,,,,,,,,,2024,,288,,,,0,,неизвестно
EXT-ZGD-0002,2024-10-15,,,,,,,,,,,2024,,289,,,,0,,неизвестно
EXT-ZGD-0002,2024-10-16,0.1190780979565501,0.0771112044034332,-0.1983459207762212,,,,,,,,2024,0.1190780979565501,290,0.2081826628381492,0.04564869794992152,-1.9519629010963346,5,Угнетение биомассы,неизвестно
EXT-ZGD-0002,2024-10-17,,,,,,,,,,,2024,,291,,,,0,,неизвестно
EXT-ZGD-0002,2024-10-18,,,,,,,,,,,2024,,292,,,,0,,неизвестно
EXT-ZGD-0002,2024-10-19,,,,,,,,,,,2024,,293,,,,0,,неизвестно
EXT-ZGD-0002,2024-10-20,,,,,,,,,,,2024,,294,,,,0,,неизвестно
EXT-ZGD-0002,2024-10-21,,,,,,,,,,,2024,,295,,,,0,,неизвестно
EXT-ZGD-0002,2024-10-22,,,,,,,,,,,2024,,296,,,,0,,неизвестно
EXT-ZGD-0002,2024-10-23,,,,,,,,,,,2024,,297,,,,0,,неизвестно
EXT-ZGD-0002,2024-10-24,,,,,,,,,,,2024,,298,,,,0,,неизвестно
EXT-ZGD-0002,2024-10-25,,,,,,,,,,,2024,,299,,,,0,,неизвестно
EXT-ZGD-0002,2024-10-26,0.15233247639586273,0.07323775854604389,-0.27549330536503136,,,,,,,,2024,0.15233247639586273,300,0.21517000277933152,0.043305031543024,-1.4510444663003894,5,Угнетение биомассы,неизвестно
EXT-ZGD-0002,2024-10-27,,,,,,,,,,,2024,,301,,,,0,,неизвестно
EXT-ZGD-0002,2024-10-28,,,,,,,,,,,2024,,302,,,,0,,неизвестно
EXT-ZGD-0002,2024-10-29,,,,,,,,,,,2024,,303,,,,0,,неизвестно
EXT-ZGD-0002,2024-10-30,,,,,,,,,,,2024,,304,,,,0,,неизвестно
EXT-ZGD-0003,2019-04-01,0.4112906776601509,0.210980862255352,-0.44627280416570775,,,,,,,,2019,0.4112906776601509,91,0.37850795630240996,0.12459157829849411,0.2631214870655282,3,Штатное развитие,неизвестно
EXT-ZGD-0003,2019-04-02,,,,,,,,,,,2019,,92,,,,0,,неизвестно
EXT-ZGD-0003,2019-04-03,,,,,,,,,,,2019,,93,,,,0,,неизвестно
EXT-ZGD-0003,2019-04-04,,,,,,,,,,,2019,,94,,,,0,,неизвестно
EXT-ZGD-0003,2019-04-05,,,,,,,,,,,2019,,95,,,,0,,неизвестно
EXT-ZGD-0003,2019-04-06,0.42439974381147705,0.23096852422886943,-0.42661843724523674,,,,,,,,2019,0.42439974381147705,96,0.4547962114504747,0.1487125294132888,-0.2043974892964296,4,Штатное развитие,неизвестно
EXT-ZGD-0003,2019-04-07,,,,,,,,,,,2019,,97,,,,0,,неизвестно
EXT-ZGD-0003,2019-04-08,,,,,,,,,,,2019,,98,,,,0,,неизвестно
EXT-ZGD-0003,2019-04-09,,,,,,,,,,,2019,,99,,,,0,,неизвестно
EXT-ZGD-0003,2019-04-10,,,,,,,,,,,2019,,100,,,,0,,неизвестно
EXT-ZGD-0003,2019-04-11,,,,,,,,,,,2019,,101,,,,0,,неизвестно
EXT-ZGD-0003,2019-04-12,,,,,,,,,,,2019,,102,,,,0,,неизвестно
EXT-ZGD-0003,2019-04-13,,,,,,,,,,,2019,,103,,,,0,,неизвестно
EXT-ZGD-0003,2019-04-14,,,,,,,,,,,2019,,104,,,,0,,неизвестно
EXT-ZGD-0003,2019-04-15,,,,,,,,,,,2019,,105,,,,0,,неизвестно
EXT-ZGD-0003,2019-04-16,,,,,,,,,,,2019,,106,,,,0,,неизвестно
EXT-ZGD-0003,2019-04-17,,,,,,,,,,,2019,,107,,,,0,,неизвестно
EXT-ZGD-0003,2019-04-18,,,,,,,,,,,2019,,108,,,,0,,неизвестно
EXT-ZGD-0003,2019-04-19,,,,,,,,,,,2019,,109,,,,0,,неизвестно
EXT-ZGD-0003,2019-04-20,,,,,,,,,,,2019,,110,,,,0,,неизвестно
EXT-ZGD-0003,2019-04-21,0.7236379641666308,0.44281543983240784,-0.635720800631473,,,,,,,,2019,0.7236379641666308,111,0.4809995327870967,0.20137566799475895,1.2049044146974557,5,Штатное развитие,неизвестно
EXT-ZGD-0003,2019-04-22,,,,,,,,,,,2019,,112,,,,0,,неизвестно
EXT-ZGD-0003,2019-04-23,,,,,,,,,,,2019,,113,,,,0,,неизвестно
EXT-ZGD-0003,2019-04-24,,,,,,,,,,,2019,,114,,,,0,,неизвестно
EXT-ZGD-0003,2019-04-25,,,,,,,,,,,2019,,115,,,,0,,неизвестно
EXT-ZGD-0003,2019-04-26,0.749081090911249,0.5176401136757821,-0.6483753139108026,,,,,,,,2019,0.749081090911249,116,0.46965013278460127,0.209403189521858,1.3344159597792566,5,Штатное развитие,неизвестно
EXT-ZGD-0003,2019-04-27,,,,,,,,,,,2019,,117,,,,0,,неизвестно
EXT-ZGD-0003,2019-04-28,,,,,,,,,,,2019,,118,,,,0,,неизвестно
EXT-ZGD-0003,2019-04-29,,,,,,,,,,,2019,,119,,,,0,,неизвестно
EXT-ZGD-0003,2019-04-30,,,,,,,,,,,2019,,120,,,,0,,неизвестно
EXT-ZGD-0003,2019-05-01,,,,,,,,,,,2019,,121,,,,0,,неизвестно
EXT-ZGD-0003,2019-05-02,,,,,,,,,,,2019,,122,,,,0,,неизвестно
EXT-ZGD-0003,2019-05-03,,,,,,,,,,,2019,,123,,,,0,,неизвестно
EXT-ZGD-0003,2019-05-04,,,,,,,,,,,2019,,124,,,,0,,неизвестно
EXT-ZGD-0003,2019-05-05,,,,,,,,,,,2019,,125,,,,0,,неизвестно
EXT-ZGD-0003,2019-05-06,0.8680808862672356,0.6836656994478808,-0.7597635042060213,,,,,,,,2019,0.8680808862672356,126,0.49370493841841934,0.22966237915464535,1.6301143845450048,5,Штатное развитие,неизвестно
EXT-ZGD-0003,2019-05-07,,,,,,,,,,,2019,,127,,,,0,,неизвестно
EXT-ZGD-0003,2019-05-08,,,,,,,,,,,2019,,128,,,,0,,неизвестно
EXT-ZGD-0003,2019-05-09,,,,,,,,,,,2019,,129,,,,0,,неизвестно
EXT-ZGD-0003,2019-05-10,,,,,,,,,,,2019,,130,,,,0,,неизвестно
EXT-ZGD-0003,2019-05-11,0.8857351380026292,0.7207736931202989,-0.777341658847803,,,,,,,,2019,0.8857351380026292,131,0.5534376325611258,0.22683717160122213,1.4649164556930716,5,Штатное развитие,неизвестно
EXT-ZGD-0003,2019-05-12,,,,,,,,,,,2019,,132,,,,0,,неизвестно
EXT-ZGD-0003,2019-05-13,,,,,,,,,,,2019,,133,,,,0,,неизвестно
EXT-ZGD-0003,2019-05-14,,,,,,,,,,,2019,,134,,,,0,,неизвестно
EXT-ZGD-0003,2019-05-15,,,,,,,,,,,2019,,135,,,,0,,неизвестно
EXT-ZGD-0003,2019-05-16,0.8945994887959773,0.7383513886398498,-0.8008077583506792,,,,,,,,2019,0.8945994887959773,136,0.5695116608744303,0.22151774417714754,1.467547573351842,5,Штатное развитие,неизвестно
EXT-ZGD-0003,2019-05-17,,,,,,,,,,,2019,,137,,,,0,,неизвестно
EXT-ZGD-0003,2019-05-18,,,,,,,,,,,2019,,138,,,,0,,неизвестно
EXT-ZGD-0003,2019-05-19,,,,,,,,,,,2019,,139,,,,0,,неизвестно
EXT-ZGD-0003,2019-05-20,,,,,,,,,,,2019,,140,,,,0,,неизвестно
EXT-ZGD-0003,2019-05-21,0.8809325223017208,0.7285592012994059,-0.79098880316128,,,,,,,,2019,0.8809325223017208,141,0.5963370238006958,0.2271860454465777,1.252697972455122,5,Штатное развитие,неизвестно
EXT-ZGD-0003,2019-05-22,,,,,,,,,,,2019,,142,,,,0,,неизвестно
EXT-ZGD-0003,2019-05-23,,,,,,,,,,,2019,,143,,,,0,,неизвестно
EXT-ZGD-0003,2019-05-24,,,,,,,,,,,2019,,144,,,,0,,неизвестно
EXT-ZGD-0003,2019-05-25,,,,,,,,,,,2019,,145,,,,0,,неизвестно
EXT-ZGD-0003,2019-05-26,,,,,,,,,,,2019,,146,,,,0,,неизвестно
EXT-ZGD-0003,2019-05-27,,,,,,,,,,,2019,,147,,,,0,,неизвестно
EXT-ZGD-0003,2019-05-28,,,,,,,,,,,2019,,148,,,,0,,неизвестно
EXT-ZGD-0003,2019-05-29,,,,,,,,,,,2019,,149,,,,0,,неизвестно
EXT-ZGD-0003,2019-05-30,,,,,,,,,,,2019,,150,,,,0,,неизвестно
EXT-ZGD-0003,2019-05-31,0.8554926286547714,0.6563099969664564,-0.7637299291622239,,,,,,,,2019,0.8554926286547714,151,0.6373186389827594,0.19991853910052568,1.0913144456418162,5,Штатное развитие,неизвестно
EXT-ZGD-0003,2019-06-01,,,,,,,,,,,2019,,152,,,,0,,неизвестно
EXT-ZGD-0003,2019-06-02,,,,,,,,,,,2019,,153,,,,0,,неизвестно
EXT-ZGD-0003,2019-06-03,,,,,,,,,,,2019,,154,,,,0,,неизвестно
EXT-ZGD-0003,2019-06-04,,,,,,,,,,,2019,,155,,,,0,,неизвестно
EXT-ZGD-0003,2019-06-05,0.820179682200828,0.618249983793774,-0.7374094830568483,,,,,,,,2019,0.820179682200828,156,0.6100705059380661,0.2142710245209112,0.9805767099520116,5,Штатное развитие,неизвестно
EXT-ZGD-0003,2019-06-06,,,,,,,,,,,2019,,157,,,,0,,неизвестно
EXT-ZGD-0003,2019-06-07,,,,,,,,,,,2019,,158,,,,0,,неизвестно
EXT-ZGD-0003,2019-06-08,,,,,,,,,,,2019,,159,,,,0,,неизвестно
EXT-ZGD-0003,2019-06-09,,,,,,,,,,,2019,,160,,,,0,,неизвестно
EXT-ZGD-0003,2019-06-10,0.7783818989209065,0.5234974684599172,-0.7276256239368467,,,,,,,,2019,0.7783818989209065,161,0.6041991803084736,0.21482356781303794,0.8108175484918162,5,Штатное развитие,неизвестно
EXT-ZGD-0003,2019-06-11,,,,,,,,,,,2019,,162,,,,0,,неизвестно
EXT-ZGD-0003,2019-06-12,,,,,,,,,,,2019,,163,,,,0,,неизвестно
EXT-ZGD-0003,2019-06-13,,,,,,,,,,,2019,,164,,,,0,,неизвестно
EXT-ZGD-0003,2019-06-14,,,,,,,,,,,2019,,165,,,,0,,неизвестно
EXT-ZGD-0003,2019-06-15,0.5232894883326534,0.3322342733943122,-0.5986199820726011,,,,,,,,2019,0.5232894883326534,166,0.5619420356105426,0.24013632162797882,-0.16096085346793138,5,Штатное развитие,неизвестно
EXT-ZGD-0003,2019-06-16,,,,,,,,,,,2019,,167,,,,0,,неизвестно
EXT-ZGD-0003,2019-06-17,,,,,,,,,,,2019,,168,,,,0,,неизвестно
EXT-ZGD-0003,2019-06-18,,,,,,,,,,,2019,,169,,,,0,,неизвестно
EXT-ZGD-0003,2019-06-19,,,,,,,,,,,2019,,170,,,,0,,неизвестно
EXT-ZGD-0003,2019-06-20,0.30066550336824494,0.1859767432025834,-0.4872629212062134,,,,,,,,2019,0.30066550336824494,171,0.5541922122806454,0.24745020293568512,-1.0245564800700313,5,Угнетение биомассы,неизвестно
EXT-ZGD-0003,2019-06-21,,,,,,,,,,,2019,,172,,,,0,,неизвестно
EXT-ZGD-0003,2019-06-22,,,,,,,,,,,2019,,173,,,,0,,неизвестно
EXT-ZGD-0003,2019-06-23,,,,,,,,,,,2019,,174,,,,0,,неизвестно
EXT-ZGD-0003,2019-06-24,,,,,,,,,,,2019,,175,,,,0,,неизвестно
EXT-ZGD-0003,2019-06-25,0.24805475080797115,0.19815432867014846,-0.4220002719067981,,,,,,,,2019,0.24805475080797115,176,0.5231877408019731,0.24764663167859777,-1.1109902368915587,5,Угнетение биомассы,неизвестно
EXT-ZGD-0003,2019-06-26,,,,,,,,,,,2019,,177,,,,0,,неизвестно
EXT-ZGD-0003,2019-06-27,,,,,,,,,,,2019,,178,,,,0,,неизвестно
EXT-ZGD-0003,2019-06-28,,,,,,,,,,,2019,,179,,,,0,,неизвестно
EXT-ZGD-0003,2019-06-29,,,,,,,,,,,2019,,180,,,,0,,неизвестно
EXT-ZGD-0003,2019-06-30,0.2441594760225961,0.170852574717711,-0.45117187770911105,,,,,,,,2019,0.2441594760225961,181,0.4751651778208462,0.26212237777051706,-0.8812895097437695,5,Штатное развитие,неизвестно
EXT-ZGD-0003,2019-07-01,,,,,,,,,,,2019,,182,,,,0,,неизвестно
EXT-ZGD-0003,2019-07-02,,,,,,,,,,,2019,,183,,,,0,,неизвестно
EXT-ZGD-0003,2019-07-03,,,,,,,,,,,2019,,184,,,,0,,неизвестно
EXT-ZGD-0003,2019-07-04,,,,,,,,,,,2019,,185,,,,0,,неизвестно
EXT-ZGD-0003,2019-07-05,,,,,,,,,,,2019,,186,,,,0,,неизвестно
EXT-ZGD-0003,2019-07-06,,,,,,,,,,,2019,,187,,,,0,,неизвестно
EXT-ZGD-0003,2019-07-07,,,,,,,,,,,2019,,188,,,,0,,неизвестно
EXT-ZGD-0003,2019-07-08,,,,,,,,,,,2019,,189,,,,0,,неизвестно
EXT-ZGD-0003,2019-07-09,,,,,,,,,,,2019,,190,,,,0,,неизвестно
EXT-ZGD-0003,2019-07-10,,,,,,,,,,,2019,,191,,,,0,,неизвестно
EXT-ZGD-0003,2019-07-11,,,,,,,,,,,2019,,192,,,,0,,неизвестно
EXT-ZGD-0003,2019-07-12,,,,,,,,,,,2019,,193,,,,0,,неизвестно
EXT-ZGD-0003,2019-07-13,,,,,,,,,,,2019,,194,,,,0,,неизвестно
EXT-ZGD-0003,2019-07-14,,,,,,,,,,,2019,,195,,,,0,,неизвестно
EXT-ZGD-0003,2019-07-15,,,,,,,,,,,2019,,196,,,,0,,неизвестно
EXT-ZGD-0003,2019-07-16,,,,,,,,,,,2019,,197,,,,0,,неизвестно
EXT-ZGD-0003,2019-07-17,,,,,,,,,,,2019,,198,,,,0,,неизвестно
EXT-ZGD-0003,2019-07-18,,,,,,,,,,,2019,,199,,,,0,,неизвестно
EXT-ZGD-0003,2019-07-19,,,,,,,,,,,2019,,200,,,,0,,неизвестно
EXT-ZGD-0003,2019-07-20,0.12303650674717825,0.08391362421551385,-0.24997204500781325,,,,,,,,2019,0.12303650674717825,201,0.3742751334238462,0.22492792630428543,-1.1169739160658472,5,Угнетение биомассы,неизвестно
EXT-ZGD-0003,2019-07-21,,,,,,,,,,,2019,,202,,,,0,,неизвестно
EXT-ZGD-0003,2019-07-22,,,,,,,,,,,2019,,203,,,,0,,неизвестно
EXT-ZGD-0003,2019-07-23,,,,,,,,,,,2019,,204,,,,0,,неизвестно
EXT-ZGD-0003,2019-07-24,,,,,,,,,,,2019,,205,,,,0,,неизвестно
EXT-ZGD-0003,2019-07-25,,,,,,,,,,,2019,,206,,,,0,,неизвестно
EXT-ZGD-0003,2019-07-26,,,,,,,,,,,2019,,207,,,,0,,неизвестно
EXT-ZGD-0003,2019-07-27,,,,,,,,,,,2019,,208,,,,0,,неизвестно
EXT-ZGD-0003,2019-07-28,,,,,,,,,,,2019,,209,,,,0,,неизвестно
EXT-ZGD-0003,2019-07-29,,,,,,,,,,,2019,,210,,,,0,,неизвестно
EXT-ZGD-0003,2019-07-30,,,,,,,,,,,2019,,211,,,,0,,неизвестно
EXT-ZGD-0003,2019-07-31,,,,,,,,,,,2019,,212,,,,0,,неизвестно
EXT-ZGD-0003,2019-08-01,,,,,,,,,,,2019,,213,,,,0,,неизвестно
EXT-ZGD-0003,2019-08-02,,,,,,,,,,,2019,,214,,,,0,,неизвестно
EXT-ZGD-0003,2019-08-03,,,,,,,,,,,2019,,215,,,,0,,неизвестно
EXT-ZGD-0003,2019-08-04,,,,,,,,,,,2019,,216,,,,0,,неизвестно
EXT-ZGD-0003,2019-08-05,,,,,,,,,,,2019,,217,,,,0,,неизвестно
EXT-ZGD-0003,2019-08-06,,,,,,,,,,,2019,,218,,,,0,,неизвестно
EXT-ZGD-0003,2019-08-07,,,,,,,,,,,2019,,219,,,,0,,неизвестно
EXT-ZGD-0003,2019-08-08,,,,,,,,,,,2019,,220,,,,0,,неизвестно
EXT-ZGD-0003,2019-08-09,0.38092714523973426,0.2441751854886296,-0.4269226853540906,,,,,,,,2019,0.38092714523973426,221,0.35687148376232863,0.18009095725981902,0.13357506586352516,5,Штатное развитие,неизвестно
EXT-ZGD-0003,2019-08-10,,,,,,,,,,,2019,,222,,,,0,,неизвестно
EXT-ZGD-0003,2019-08-11,,,,,,,,,,,2019,,223,,,,0,,неизвестно
EXT-ZGD-0003,2019-08-12,,,,,,,,,,,2019,,224,,,,0,,неизвестно
EXT-ZGD-0003,2019-08-13,,,,,,,,,,,2019,,225,,,,0,,неизвестно
EXT-ZGD-0003,2019-08-14,0.39068469562443187,0.26180887282791615,-0.440425600454123,,,,,,,,2019,0.39068469562443187,226,0.34555122246975145,0.16337139228859351,0.27626301350821997,5,Штатное развитие,неизвестно
EXT-ZGD-0003,2019-08-15,,,,,,,,,,,2019,,227,,,,0,,неизвестно
EXT-ZGD-0003,2019-08-16,,,,,,,,,,,2019,,228,,,,0,,неизвестно
EXT-ZGD-0003,2019-08-17,,,,,,,,,,,2019,,229,,,,0,,неизвестно
EXT-ZGD-0003,2019-08-18,,,,,,,,,,,2019,,230,,,,0,,неизвестно
EXT-ZGD-0003,2019-08-19,,,,,,,,,,,2019,,231,,,,0,,неизвестно
EXT-ZGD-0003,2019-08-20,,,,,,,,,,,2019,,232,,,,0,,неизвестно
EXT-ZGD-0003,2019-08-21,,,,,,,,,,,2019,,233,,,,0,,неизвестно
EXT-ZGD-0003,2019-08-22,,,,,,,,,,,2019,,234,,,,0,,неизвестно
EXT-ZGD-0003,2019-08-23,,,,,,,,,,,2019,,235,,,,0,,неизвестно
EXT-ZGD-0003,2019-08-24,,,,,,,,,,,2019,,236,,,,0,,неизвестно
EXT-ZGD-0003,2019-08-25,,,,,,,,,,,2019,,237,,,,0,,неизвестно
EXT-ZGD-0003,2019-08-26,,,,,,,,,,,2019,,238,,,,0,,неизвестно
EXT-ZGD-0003,2019-08-27,,,,,,,,,,,2019,,239,,,,0,,неизвестно
EXT-ZGD-0003,2019-08-28,,,,,,,,,,,2019,,240,,,,0,,неизвестно
EXT-ZGD-0003,2019-08-29,0.1699282737016563,0.09475312773419464,-0.3027854953765511,,,,,,,,2019,0.1699282737016563,241,0.30562698844173375,0.13224797202917696,-1.0260929726025527,5,Угнетение биомассы,неизвестно
EXT-ZGD-0003,2019-08-30,,,,,,,,,,,2019,,242,,,,0,,неизвестно
EXT-ZGD-0003,2019-08-31,,,,,,,,,,,2019,,243,,,,0,,неизвестно
EXT-ZGD-0003,2019-09-01,,,,,,,,,,,2019,,244,,,,0,,неизвестно
EXT-ZGD-0003,2019-09-02,,,,,,,,,,,2019,,245,,,,0,,неизвестно
EXT-ZGD-0003,2019-09-03,0.15228828978478903,0.08884246352699275,-0.2753850320125836,,,,,,,,2019,0.15228828978478903,246,0.28218930708233425,0.12675648435286432,-1.0248076692938812,5,Угнетение биомассы,неизвестно
EXT-ZGD-0003,2019-09-04,,,,,,,,,,,2019,,247,,,,0,,неизвестно
EXT-ZGD-0003,2019-09-05,,,,,,,,,,,2019,,248,,,,0,,неизвестно
EXT-ZGD-0003,2019-09-06,,,,,,,,,,,2019,,249,,,,0,,неизвестно
EXT-ZGD-0003,2019-09-07,,,,,,,,,,,2019,,250,,,,0,,неизвестно
EXT-ZGD-0003,2019-09-08,,,,,,,,,,,2019,,251,,,,0,,неизвестно
EXT-ZGD-0003,2019-09-09,,,,,,,,,,,2019,,252,,,,0,,неизвестно
EXT-ZGD-0003,2019-09-10,,,,,,,,,,,2019,,253,,,,0,,неизвестно
EXT-ZGD-0003,2019-09-11,,,,,,,,,,,2019,,254,,,,0,,неизвестно
EXT-ZGD-0003,2019-09-12,,,,,,,,,,,2019,,255,,,,0,,неизвестно
EXT-ZGD-0003,2019-09-13,0.17368303647122307,0.1015305549654525,-0.3037181535922505,,,,,,,,2019,0.17368303647122307,256,0.2343350240363219,0.0982087738599148,-0.6175821688967723,5,Штатное развитие,неизвестно
EXT-ZGD-0003,2019-09-14,,,,,,,,,,,2019,,257,,,,0,,неизвестно
EXT-ZGD-0003,2019-09-15,,,,,,,,,,,2019,,258,,,,0,,неизвестно
EXT-ZGD-0003,2019-09-16,,,,,,,,,,,2019,,259,,,,0,,неизвестно
EXT-ZGD-0003,2019-09-17,,,,,,,,,,,2019,,260,,,,0,,неизвестно
EXT-ZGD-0003,2019-09-18,,,,,,,,,,,2019,,261,,,,0,,неизвестно
EXT-ZGD-0003,2019-09-19,,,,,,,,,,,2019,,262,,,,0,,неизвестно
EXT-ZGD-0003,2019-09-20,,,,,,,,,,,2019,,263,,,,0,,неизвестно
EXT-ZGD-0003,2019-09-21,,,,,,,,,,,2019,,264,,,,0,,неизвестно
EXT-ZGD-0003,2019-09-22,,,,,,,,,,,2019,,265,,,,0,,неизвестно
EXT-ZGD-0003,2019-09-23,,,,,,,,,,,2019,,266,,,,0,,неизвестно
EXT-ZGD-0003,2019-09-24,,,,,,,,,,,2019,,267,,,,0,,неизвестно
EXT-ZGD-0003,2019-09-25,,,,,,,,,,,2019,,268,,,,0,,неизвестно
EXT-ZGD-0003,2019-09-26,,,,,,,,,,,2019,,269,,,,0,,неизвестно
EXT-ZGD-0003,2019-09-27,,,,,,,,,,,2019,,270,,,,0,,неизвестно
EXT-ZGD-0003,2019-09-28,0.18164727695893726,0.11125679182438075,-0.287111839109748,,,,,,,,2019,0.18164727695893726,271,0.20367712523734574,0.0649184794974762,-0.3393463378831127,5,Штатное развитие,неизвестно
EXT-ZGD-0003,2019-09-29,,,,,,,,,,,2019,,272,,,,0,,неизвестно
EXT-ZGD-0003,2019-09-30,,,,,,,,,,,2019,,273,,,,0,,неизвестно
EXT-ZGD-0003,2019-10-01,,,,,,,,,,,2019,,274,,,,0,,неизвестно
EXT-ZGD-0003,2019-10-02,,,,,,,,,,,2019,,275,,,,0,,неизвестно
EXT-ZGD-0003,2019-10-03,,,,,,,,,,,2019,,276,,,,0,,неизвестно
EXT-ZGD-0003,2019-10-04,,,,,,,,,,,2019,,277,,,,0,,неизвестно
EXT-ZGD-0003,2019-10-05,,,,,,,,,,,2019,,278,,,,0,,неизвестно
EXT-ZGD-0003,2019-10-06,,,,,,,,,,,2019,,279,,,,0,,неизвестно
EXT-ZGD-0003,2019-10-07,,,,,,,,,,,2019,,280,,,,0,,неизвестно
EXT-ZGD-0003,2019-10-08,,,,,,,,,,,2019,,281,,,,0,,неизвестно
EXT-ZGD-0003,2019-10-09,,,,,,,,,,,2019,,282,,,,0,,неизвестно
EXT-ZGD-0003,2019-10-10,,,,,,,,,,,2019,,283,,,,0,,неизвестно
EXT-ZGD-0003,2019-10-11,,,,,,,,,,,2019,,284,,,,0,,неизвестно
EXT-ZGD-0003,2019-10-12,,,,,,,,,,,2019,,285,,,,0,,неизвестно
EXT-ZGD-0003,2019-10-13,0.26171947095893877,0.13667466708453224,-0.3466466401317807,,,,,,,,2019,0.26171947095893877,286,0.19497767501215574,0.04992747749091662,1.3367748442513538,5,Штатное развитие,неизвестно
EXT-ZGD-0003,2019-10-14,,,,,,,,,,,2019,,287,,,,0,,неизвестно
EXT-ZGD-0003,2019-10-15,,,,,,,,,,,2019,,288,,,,0,,неизвестно
EXT-ZGD-0003,2019-10-16,,,,,,,,,,,2019,,289,,,,0,,неизвестно
EXT-ZGD-0003,2019-10-17,,,,,,,,,,,2019,,290,,,,0,,неизвестно
EXT-ZGD-0003,2019-10-18,,,,,,,,,,,2019,,291,,,,0,,неизвестно
EXT-ZGD-0003,2019-10-19,,,,,,,,,,,2019,,292,,,,0,,неизвестно
EXT-ZGD-0003,2019-10-20,,,,,,,,,,,2019,,293,,,,0,,неизвестно
EXT-ZGD-0003,2019-10-21,,,,,,,,,,,2019,,294,,,,0,,неизвестно
EXT-ZGD-0003,2019-10-22,,,,,,,,,,,2019,,295,,,,0,,неизвестно
EXT-ZGD-0003,2019-10-23,0.12608077870322976,0.017485010628570802,-0.18751410460651236,,,,,,,,2019,0.12608077870322976,296,0.19679062824112023,0.04579504178280933,-1.544050333510859,5,Угнетение биомассы,неизвестно
EXT-ZGD-0003,2019-10-24,,,,,,,,,,,2019,,297,,,,0,,неизвестно
EXT-ZGD-0003,2019-10-25,,,,,,,,,,,2019,,298,,,,0,,неизвестно
EXT-ZGD-0003,2019-10-26,,,,,,,,,,,2019,,299,,,,0,,неизвестно
EXT-ZGD-0003,2019-10-27,,,,,,,,,,,2019,,300,,,,0,,неизвестно
EXT-ZGD-0003,2019-10-28,0.1708755420488161,0.07032576432536,-0.30272710131944636,,,,,,,,2019,0.1708755420488161,301,0.2012692600290666,0.046262663626009684,-0.656981582944623,5,Штатное развитие,неизвестно
EXT-ZGD-0003,2019-10-29,,,,,,,,,,,2019,,302,,,,0,,неизвестно
EXT-ZGD-0003,2019-10-30,,,,,,,,,,,2019,,303,,,,0,,неизвестно
EXT-ZGD-0003,2020-04-01,,,,,,,,,,,2020,,92,,,,0,,неизвестно
EXT-ZGD-0003,2020-04-02,,,,,,,,,,,2020,,93,,,,0,,неизвестно
EXT-ZGD-0003,2020-04-03,,,,,,,,,,,2020,,94,,,,0,,неизвестно
EXT-ZGD-0003,2020-04-04,,,,,,,,,,,2020,,95,,,,0,,неизвестно
EXT-ZGD-0003,2020-04-05,,,,,,,,,,,2020,,96,,,,0,,неизвестно
EXT-ZGD-0003,2020-04-06,,,,,,,,,,,2020,,97,,,,0,,неизвестно
EXT-ZGD-0003,2020-04-07,,,,,,,,,,,2020,,98,,,,0,,неизвестно
EXT-ZGD-0003,2020-04-08,,,,,,,,,,,2020,,99,,,,0,,неизвестно
EXT-ZGD-0003,2020-04-09,,,,,,,,,,,2020,,100,,,,0,,неизвестно
EXT-ZGD-0003,2020-04-10,0.4247720978401227,0.25879874631274186,-0.4511364119807242,,,,,,,,2020,0.4247720978401227,101,0.5030693081736305,0.1792828947586843,-0.4367243759584328,4,Штатное развитие,неизвестно
EXT-ZGD-0003,2020-04-11,,,,,,,,,,,2020,,102,,,,0,,неизвестно
EXT-ZGD-0003,2020-04-12,,,,,,,,,,,2020,,103,,,,0,,неизвестно
EXT-ZGD-0003,2020-04-13,,,,,,,,,,,2020,,104,,,,0,,неизвестно
EXT-ZGD-0003,2020-04-14,,,,,,,,,,,2020,,105,,,,0,,неизвестно
EXT-ZGD-0003,2020-04-15,,,,,,,,,,,2020,,106,,,,0,,неизвестно
EXT-ZGD-0003,2020-04-16,,,,,,,,,,,2020,,107,,,,0,,неизвестно
EXT-ZGD-0003,2020-04-17,,,,,,,,,,,2020,,108,,,,0,,неизвестно
EXT-ZGD-0003,2020-04-18,,,,,,,,,,,2020,,109,,,,0,,неизвестно
EXT-ZGD-0003,2020-04-19,,,,,,,,,,,2020,,110,,,,0,,неизвестно
EXT-ZGD-0003,2020-04-20,,,,,,,,,,,2020,,111,,,,0,,неизвестно
EXT-ZGD-0003,2020-04-21,,,,,,,,,,,2020,,112,,,,0,,неизвестно
EXT-ZGD-0003,2020-04-22,,,,,,,,,,,2020,,113,,,,0,,неизвестно
EXT-ZGD-0003,2020-04-23,,,,,,,,,,,2020,,114,,,,0,,неизвестно
EXT-ZGD-0003,2020-04-24,,,,,,,,,,,2020,,115,,,,0,,неизвестно
EXT-ZGD-0003,2020-04-25,0.5878601820231895,0.37205406986226186,-0.5772562108304624,,,,,,,,2020,0.5878601820231895,116,0.5459422690405542,0.2575110069088934,0.16278105346178728,5,Штатное развитие,неизвестно
EXT-ZGD-0003,2020-04-26,,,,,,,,,,,2020,,117,,,,0,,неизвестно
EXT-ZGD-0003,2020-04-27,,,,,,,,,,,2020,,118,,,,0,,неизвестно
EXT-ZGD-0003,2020-04-28,,,,,,,,,,,2020,,119,,,,0,,неизвестно
EXT-ZGD-0003,2020-04-29,,,,,,,,,,,2020,,120,,,,0,,неизвестно
EXT-ZGD-0003,2020-04-30,0.6278632413265812,0.41891562376369396,-0.600581794079945,,,,,,,,2020,0.6278632413265812,121,0.5573574604885272,0.2701509809549201,0.26098658086982585,5,Штатное развитие,неизвестно
EXT-ZGD-0003,2020-05-01,,,,,,,,,,,2020,,122,,,,0,,неизвестно
EXT-ZGD-0003,2020-05-02,,,,,,,,,,,2020,,123,,,,0,,неизвестно
EXT-ZGD-0003,2020-05-03,,,,,,,,,,,2020,,124,,,,0,,неизвестно
EXT-ZGD-0003,2020-05-04,,,,,,,,,,,2020,,125,,,,0,,неизвестно
EXT-ZGD-0003,2020-05-05,,,,,,,,,,,2020,,126,,,,0,,неизвестно
EXT-ZGD-0003,2020-05-06,,,,,,,,,,,2020,,127,,,,0,,неизвестно
EXT-ZGD-0003,2020-05-07,,,,,,,,,,,2020,,128,,,,0,,неизвестно
EXT-ZGD-0003,2020-05-08,,,,,,,,,,,2020,,129,,,,0,,неизвестно
EXT-ZGD-0003,2020-05-09,,,,,,,,,,,2020,,130,,,,0,,неизвестно
EXT-ZGD-0003,2020-05-10,,,,,,,,,,,2020,,131,,,,0,,неизвестно
EXT-ZGD-0003,2020-05-11,,,,,,,,,,,2020,,132,,,,0,,неизвестно
EXT-ZGD-0003,2020-05-12,,,,,,,,,,,2020,,133,,,,0,,неизвестно
EXT-ZGD-0003,2020-05-13,,,,,,,,,,,2020,,134,,,,0,,неизвестно
EXT-ZGD-0003,2020-05-14,,,,,,,,,,,2020,,135,,,,0,,неизвестно
EXT-ZGD-0003,2020-05-15,0.7450643451008561,0.5547554842610347,-0.6718703272356381,,,,,,,,2020,0.7450643451008561,136,0.6237295646801373,0.25180269174909226,0.4818645089847662,5,Штатное развитие,неизвестно
EXT-ZGD-0003,2020-05-16,,,,,,,,,,,2020,,137,,,,0,,неизвестно
EXT-ZGD-0003,2020-05-17,,,,,,,,,,,2020,,138,,,,0,,неизвестно
EXT-ZGD-0003,2020-05-18,,,,,,,,,,,2020,,139,,,,0,,неизвестно
EXT-ZGD-0003,2020-05-19,,,,,,,,,,,2020,,140,,,,0,,неизвестно
EXT-ZGD-0003,2020-05-20,0.7822839801878417,0.57414073943273,-0.7089668857269031,,,,,,,,2020,0.7822839801878417,141,0.639518941078131,0.25002131633241836,0.5710114689576948,5,Штатное развитие,неизвестно
EXT-ZGD-0003,2020-05-21,,,,,,,,,,,2020,,142,,,,0,,неизвестно
EXT-ZGD-0003,2020-05-22,,,,,,,,,,,2020,,143,,,,0,,неизвестно
EXT-ZGD-0003,2020-05-23,,,,,,,,,,,2020,,144,,,,0,,неизвестно
EXT-ZGD-0003,2020-05-24,,,,,,,,,,,2020,,145,,,,0,,неизвестно
EXT-ZGD-0003,2020-05-25,,,,,,,,,,,2020,,146,,,,0,,неизвестно
EXT-ZGD-0003,2020-05-26,,,,,,,,,,,2020,,147,,,,0,,неизвестно
EXT-ZGD-0003,2020-05-27,,,,,,,,,,,2020,,148,,,,0,,неизвестно
EXT-ZGD-0003,2020-05-28,,,,,,,,,,,2020,,149,,,,0,,неизвестно
EXT-ZGD-0003,2020-05-29,,,,,,,,,,,2020,,150,,,,0,,неизвестно
EXT-ZGD-0003,2020-05-30,0.8065630326910993,0.6231217122886848,-0.7089300135348886,,,,,,,,2020,0.8065630326910993,151,0.6431542556951736,0.22355291892588,0.7309623948596469,5,Штатное развитие,неизвестно
EXT-ZGD-0003,2020-05-31,,,,,,,,,,,2020,,152,,,,0,,неизвестно
EXT-ZGD-0003,2020-06-01,,,,,,,,,,,2020,,153,,,,0,,неизвестно
EXT-ZGD-0003,2020-06-02,,,,,,,,,,,2020,,154,,,,0,,неизвестно
EXT-ZGD-0003,2020-06-03,,,,,,,,,,,2020,,155,,,,0,,неизвестно
EXT-ZGD-0003,2020-06-04,0.8048148226219811,0.5918911590901206,-0.712910937989593,,,,,,,,2020,0.8048148226219811,156,0.590550291298077,0.2404856192296469,0.8909660877447168,5,Штатное развитие,неизвестно
EXT-ZGD-0003,2020-06-05,,,,,,,,,,,2020,,157,,,,0,,неизвестно
EXT-ZGD-0003,2020-06-06,,,,,,,,,,,2020,,158,,,,0,,неизвестно
EXT-ZGD-0003,2020-06-07,,,,,,,,,,,2020,,159,,,,0,,неизвестно
EXT-ZGD-0003,2020-06-08,,,,,,,,,,,2020,,160,,,,0,,неизвестно
EXT-ZGD-0003,2020-06-09,0.7568374538663063,0.4872805637019577,-0.6962810383731954,,,,,,,,2020,0.7568374538663063,161,0.5759268064012951,0.2368940185685694,0.7636775658505969,5,Штатное развитие,неизвестно
EXT-ZGD-0003,2020-06-10,,,,,,,,,,,2020,,162,,,,0,,неизвестно
EXT-ZGD-0003,2020-06-11,,,,,,,,,,,2020,,163,,,,0,,неизвестно
EXT-ZGD-0003,2020-06-12,,,,,,,,,,,2020,,164,,,,0,,неизвестно
EXT-ZGD-0003,2020-06-13,,,,,,,,,,,2020,,165,,,,0,,неизвестно
EXT-ZGD-0003,2020-06-14,0.634856253758604,0.4277367224021757,-0.6045179458750554,,,,,,,,2020,0.634856253758604,166,0.5465999676099111,0.2465785461112785,0.3579236212580459,5,Штатное развитие,неизвестно
EXT-ZGD-0003,2020-06-15,,,,,,,,,,,2020,,167,,,,0,,неизвестно
EXT-ZGD-0003,2020-06-16,,,,,,,,,,,2020,,168,,,,0,,неизвестно
EXT-ZGD-0003,2020-06-17,,,,,,,,,,,2020,,169,,,,0,,неизвестно
EXT-ZGD-0003,2020-06-18,,,,,,,,,,,2020,,170,,,,0,,неизвестно
EXT-ZGD-0003,2020-06-19,,,,,,,,,,,2020,,171,,,,0,,неизвестно
EXT-ZGD-0003,2020-06-20,,,,,,,,,,,2020,,172,,,,0,,неизвестно
EXT-ZGD-0003,2020-06-21,,,,,,,,,,,2020,,173,,,,0,,неизвестно
EXT-ZGD-0003,2020-06-22,,,,,,,,,,,2020,,174,,,,0,,неизвестно
EXT-ZGD-0003,2020-06-23,,,,,,,,,,,2020,,175,,,,0,,неизвестно
EXT-ZGD-0003,2020-06-24,,,,,,,,,,,2020,,176,,,,0,,неизвестно
EXT-ZGD-0003,2020-06-25,,,,,,,,,,,2020,,177,,,,0,,неизвестно
EXT-ZGD-0003,2020-06-26,,,,,,,,,,,2020,,178,,,,0,,неизвестно
EXT-ZGD-0003,2020-06-27,,,,,,,,,,,2020,,179,,,,0,,неизвестно
EXT-ZGD-0003,2020-06-28,,,,,,,,,,,2020,,180,,,,0,,неизвестно
EXT-ZGD-0003,2020-06-29,0.2793942728248415,0.1758371007138928,-0.39551636974924576,,,,,,,,2020,0.2793942728248415,181,0.46281625460550563,0.2604146536483738,-0.7043458546243352,5,Штатное развитие,неизвестно
EXT-ZGD-0003,2020-06-30,,,,,,,,,,,2020,,182,,,,0,,неизвестно
EXT-ZGD-0003,2020-07-01,,,,,,,,,,,2020,,183,,,,0,,неизвестно
EXT-ZGD-0003,2020-07-02,,,,,,,,,,,2020,,184,,,,0,,неизвестно
EXT-ZGD-0003,2020-07-03,,,,,,,,,,,2020,,185,,,,0,,неизвестно
EXT-ZGD-0003,2020-07-04,0.24799898494785655,0.13000531141959548,-0.4091570323247688,,,,,,,,2020,0.24799898494785655,186,0.4363959122859875,0.25375310550537516,-0.7424418588411728,5,Штатное развитие,неизвестно
EXT-ZGD-0003,2020-07-05,,,,,,,,,,,2020,,187,,,,0,,неизвестно
EXT-ZGD-0003,2020-07-06,,,,,,,,,,,2020,,188,,,,0,,неизвестно
EXT-ZGD-0003,2020-07-07,,,,,,,,,,,2020,,189,,,,0,,неизвестно
EXT-ZGD-0003,2020-07-08,,,,,,,,,,,2020,,190,,,,0,,неизвестно
EXT-ZGD-0003,2020-07-09,,,,,,,,,,,2020,,191,,,,0,,неизвестно
EXT-ZGD-0003,2020-07-10,,,,,,,,,,,2020,,192,,,,0,,неизвестно
EXT-ZGD-0003,2020-07-11,,,,,,,,,,,2020,,193,,,,0,,неизвестно
EXT-ZGD-0003,2020-07-12,,,,,,,,,,,2020,,194,,,,0,,неизвестно
EXT-ZGD-0003,2020-07-13,,,,,,,,,,,2020,,195,,,,0,,неизвестно
EXT-ZGD-0003,2020-07-14,,,,,,,,,,,2020,,196,,,,0,,неизвестно
EXT-ZGD-0003,2020-07-15,,,,,,,,,,,2020,,197,,,,0,,неизвестно
EXT-ZGD-0003,2020-07-16,,,,,,,,,,,2020,,198,,,,0,,неизвестно
EXT-ZGD-0003,2020-07-17,,,,,,,,,,,2020,,199,,,,0,,неизвестно
EXT-ZGD-0003,2020-07-18,,,,,,,,,,,2020,,200,,,,0,,неизвестно
EXT-ZGD-0003,2020-07-19,0.14440748457994806,0.10985780484488014,-0.2904910517667214,,,,,,,,2020,0.14440748457994806,201,0.3845650772098688,0.2310092377817088,-1.0396016840541098,5,Угнетение биомассы,неизвестно
EXT-ZGD-0003,2020-07-20,,,,,,,,,,,2020,,202,,,,0,,неизвестно
EXT-ZGD-0003,2020-07-21,,,,,,,,,,,2020,,203,,,,0,,неизвестно
EXT-ZGD-0003,2020-07-22,,,,,,,,,,,2020,,204,,,,0,,неизвестно
EXT-ZGD-0003,2020-07-23,,,,,,,,,,,2020,,205,,,,0,,неизвестно
EXT-ZGD-0003,2020-07-24,0.18933550253467762,0.13770128308542415,-0.3257036601241702,,,,,,,,2020,0.18933550253467762,206,0.3861614446826109,0.2266548549015563,-0.8683949974661751,5,Штатное развитие,неизвестно
EXT-ZGD-0003,2020-07-25,,,,,,,,,,,2020,,207,,,,0,,неизвестно
EXT-ZGD-0003,2020-07-26,,,,,,,,,,,2020,,208,,,,0,,неизвестно
EXT-ZGD-0003,2020-07-27,,,,,,,,,,,2020,,209,,,,0,,неизвестно
EXT-ZGD-0003,2020-07-28,,,,,,,,,,,2020,,210,,,,0,,неизвестно
EXT-ZGD-0003,2020-07-29,,,,,,,,,,,2020,,211,,,,0,,неизвестно
EXT-ZGD-0003,2020-07-30,,,,,,,,,,,2020,,212,,,,0,,неизвестно
EXT-ZGD-0003,2020-07-31,,,,,,,,,,,2020,,213,,,,0,,неизвестно
EXT-ZGD-0003,2020-08-01,,,,,,,,,,,2020,,214,,,,0,,неизвестно
EXT-ZGD-0003,2020-08-02,,,,,,,,,,,2020,,215,,,,0,,неизвестно
EXT-ZGD-0003,2020-08-03,,,,,,,,,,,2020,,216,,,,0,,неизвестно
EXT-ZGD-0003,2020-08-04,,,,,,,,,,,2020,,217,,,,0,,неизвестно
EXT-ZGD-0003,2020-08-05,,,,,,,,,,,2020,,218,,,,0,,неизвестно
EXT-ZGD-0003,2020-08-06,,,,,,,,,,,2020,,219,,,,0,,неизвестно
EXT-ZGD-0003,2020-08-07,,,,,,,,,,,2020,,220,,,,0,,неизвестно
EXT-ZGD-0003,2020-08-08,0.3885784991053335,0.26756758707595096,-0.4394347308319183,,,,,,,,2020,0.3885784991053335,221,0.3484984370294276,0.1823976339044201,0.21974003290475028,5,Штатное развитие,неизвестно
EXT-ZGD-0003,2020-08-09,,,,,,,,,,,2020,,222,,,,0,,неизвестно
EXT-ZGD-0003,2020-08-10,,,,,,,,,,,2020,,223,,,,0,,неизвестно
EXT-ZGD-0003,2020-08-11,,,,,,,,,,,2020,,224,,,,0,,неизвестно
EXT-ZGD-0003,2020-08-12,,,,,,,,,,,2020,,225,,,,0,,неизвестно
EXT-ZGD-0003,2020-08-13,0.470612980746862,0.38315376020211384,-0.48384920592781466,,,,,,,,2020,0.470612980746862,226,0.32860737581102556,0.16675017795158964,0.8516069168877469,5,Штатное развитие,неизвестно
EXT-ZGD-0003,2020-08-14,,,,,,,,,,,2020,,227,,,,0,,неизвестно
EXT-ZGD-0003,2020-08-15,,,,,,,,,,,2020,,228,,,,0,,неизвестно
EXT-ZGD-0003,2020-08-16,,,,,,,,,,,2020,,229,,,,0,,неизвестно
EXT-ZGD-0003,2020-08-17,,,,,,,,,,,2020,,230,,,,0,,неизвестно
EXT-ZGD-0003,2020-08-18,0.46295894662973813,0.32817611682876086,-0.49423355800222923,,,,,,,,2020,0.46295894662973813,231,0.3058453177445922,0.14554964600665649,1.0794504362996566,5,Штатное развитие,неизвестно
EXT-ZGD-0003,2020-08-19,,,,,,,,,,,2020,,232,,,,0,,неизвестно
EXT-ZGD-0003,2020-08-20,,,,,,,,,,,2020,,233,,,,0,,неизвестно
EXT-ZGD-0003,2020-08-21,,,,,,,,,,,2020,,234,,,,0,,неизвестно
EXT-ZGD-0003,2020-08-22,,,,,,,,,,,2020,,235,,,,0,,неизвестно
EXT-ZGD-0003,2020-08-23,,,,,,,,,,,2020,,236,,,,0,,неизвестно
EXT-ZGD-0003,2020-08-24,,,,,,,,,,,2020,,237,,,,0,,неизвестно
EXT-ZGD-0003,2020-08-25,,,,,,,,,,,2020,,238,,,,0,,неизвестно
EXT-ZGD-0003,2020-08-26,,,,,,,,,,,2020,,239,,,,0,,неизвестно
EXT-ZGD-0003,2020-08-27,,,,,,,,,,,2020,,240,,,,0,,неизвестно
EXT-ZGD-0003,2020-08-28,,,,,,,,,,,2020,,241,,,,0,,неизвестно
EXT-ZGD-0003,2020-08-29,,,,,,,,,,,2020,,242,,,,0,,неизвестно
EXT-ZGD-0003,2020-08-30,,,,,,,,,,,2020,,243,,,,0,,неизвестно
EXT-ZGD-0003,2020-08-31,,,,,,,,,,,2020,,244,,,,0,,неизвестно
EXT-ZGD-0003,2020-09-01,,,,,,,,,,,2020,,245,,,,0,,неизвестно
EXT-ZGD-0003,2020-09-02,0.402321404248078,0.26273713613522276,-0.4608899418522775,,,,,,,,2020,0.402321404248078,246,0.24908566571453777,0.12340743081928596,1.24170592902087,5,Штатное развитие,неизвестно
EXT-ZGD-0003,2020-09-03,,,,,,,,,,,2020,,247,,,,0,,неизвестно
EXT-ZGD-0003,2020-09-04,,,,,,,,,,,2020,,248,,,,0,,неизвестно
EXT-ZGD-0003,2020-09-05,,,,,,,,,,,2020,,249,,,,0,,неизвестно
EXT-ZGD-0003,2020-09-06,,,,,,,,,,,2020,,250,,,,0,,неизвестно
EXT-ZGD-0003,2020-09-07,0.36228206794332307,0.24222320429324823,-0.42593443227888783,,,,,,,,2020,0.36228206794332307,251,0.22522545320099227,0.10969472322138354,1.2494367159824642,5,Штатное развитие,неизвестно
EXT-ZGD-0003,2020-09-08,,,,,,,,,,,2020,,252,,,,0,,неизвестно
EXT-ZGD-0003,2020-09-09,,,,,,,,,,,2020,,253,,,,0,,неизвестно
EXT-ZGD-0003,2020-09-10,,,,,,,,,,,2020,,254,,,,0,,неизвестно
EXT-ZGD-0003,2020-09-11,,,,,,,,,,,2020,,255,,,,0,,неизвестно
EXT-ZGD-0003,2020-09-12,0.3374034666371766,0.2158103912710122,-0.43065473008959365,,,,,,,,2020,0.3374034666371766,256,0.20574091784711296,0.08807063339324937,1.494965389906638,5,Штатное развитие,неизвестно
EXT-ZGD-0003,2020-09-13,,,,,,,,,,,2020,,257,,,,0,,неизвестно
EXT-ZGD-0003,2020-09-14,,,,,,,,,,,2020,,258,,,,0,,неизвестно
EXT-ZGD-0003,2020-09-15,,,,,,,,,,,2020,,259,,,,0,,неизвестно
EXT-ZGD-0003,2020-09-16,,,,,,,,,,,2020,,260,,,,0,,неизвестно
EXT-ZGD-0003,2020-09-17,0.31985619568523327,0.21301369083732735,-0.4335647527403652,,,,,,,,2020,0.31985619568523327,261,0.18975553110414864,0.058532528340701245,2.2227070702260727,5,Штатное развитие,неизвестно
EXT-ZGD-0003,2020-09-18,,,,,,,,,,,2020,,262,,,,0,,неизвестно
EXT-ZGD-0003,2020-09-19,,,,,,,,,,,2020,,263,,,,0,,неизвестно
EXT-ZGD-0003,2020-09-20,,,,,,,,,,,2020,,264,,,,0,,неизвестно
EXT-ZGD-0003,2020-09-21,,,,,,,,,,,2020,,265,,,,0,,неизвестно
EXT-ZGD-0003,2020-09-22,0.3046191132369946,0.19530218465113605,-0.43161440213395297,,,,,,,,2020,0.3046191132369946,266,0.17891495947500652,0.043021562043644455,2.9218872535233356,5,Штатное развитие,неизвестно
EXT-ZGD-0003,2020-09-23,,,,,,,,,,,2020,,267,,,,0,,неизвестно
EXT-ZGD-0003,2020-09-24,,,,,,,,,,,2020,,268,,,,0,,неизвестно
EXT-ZGD-0003,2020-09-25,,,,,,,,,,,2020,,269,,,,0,,неизвестно
EXT-ZGD-0003,2020-09-26,,,,,,,,,,,2020,,270,,,,0,,неизвестно
EXT-ZGD-0003,2020-09-27,0.2489637567255027,0.1602278743765718,-0.38380665689703025,,,,,,,,2020,0.2489637567255027,271,0.18222226923578175,0.04606520051444161,1.4488483007644186,5,Штатное развитие,неизвестно
EXT-ZGD-0003,2020-09-28,,,,,,,,,,,2020,,272,,,,0,,неизвестно
EXT-ZGD-0003,2020-09-29,,,,,,,,,,,2020,,273,,,,0,,неизвестно
EXT-ZGD-0003,2020-09-30,,,,,,,,,,,2020,,274,,,,0,,неизвестно
EXT-ZGD-0003,2020-10-01,,,,,,,,,,,2020,,275,,,,0,,неизвестно
EXT-ZGD-0003,2020-10-02,,,,,,,,,,,2020,,276,,,,0,,неизвестно
EXT-ZGD-0003,2020-10-03,,,,,,,,,,,2020,,277,,,,0,,неизвестно
EXT-ZGD-0003,2020-10-04,,,,,,,,,,,2020,,278,,,,0,,неизвестно
EXT-ZGD-0003,2020-10-05,,,,,,,,,,,2020,,279,,,,0,,неизвестно
EXT-ZGD-0003,2020-10-06,,,,,,,,,,,2020,,280,,,,0,,неизвестно
EXT-ZGD-0003,2020-10-07,0.25572806284392746,0.1655139965739017,-0.41014376902465055,,,,,,,,2020,0.25572806284392746,281,0.1842543802227594,0.04647557576560074,1.5378762165668505,5,Штатное развитие,неизвестно
EXT-ZGD-0003,2020-10-08,,,,,,,,,,,2020,,282,,,,0,,неизвестно
EXT-ZGD-0003,2020-10-09,,,,,,,,,,,2020,,283,,,,0,,неизвестно
EXT-ZGD-0003,2020-10-10,,,,,,,,,,,2020,,284,,,,0,,неизвестно
EXT-ZGD-0003,2020-10-11,,,,,,,,,,,2020,,285,,,,0,,неизвестно
EXT-ZGD-0003,2020-10-12,0.20809147132620404,0.1264595944064417,-0.3613708969743973,,,,,,,,2020,0.20809147132620404,286,0.1838059183838612,0.04707280440631294,0.5159147250442103,5,Штатное развитие,неизвестно
EXT-ZGD-0003,2020-10-13,,,,,,,,,,,2020,,287,,,,0,,неизвестно
EXT-ZGD-0003,2020-10-14,,,,,,,,,,,2020,,288,,,,0,,неизвестно
EXT-ZGD-0003,2020-10-15,,,,,,,,,,,2020,,289,,,,0,,неизвестно
EXT-ZGD-0003,2020-10-16,,,,,,,,,,,2020,,290,,,,0,,неизвестно
EXT-ZGD-0003,2020-10-17,0.19922724422125754,0.1265211288642265,-0.3569524772371405,,,,,,,,2020,0.19922724422125754,291,0.18700177937637763,0.047580099427911596,0.2569449200795105,5,Штатное развитие,неизвестно
EXT-ZGD-0003,2020-10-18,,,,,,,,,,,2020,,292,,,,0,,неизвестно
EXT-ZGD-0003,2020-10-19,,,,,,,,,,,2020,,293,,,,0,,неизвестно
EXT-ZGD-0003,2020-10-20,,,,,,,,,,,2020,,294,,,,0,,неизвестно
EXT-ZGD-0003,2020-10-21,,,,,,,,,,,2020,,295,,,,0,,неизвестно
EXT-ZGD-0003,2020-10-22,,,,,,,,,,,2020,,296,,,,0,,неизвестно
EXT-ZGD-0003,2020-10-23,,,,,,,,,,,2020,,297,,,,0,,неизвестно
EXT-ZGD-0003,2020-10-24,,,,,,,,,,,2020,,298,,,,0,,неизвестно
EXT-ZGD-0003,2020-10-25,,,,,,,,,,,2020,,299,,,,0,,неизвестно
EXT-ZGD-0003,2020-10-26,,,,,,,,,,,2020,,300,,,,0,,неизвестно
EXT-ZGD-0003,2020-10-27,0.20411444267600615,0.11811844237885305,-0.3701703004810962,,,,,,,,2020,0.20411444267600615,301,0.1945682494461076,0.05176404836320393,0.18441743897071988,5,Штатное развитие,неизвестно
EXT-ZGD-0003,2020-10-28,,,,,,,,,,,2020,,302,,,,0,,неизвестно
EXT-ZGD-0003,2020-10-29,,,,,,,,,,,2020,,303,,,,0,,неизвестно
EXT-ZGD-0003,2020-10-30,,,,,,,,,,,2020,,304,,,,0,,неизвестно
EXT-ZGD-0003,2021-04-01,,,,,,,,,,,2021,,91,,,,0,,неизвестно
EXT-ZGD-0003,2021-04-02,,,,,,,,,,,2021,,92,,,,0,,неизвестно
EXT-ZGD-0003,2021-04-03,,,,,,,,,,,2021,,93,,,,0,,неизвестно
EXT-ZGD-0003,2021-04-04,,,,,,,,,,,2021,,94,,,,0,,неизвестно
EXT-ZGD-0003,2021-04-05,,,,,,,,,,,2021,,95,,,,0,,неизвестно
EXT-ZGD-0003,2021-04-06,,,,,,,,,,,2021,,96,,,,0,,неизвестно
EXT-ZGD-0003,2021-04-07,,,,,,,,,,,2021,,97,,,,0,,неизвестно
EXT-ZGD-0003,2021-04-08,,,,,,,,,,,2021,,98,,,,0,,неизвестно
EXT-ZGD-0003,2021-04-09,,,,,,,,,,,2021,,99,,,,0,,неизвестно
EXT-ZGD-0003,2021-04-10,,,,,,,,,,,2021,,100,,,,0,,неизвестно
EXT-ZGD-0003,2021-04-11,,,,,,,,,,,2021,,101,,,,0,,неизвестно
EXT-ZGD-0003,2021-04-12,,,,,,,,,,,2021,,102,,,,0,,неизвестно
EXT-ZGD-0003,2021-04-13,,,,,,,,,,,2021,,103,,,,0,,неизвестно
EXT-ZGD-0003,2021-04-14,,,,,,,,,,,2021,,104,,,,0,,неизвестно
EXT-ZGD-0003,2021-04-15,0.16551925852677113,0.0761281299953869,-0.25105515760881797,,,,,,,,2021,0.16551925852677113,105,0.5623035511285128,0.16712611175636433,-2.374160975995014,5,Критическая аномалия,неизвестно
EXT-ZGD-0003,2021-04-16,,,,,,,,,,,2021,,106,,,,0,,неизвестно
EXT-ZGD-0003,2021-04-17,,,,,,,,,,,2021,,107,,,,0,,неизвестно
EXT-ZGD-0003,2021-04-18,,,,,,,,,,,2021,,108,,,,0,,неизвестно
EXT-ZGD-0003,2021-04-19,,,,,,,,,,,2021,,109,,,,0,,неизвестно
EXT-ZGD-0003,2021-04-20,,,,,,,,,,,2021,,110,,,,0,,неизвестно
EXT-ZGD-0003,2021-04-21,,,,,,,,,,,2021,,111,,,,0,,неизвестно
EXT-ZGD-0003,2021-04-22,,,,,,,,,,,2021,,112,,,,0,,неизвестно
EXT-ZGD-0003,2021-04-23,,,,,,,,,,,2021,,113,,,,0,,неизвестно
EXT-ZGD-0003,2021-04-24,,,,,,,,,,,2021,,114,,,,0,,неизвестно
EXT-ZGD-0003,2021-04-25,,,,,,,,,,,2021,,115,,,,0,,неизвестно
EXT-ZGD-0003,2021-04-26,,,,,,,,,,,2021,,116,,,,0,,неизвестно
EXT-ZGD-0003,2021-04-27,,,,,,,,,,,2021,,117,,,,0,,неизвестно
EXT-ZGD-0003,2021-04-28,,,,,,,,,,,2021,,118,,,,0,,неизвестно
EXT-ZGD-0003,2021-04-29,,,,,,,,,,,2021,,119,,,,0,,неизвестно
EXT-ZGD-0003,2021-04-30,,,,,,,,,,,2021,,120,,,,0,,неизвестно
EXT-ZGD-0003,2021-05-01,,,,,,,,,,,2021,,121,,,,0,,неизвестно
EXT-ZGD-0003,2021-05-02,,,,,,,,,,,2021,,122,,,,0,,неизвестно
EXT-ZGD-0003,2021-05-03,,,,,,,,,,,2021,,123,,,,0,,неизвестно
EXT-ZGD-0003,2021-05-04,,,,,,,,,,,2021,,124,,,,0,,неизвестно
EXT-ZGD-0003,2021-05-05,0.19130344518928866,0.07123238786505914,-0.3086024558578129,,,,,,,,2021,0.19130344518928866,125,0.6828965758134146,0.18085539281282992,-2.718155776161363,5,Критическая аномалия,неизвестно
EXT-ZGD-0003,2021-05-06,,,,,,,,,,,2021,,126,,,,0,,неизвестно
EXT-ZGD-0003,2021-05-07,,,,,,,,,,,2021,,127,,,,0,,неизвестно
EXT-ZGD-0003,2021-05-08,,,,,,,,,,,2021,,128,,,,0,,неизвестно
EXT-ZGD-0003,2021-05-09,,,,,,,,,,,2021,,129,,,,0,,неизвестно
EXT-ZGD-0003,2021-05-10,,,,,,,,,,,2021,,130,,,,0,,неизвестно
EXT-ZGD-0003,2021-05-11,,,,,,,,,,,2021,,131,,,,0,,неизвестно
EXT-ZGD-0003,2021-05-12,,,,,,,,,,,2021,,132,,,,0,,неизвестно
EXT-ZGD-0003,2021-05-13,,,,,,,,,,,2021,,133,,,,0,,неизвестно
EXT-ZGD-0003,2021-05-14,,,,,,,,,,,2021,,134,,,,0,,неизвестно
EXT-ZGD-0003,2021-05-15,0.19724055277425367,0.08187965459467035,-0.2909768047376696,,,,,,,,2021,0.19724055277425367,135,0.7078377824321473,0.17104169530197222,-2.9852208185638007,5,Критическая аномалия,неизвестно
EXT-ZGD-0003,2021-05-16,,,,,,,,,,,2021,,136,,,,0,,неизвестно
EXT-ZGD-0003,2021-05-17,,,,,,,,,,,2021,,137,,,,0,,неизвестно
EXT-ZGD-0003,2021-05-18,,,,,,,,,,,2021,,138,,,,0,,неизвестно
EXT-ZGD-0003,2021-05-19,,,,,,,,,,,2021,,139,,,,0,,неизвестно
EXT-ZGD-0003,2021-05-20,0.2443361214033718,0.09369120641798155,-0.3300220687070822,,,,,,,,2021,0.2443361214033718,140,0.7252576338256683,0.1653860048002272,-2.907873087588097,5,Критическая аномалия,неизвестно
EXT-ZGD-0003,2021-05-21,,,,,,,,,,,2021,,141,,,,0,,неизвестно
EXT-ZGD-0003,2021-05-22,,,,,,,,,,,2021,,142,,,,0,,неизвестно
EXT-ZGD-0003,2021-05-23,,,,,,,,,,,2021,,143,,,,0,,неизвестно
EXT-ZGD-0003,2021-05-24,,,,,,,,,,,2021,,144,,,,0,,неизвестно
EXT-ZGD-0003,2021-05-25,,,,,,,,,,,2021,,145,,,,0,,неизвестно
EXT-ZGD-0003,2021-05-26,,,,,,,,,,,2021,,146,,,,0,,неизвестно
EXT-ZGD-0003,2021-05-27,,,,,,,,,,,2021,,147,,,,0,,неизвестно
EXT-ZGD-0003,2021-05-28,,,,,,,,,,,2021,,148,,,,0,,неизвестно
EXT-ZGD-0003,2021-05-29,,,,,,,,,,,2021,,149,,,,0,,неизвестно
EXT-ZGD-0003,2021-05-30,,,,,,,,,,,2021,,150,,,,0,,неизвестно
EXT-ZGD-0003,2021-05-31,,,,,,,,,,,2021,,151,,,,0,,неизвестно
EXT-ZGD-0003,2021-06-01,,,,,,,,,,,2021,,152,,,,0,,неизвестно
EXT-ZGD-0003,2021-06-02,,,,,,,,,,,2021,,153,,,,0,,неизвестно
EXT-ZGD-0003,2021-06-03,,,,,,,,,,,2021,,154,,,,0,,неизвестно
EXT-ZGD-0003,2021-06-04,,,,,,,,,,,2021,,155,,,,0,,неизвестно
EXT-ZGD-0003,2021-06-05,,,,,,,,,,,2021,,156,,,,0,,неизвестно
EXT-ZGD-0003,2021-06-06,,,,,,,,,,,2021,,157,,,,0,,неизвестно
EXT-ZGD-0003,2021-06-07,,,,,,,,,,,2021,,158,,,,0,,неизвестно
EXT-ZGD-0003,2021-06-08,,,,,,,,,,,2021,,159,,,,0,,неизвестно
EXT-ZGD-0003,2021-06-09,,,,,,,,,,,2021,,160,,,,0,,неизвестно
EXT-ZGD-0003,2021-06-10,,,,,,,,,,,2021,,161,,,,0,,неизвестно
EXT-ZGD-0003,2021-06-11,,,,,,,,,,,2021,,162,,,,0,,неизвестно
EXT-ZGD-0003,2021-06-12,,,,,,,,,,,2021,,163,,,,0,,неизвестно
EXT-ZGD-0003,2021-06-13,,,,,,,,,,,2021,,164,,,,0,,неизвестно
EXT-ZGD-0003,2021-06-14,0.5958887738023415,0.4052980415174353,-0.5215228158360086,,,,,,,,2021,0.5958887738023415,165,0.547231955052887,0.2519265280840623,0.19313892474721356,5,Штатное развитие,неизвестно
EXT-ZGD-0003,2021-06-15,,,,,,,,,,,2021,,166,,,,0,,неизвестно
EXT-ZGD-0003,2021-06-16,,,,,,,,,,,2021,,167,,,,0,,неизвестно
EXT-ZGD-0003,2021-06-17,,,,,,,,,,,2021,,168,,,,0,,неизвестно
EXT-ZGD-0003,2021-06-18,,,,,,,,,,,2021,,169,,,,0,,неизвестно
EXT-ZGD-0003,2021-06-19,0.7323764903943077,0.5029084086122442,-0.6132514075707125,,,,,,,,2021,0.7323764903943077,170,0.5302139812146522,0.2541071855039442,0.79557966367117,5,Штатное развитие,неизвестно
EXT-ZGD-0003,2021-06-20,,,,,,,,,,,2021,,171,,,,0,,неизвестно
EXT-ZGD-0003,2021-06-21,,,,,,,,,,,2021,,172,,,,0,,неизвестно
EXT-ZGD-0003,2021-06-22,,,,,,,,,,,2021,,173,,,,0,,неизвестно
EXT-ZGD-0003,2021-06-23,,,,,,,,,,,2021,,174,,,,0,,неизвестно
EXT-ZGD-0003,2021-06-24,,,,,,,,,,,2021,,175,,,,0,,неизвестно
EXT-ZGD-0003,2021-06-25,,,,,,,,,,,2021,,176,,,,0,,неизвестно
EXT-ZGD-0003,2021-06-26,,,,,,,,,,,2021,,177,,,,0,,неизвестно
EXT-ZGD-0003,2021-06-27,,,,,,,,,,,2021,,178,,,,0,,неизвестно
EXT-ZGD-0003,2021-06-28,,,,,,,,,,,2021,,179,,,,0,,неизвестно
EXT-ZGD-0003,2021-06-29,,,,,,,,,,,2021,,180,,,,0,,неизвестно
EXT-ZGD-0003,2021-06-30,,,,,,,,,,,2021,,181,,,,0,,неизвестно
EXT-ZGD-0003,2021-07-01,,,,,,,,,,,2021,,182,,,,0,,неизвестно
EXT-ZGD-0003,2021-07-02,,,,,,,,,,,2021,,183,,,,0,,неизвестно
EXT-ZGD-0003,2021-07-03,,,,,,,,,,,2021,,184,,,,0,,неизвестно
EXT-ZGD-0003,2021-07-04,,,,,,,,,,,2021,,185,,,,0,,неизвестно
EXT-ZGD-0003,2021-07-05,,,,,,,,,,,2021,,186,,,,0,,неизвестно
EXT-ZGD-0003,2021-07-06,,,,,,,,,,,2021,,187,,,,0,,неизвестно
EXT-ZGD-0003,2021-07-07,,,,,,,,,,,2021,,188,,,,0,,неизвестно
EXT-ZGD-0003,2021-07-08,,,,,,,,,,,2021,,189,,,,0,,неизвестно
EXT-ZGD-0003,2021-07-09,0.8486233227045659,0.8164432507193545,-0.7309844819924682,,,,,,,,2021,0.8486233227045659,190,0.28801637936552615,0.18820755023080338,2.9786634098980307,5,Штатное развитие,неизвестно
EXT-ZGD-0003,2021-07-10,,,,,,,,,,,2021,,191,,,,0,,неизвестно
EXT-ZGD-0003,2021-07-11,,,,,,,,,,,2021,,192,,,,0,,неизвестно
EXT-ZGD-0003,2021-07-12,,,,,,,,,,,2021,,193,,,,0,,неизвестно
EXT-ZGD-0003,2021-07-13,,,,,,,,,,,2021,,194,,,,0,,неизвестно
EXT-ZGD-0003,2021-07-14,0.7861989327621755,0.738272600942633,-0.6855497504196161,,,,,,,,2021,0.7861989327621755,195,0.2459510976906651,0.11411260213212032,4.734339809778484,5,Штатное развитие,неизвестно
EXT-ZGD-0003,2021-07-15,,,,,,,,,,,2021,,196,,,,0,,неизвестно
EXT-ZGD-0003,2021-07-16,,,,,,,,,,,2021,,197,,,,0,,неизвестно
EXT-ZGD-0003,2021-07-17,,,,,,,,,,,2021,,198,,,,0,,неизвестно
EXT-ZGD-0003,2021-07-18,,,,,,,,,,,2021,,199,,,,0,,неизвестно
EXT-ZGD-0003,2021-07-19,0.7558535083759859,0.5849346858317206,-0.6569930562121771,,,,,,,,2021,0.7558535083759859,200,0.26684879623099134,0.12185967853243392,4.012850830021204,5,Штатное развитие,неизвестно
EXT-ZGD-0003,2021-07-20,,,,,,,,,,,2021,,201,,,,0,,неизвестно
EXT-ZGD-0003,2021-07-21,,,,,,,,,,,2021,,202,,,,0,,неизвестно
EXT-ZGD-0003,2021-07-22,,,,,,,,,,,2021,,203,,,,0,,неизвестно
EXT-ZGD-0003,2021-07-23,,,,,,,,,,,2021,,204,,,,0,,неизвестно
EXT-ZGD-0003,2021-07-24,0.7557627201418344,0.6366310500224174,-0.6348809705417877,,,,,,,,2021,0.7557627201418344,205,0.28557506919783404,0.13661763090880755,3.441632297502299,5,Штатное развитие,неизвестно
EXT-ZGD-0003,2021-07-25,,,,,,,,,,,2021,,206,,,,0,,неизвестно
EXT-ZGD-0003,2021-07-26,,,,,,,,,,,2021,,207,,,,0,,неизвестно
EXT-ZGD-0003,2021-07-27,,,,,,,,,,,2021,,208,,,,0,,неизвестно
EXT-ZGD-0003,2021-07-28,,,,,,,,,,,2021,,209,,,,0,,неизвестно
EXT-ZGD-0003,2021-07-29,,,,,,,,,,,2021,,210,,,,0,,неизвестно
EXT-ZGD-0003,2021-07-30,,,,,,,,,,,2021,,211,,,,0,,неизвестно
EXT-ZGD-0003,2021-07-31,,,,,,,,,,,2021,,212,,,,0,,неизвестно
EXT-ZGD-0003,2021-08-01,,,,,,,,,,,2021,,213,,,,0,,неизвестно
EXT-ZGD-0003,2021-08-02,,,,,,,,,,,2021,,214,,,,0,,неизвестно
EXT-ZGD-0003,2021-08-03,0.6357728314913007,0.42774411470927276,-0.5361140720628289,,,,,,,,2021,0.6357728314913007,215,0.2983723979030649,0.14124877020947735,2.388696433164395,5,Штатное развитие,неизвестно
EXT-ZGD-0003,2021-08-04,,,,,,,,,,,2021,,216,,,,0,,неизвестно
EXT-ZGD-0003,2021-08-05,,,,,,,,,,,2021,,217,,,,0,,неизвестно
EXT-ZGD-0003,2021-08-06,,,,,,,,,,,2021,,218,,,,0,,неизвестно
EXT-ZGD-0003,2021-08-07,,,,,,,,,,,2021,,219,,,,0,,неизвестно
EXT-ZGD-0003,2021-08-08,0.5595429682408468,0.31042632248754654,-0.4774612954546861,,,,,,,,2021,0.5595429682408468,220,0.29361917957712075,0.13204259369395852,2.0139243044564124,5,Штатное развитие,неизвестно
EXT-ZGD-0003,2021-08-09,,,,,,,,,,,2021,,221,,,,0,,неизвестно
EXT-ZGD-0003,2021-08-10,,,,,,,,,,,2021,,222,,,,0,,неизвестно
EXT-ZGD-0003,2021-08-11,,,,,,,,,,,2021,,223,,,,0,,неизвестно
EXT-ZGD-0003,2021-08-12,,,,,,,,,,,2021,,224,,,,0,,неизвестно
EXT-ZGD-0003,2021-08-13,,,,,,,,,,,2021,,225,,,,0,,неизвестно
EXT-ZGD-0003,2021-08-14,,,,,,,,,,,2021,,226,,,,0,,неизвестно
EXT-ZGD-0003,2021-08-15,,,,,,,,,,,2021,,227,,,,0,,неизвестно
EXT-ZGD-0003,2021-08-16,,,,,,,,,,,2021,,228,,,,0,,неизвестно
EXT-ZGD-0003,2021-08-17,,,,,,,,,,,2021,,229,,,,0,,неизвестно
EXT-ZGD-0003,2021-08-18,0.4727227601851133,0.24908201019192938,-0.42579370482001916,,,,,,,,2021,0.4727227601851133,230,0.30048777484488237,0.12894387715857736,1.3357360514948176,5,Штатное развитие,неизвестно
EXT-ZGD-0003,2021-08-19,,,,,,,,,,,2021,,231,,,,0,,неизвестно
EXT-ZGD-0003,2021-08-20,,,,,,,,,,,2021,,232,,,,0,,неизвестно
EXT-ZGD-0003,2021-08-21,,,,,,,,,,,2021,,233,,,,0,,неизвестно
EXT-ZGD-0003,2021-08-22,,,,,,,,,,,2021,,234,,,,0,,неизвестно
EXT-ZGD-0003,2021-08-23,,,,,,,,,,,2021,,235,,,,0,,неизвестно
EXT-ZGD-0003,2021-08-24,,,,,,,,,,,2021,,236,,,,0,,неизвестно
EXT-ZGD-0003,2021-08-25,,,,,,,,,,,2021,,237,,,,0,,неизвестно
EXT-ZGD-0003,2021-08-26,,,,,,,,,,,2021,,238,,,,0,,неизвестно
EXT-ZGD-0003,2021-08-27,,,,,,,,,,,2021,,239,,,,0,,неизвестно
EXT-ZGD-0003,2021-08-28,0.3064770134031888,0.12108292990078676,-0.4062726899886654,,,,,,,,2021,0.3064770134031888,240,0.2874088513218856,0.12792381642460893,0.1490587336607557,5,Штатное развитие,неизвестно
EXT-ZGD-0003,2021-08-29,,,,,,,,,,,2021,,241,,,,0,,неизвестно
EXT-ZGD-0003,2021-08-30,,,,,,,,,,,2021,,242,,,,0,,неизвестно
EXT-ZGD-0003,2021-08-31,,,,,,,,,,,2021,,243,,,,0,,неизвестно
EXT-ZGD-0003,2021-09-01,,,,,,,,,,,2021,,244,,,,0,,неизвестно
EXT-ZGD-0003,2021-09-02,,,,,,,,,,,2021,,245,,,,0,,неизвестно
EXT-ZGD-0003,2021-09-03,,,,,,,,,,,2021,,246,,,,0,,неизвестно
EXT-ZGD-0003,2021-09-04,,,,,,,,,,,2021,,247,,,,0,,неизвестно
EXT-ZGD-0003,2021-09-05,,,,,,,,,,,2021,,248,,,,0,,неизвестно
EXT-ZGD-0003,2021-09-06,,,,,,,,,,,2021,,249,,,,0,,неизвестно
EXT-ZGD-0003,2021-09-07,0.2676070694444715,0.13272143878161455,-0.3535210096032271,,,,,,,,2021,0.2676070694444715,250,0.24187092591360987,0.11444193997751008,0.22488384534480316,5,Штатное развитие,неизвестно
EXT-ZGD-0003,2021-09-08,,,,,,,,,,,2021,,251,,,,0,,неизвестно
EXT-ZGD-0003,2021-09-09,,,,,,,,,,,2021,,252,,,,0,,неизвестно
EXT-ZGD-0003,2021-09-10,,,,,,,,,,,2021,,253,,,,0,,неизвестно
EXT-ZGD-0003,2021-09-11,,,,,,,,,,,2021,,254,,,,0,,неизвестно
EXT-ZGD-0003,2021-09-12,,,,,,,,,,,2021,,255,,,,0,,неизвестно
EXT-ZGD-0003,2021-09-13,,,,,,,,,,,2021,,256,,,,0,,неизвестно
EXT-ZGD-0003,2021-09-14,,,,,,,,,,,2021,,257,,,,0,,неизвестно
EXT-ZGD-0003,2021-09-15,,,,,,,,,,,2021,,258,,,,0,,неизвестно
EXT-ZGD-0003,2021-09-16,,,,,,,,,,,2021,,259,,,,0,,неизвестно
EXT-ZGD-0003,2021-09-17,0.2441420173833552,0.12611282378854366,-0.37890850032510204,,,,,,,,2021,0.2441420173833552,260,0.20991894559414198,0.08063224964045948,0.42443404396893863,5,Штатное развитие,неизвестно
EXT-ZGD-0003,2021-09-18,,,,,,,,,,,2021,,261,,,,0,,неизвестно
EXT-ZGD-0003,2021-09-19,,,,,,,,,,,2021,,262,,,,0,,неизвестно
EXT-ZGD-0003,2021-09-20,,,,,,,,,,,2021,,263,,,,0,,неизвестно
EXT-ZGD-0003,2021-09-21,,,,,,,,,,,2021,,264,,,,0,,неизвестно
EXT-ZGD-0003,2021-09-22,,,,,,,,,,,2021,,265,,,,0,,неизвестно
EXT-ZGD-0003,2021-09-23,,,,,,,,,,,2021,,266,,,,0,,неизвестно
EXT-ZGD-0003,2021-09-24,,,,,,,,,,,2021,,267,,,,0,,неизвестно
EXT-ZGD-0003,2021-09-25,,,,,,,,,,,2021,,268,,,,0,,неизвестно
EXT-ZGD-0003,2021-09-26,,,,,,,,,,,2021,,269,,,,0,,неизвестно
EXT-ZGD-0003,2021-09-27,0.19764100290940528,0.08414016490252355,-0.26557772116704226,,,,,,,,2021,0.19764100290940528,270,0.20091997559994845,0.06656957719737205,-0.049256324414099065,5,Штатное развитие,неизвестно
EXT-ZGD-0003,2021-09-28,,,,,,,,,,,2021,,271,,,,0,,неизвестно
EXT-ZGD-0003,2021-09-29,,,,,,,,,,,2021,,272,,,,0,,неизвестно
EXT-ZGD-0003,2021-09-30,,,,,,,,,,,2021,,273,,,,0,,неизвестно
EXT-ZGD-0003,2021-10-01,,,,,,,,,,,2021,,274,,,,0,,неизвестно
EXT-ZGD-0003,2021-10-02,0.21494781732002835,0.096619816935116,-0.3369861545869846,,,,,,,,2021,0.21494781732002835,275,0.19687441009826184,0.06193140247157976,0.2918294516269088,5,Штатное развитие,неизвестно
EXT-ZGD-0003,2021-10-03,,,,,,,,,,,2021,,276,,,,0,,неизвестно
EXT-ZGD-0003,2021-10-04,,,,,,,,,,,2021,,277,,,,0,,неизвестно
EXT-ZGD-0003,2021-10-05,,,,,,,,,,,2021,,278,,,,0,,неизвестно
EXT-ZGD-0003,2021-10-06,,,,,,,,,,,2021,,279,,,,0,,неизвестно
EXT-ZGD-0003,2021-10-07,0.1855377665658443,0.11917570294356064,-0.249032680034719,,,,,,,,2021,0.1855377665658443,280,0.19379498262159436,0.05664106071735647,-0.14578145167432932,5,Штатное развитие,неизвестно
EXT-ZGD-0003,2021-10-08,,,,,,,,,,,2021,,281,,,,0,,неизвестно
EXT-ZGD-0003,2021-10-09,,,,,,,,,,,2021,,282,,,,0,,неизвестно
EXT-ZGD-0003,2021-10-10,,,,,,,,,,,2021,,283,,,,0,,неизвестно
EXT-ZGD-0003,2021-10-11,,,,,,,,,,,2021,,284,,,,0,,неизвестно
EXT-ZGD-0003,2021-10-12,,,,,,,,,,,2021,,285,,,,0,,неизвестно
EXT-ZGD-0003,2021-10-13,,,,,,,,,,,2021,,286,,,,0,,неизвестно
EXT-ZGD-0003,2021-10-14,,,,,,,,,,,2021,,287,,,,0,,неизвестно
EXT-ZGD-0003,2021-10-15,,,,,,,,,,,2021,,288,,,,0,,неизвестно
EXT-ZGD-0003,2021-10-16,,,,,,,,,,,2021,,289,,,,0,,неизвестно
EXT-ZGD-0003,2021-10-17,,,,,,,,,,,2021,,290,,,,0,,неизвестно
EXT-ZGD-0003,2021-10-18,,,,,,,,,,,2021,,291,,,,0,,неизвестно
EXT-ZGD-0003,2021-10-19,,,,,,,,,,,2021,,292,,,,0,,неизвестно
EXT-ZGD-0003,2021-10-20,,,,,,,,,,,2021,,293,,,,0,,неизвестно
EXT-ZGD-0003,2021-10-21,,,,,,,,,,,2021,,294,,,,0,,неизвестно
EXT-ZGD-0003,2021-10-22,0.19734900658350485,0.0913224195006342,-0.33689511443703246,,,,,,,,2021,0.19734900658350485,295,0.1931467085269977,0.05102398244105723,0.08235927215915843,5,Штатное развитие,неизвестно
EXT-ZGD-0003,2021-10-23,,,,,,,,,,,2021,,296,,,,0,,неизвестно
EXT-ZGD-0003,2021-10-24,,,,,,,,,,,2021,,297,,,,0,,неизвестно
EXT-ZGD-0003,2021-10-25,,,,,,,,,,,2021,,298,,,,0,,неизвестно
EXT-ZGD-0003,2021-10-26,,,,,,,,,,,2021,,299,,,,0,,неизвестно
EXT-ZGD-0003,2021-10-27,0.23051022376517835,0.0883665730103669,-0.3877858278172554,,,,,,,,2021,0.23051022376517835,300,0.19805036560532877,0.05163290593512552,0.6286661107285725,5,Штатное развитие,неизвестно
EXT-ZGD-0003,2021-10-28,,,,,,,,,,,2021,,301,,,,0,,неизвестно
EXT-ZGD-0003,2021-10-29,,,,,,,,,,,2021,,302,,,,0,,неизвестно
EXT-ZGD-0003,2021-10-30,,,,,,,,,,,2021,,303,,,,0,,неизвестно
EXT-ZGD-0003,2022-04-01,,,,,,,,,,,2022,,91,,,,0,,неизвестно
EXT-ZGD-0003,2022-04-02,,,,,,,,,,,2022,,92,,,,0,,неизвестно
EXT-ZGD-0003,2022-04-03,,,,,,,,,,,2022,,93,,,,0,,неизвестно
EXT-ZGD-0003,2022-04-04,,,,,,,,,,,2022,,94,,,,0,,неизвестно
EXT-ZGD-0003,2022-04-05,,,,,,,,,,,2022,,95,,,,0,,неизвестно
EXT-ZGD-0003,2022-04-06,,,,,,,,,,,2022,,96,,,,0,,неизвестно
EXT-ZGD-0003,2022-04-07,,,,,,,,,,,2022,,97,,,,0,,неизвестно
EXT-ZGD-0003,2022-04-08,,,,,,,,,,,2022,,98,,,,0,,неизвестно
EXT-ZGD-0003,2022-04-09,,,,,,,,,,,2022,,99,,,,0,,неизвестно
EXT-ZGD-0003,2022-04-10,,,,,,,,,,,2022,,100,,,,0,,неизвестно
EXT-ZGD-0003,2022-04-11,,,,,,,,,,,2022,,101,,,,0,,неизвестно
EXT-ZGD-0003,2022-04-12,,,,,,,,,,,2022,,102,,,,0,,неизвестно
EXT-ZGD-0003,2022-04-13,,,,,,,,,,,2022,,103,,,,0,,неизвестно
EXT-ZGD-0003,2022-04-14,,,,,,,,,,,2022,,104,,,,0,,неизвестно
EXT-ZGD-0003,2022-04-15,,,,,,,,,,,2022,,105,,,,0,,неизвестно
EXT-ZGD-0003,2022-04-16,,,,,,,,,,,2022,,106,,,,0,,неизвестно
EXT-ZGD-0003,2022-04-17,,,,,,,,,,,2022,,107,,,,0,,неизвестно
EXT-ZGD-0003,2022-04-18,,,,,,,,,,,2022,,108,,,,0,,неизвестно
EXT-ZGD-0003,2022-04-19,,,,,,,,,,,2022,,109,,,,0,,неизвестно
EXT-ZGD-0003,2022-04-20,,,,,,,,,,,2022,,110,,,,0,,неизвестно
EXT-ZGD-0003,2022-04-21,,,,,,,,,,,2022,,111,,,,0,,неизвестно
EXT-ZGD-0003,2022-04-22,,,,,,,,,,,2022,,112,,,,0,,неизвестно
EXT-ZGD-0003,2022-04-23,,,,,,,,,,,2022,,113,,,,0,,неизвестно
EXT-ZGD-0003,2022-04-24,,,,,,,,,,,2022,,114,,,,0,,неизвестно
EXT-ZGD-0003,2022-04-25,0.6268852614700193,0.3581105430166126,-0.5634769254787018,,,,,,,,2022,0.6268852614700193,115,0.5385019196878621,0.24167616145055185,0.36570980460661157,5,Штатное развитие,неизвестно
EXT-ZGD-0003,2022-04-26,,,,,,,,,,,2022,,116,,,,0,,неизвестно
EXT-ZGD-0003,2022-04-27,,,,,,,,,,,2022,,117,,,,0,,неизвестно
EXT-ZGD-0003,2022-04-28,,,,,,,,,,,2022,,118,,,,0,,неизвестно
EXT-ZGD-0003,2022-04-29,,,,,,,,,,,2022,,119,,,,0,,неизвестно
EXT-ZGD-0003,2022-04-30,,,,,,,,,,,2022,,120,,,,0,,неизвестно
EXT-ZGD-0003,2022-05-01,,,,,,,,,,,2022,,121,,,,0,,неизвестно
EXT-ZGD-0003,2022-05-02,,,,,,,,,,,2022,,122,,,,0,,неизвестно
EXT-ZGD-0003,2022-05-03,,,,,,,,,,,2022,,123,,,,0,,неизвестно
EXT-ZGD-0003,2022-05-04,,,,,,,,,,,2022,,124,,,,0,,неизвестно
EXT-ZGD-0003,2022-05-05,,,,,,,,,,,2022,,125,,,,0,,неизвестно
EXT-ZGD-0003,2022-05-06,,,,,,,,,,,2022,,126,,,,0,,неизвестно
EXT-ZGD-0003,2022-05-07,,,,,,,,,,,2022,,127,,,,0,,неизвестно
EXT-ZGD-0003,2022-05-08,,,,,,,,,,,2022,,128,,,,0,,неизвестно
EXT-ZGD-0003,2022-05-09,,,,,,,,,,,2022,,129,,,,0,,неизвестно
EXT-ZGD-0003,2022-05-10,0.8007163550880815,0.5766245156251416,-0.6973607696705727,,,,,,,,2022,0.8007163550880815,130,0.6238287976491366,0.24333025580161638,0.7269443615066051,5,Штатное развитие,неизвестно
EXT-ZGD-0003,2022-05-11,,,,,,,,,,,2022,,131,,,,0,,неизвестно
EXT-ZGD-0003,2022-05-12,,,,,,,,,,,2022,,132,,,,0,,неизвестно
EXT-ZGD-0003,2022-05-13,,,,,,,,,,,2022,,133,,,,0,,неизвестно
EXT-ZGD-0003,2022-05-14,,,,,,,,,,,2022,,134,,,,0,,неизвестно
EXT-ZGD-0003,2022-05-15,,,,,,,,,,,2022,,135,,,,0,,неизвестно
EXT-ZGD-0003,2022-05-16,,,,,,,,,,,2022,,136,,,,0,,неизвестно
EXT-ZGD-0003,2022-05-17,,,,,,,,,,,2022,,137,,,,0,,неизвестно
EXT-ZGD-0003,2022-05-18,,,,,,,,,,,2022,,138,,,,0,,неизвестно
EXT-ZGD-0003,2022-05-19,,,,,,,,,,,2022,,139,,,,0,,неизвестно
EXT-ZGD-0003,2022-05-20,,,,,,,,,,,2022,,140,,,,0,,неизвестно
EXT-ZGD-0003,2022-05-21,,,,,,,,,,,2022,,141,,,,0,,неизвестно
EXT-ZGD-0003,2022-05-22,,,,,,,,,,,2022,,142,,,,0,,неизвестно
EXT-ZGD-0003,2022-05-23,,,,,,,,,,,2022,,143,,,,0,,неизвестно
EXT-ZGD-0003,2022-05-24,,,,,,,,,,,2022,,144,,,,0,,неизвестно
EXT-ZGD-0003,2022-05-25,,,,,,,,,,,2022,,145,,,,0,,неизвестно
EXT-ZGD-0003,2022-05-26,,,,,,,,,,,2022,,146,,,,0,,неизвестно
EXT-ZGD-0003,2022-05-27,,,,,,,,,,,2022,,147,,,,0,,неизвестно
EXT-ZGD-0003,2022-05-28,,,,,,,,,,,2022,,148,,,,0,,неизвестно
EXT-ZGD-0003,2022-05-29,,,,,,,,,,,2022,,149,,,,0,,неизвестно
EXT-ZGD-0003,2022-05-30,0.8083842705373936,0.5761304801223912,-0.7094439762682225,,,,,,,,2022,0.8083842705373936,150,0.655544646531216,0.21644912535262928,0.7061226223814859,5,Штатное развитие,неизвестно
EXT-ZGD-0003,2022-05-31,,,,,,,,,,,2022,,151,,,,0,,неизвестно
EXT-ZGD-0003,2022-06-01,,,,,,,,,,,2022,,152,,,,0,,неизвестно
EXT-ZGD-0003,2022-06-02,,,,,,,,,,,2022,,153,,,,0,,неизвестно
EXT-ZGD-0003,2022-06-03,,,,,,,,,,,2022,,154,,,,0,,неизвестно
EXT-ZGD-0003,2022-06-04,,,,,,,,,,,2022,,155,,,,0,,неизвестно
EXT-ZGD-0003,2022-06-05,,,,,,,,,,,2022,,156,,,,0,,неизвестно
EXT-ZGD-0003,2022-06-06,,,,,,,,,,,2022,,157,,,,0,,неизвестно
EXT-ZGD-0003,2022-06-07,,,,,,,,,,,2022,,158,,,,0,,неизвестно
EXT-ZGD-0003,2022-06-08,,,,,,,,,,,2022,,159,,,,0,,неизвестно
EXT-ZGD-0003,2022-06-09,0.7549272830415176,0.5234268896254385,-0.6942973056700851,,,,,,,,2022,0.7549272830415176,160,0.5968453582900154,0.23461605300115726,0.6737898908849278,5,Штатное развитие,неизвестно
EXT-ZGD-0003,2022-06-10,,,,,,,,,,,2022,,161,,,,0,,неизвестно
EXT-ZGD-0003,2022-06-11,,,,,,,,,,,2022,,162,,,,0,,неизвестно
EXT-ZGD-0003,2022-06-12,,,,,,,,,,,2022,,163,,,,0,,неизвестно
EXT-ZGD-0003,2022-06-13,,,,,,,,,,,2022,,164,,,,0,,неизвестно
EXT-ZGD-0003,2022-06-14,,,,,,,,,,,2022,,165,,,,0,,неизвестно
EXT-ZGD-0003,2022-06-15,,,,,,,,,,,2022,,166,,,,0,,неизвестно
EXT-ZGD-0003,2022-06-16,,,,,,,,,,,2022,,167,,,,0,,неизвестно
EXT-ZGD-0003,2022-06-17,,,,,,,,,,,2022,,168,,,,0,,неизвестно
EXT-ZGD-0003,2022-06-18,,,,,,,,,,,2022,,169,,,,0,,неизвестно
EXT-ZGD-0003,2022-06-19,0.5703236972682884,0.3477409022975765,-0.5898652385237442,,,,,,,,2022,0.5703236972682884,170,0.570011490576126,0.2470319585598858,0.00126383118193462,5,Штатное развитие,неизвестно
EXT-ZGD-0003,2022-06-20,,,,,,,,,,,2022,,171,,,,0,,неизвестно
EXT-ZGD-0003,2022-06-21,,,,,,,,,,,2022,,172,,,,0,,неизвестно
EXT-ZGD-0003,2022-06-22,,,,,,,,,,,2022,,173,,,,0,,неизвестно
EXT-ZGD-0003,2022-06-23,,,,,,,,,,,2022,,174,,,,0,,неизвестно
EXT-ZGD-0003,2022-06-24,,,,,,,,,,,2022,,175,,,,0,,неизвестно
EXT-ZGD-0003,2022-06-25,,,,,,,,,,,2022,,176,,,,0,,неизвестно
EXT-ZGD-0003,2022-06-26,,,,,,,,,,,2022,,177,,,,0,,неизвестно
EXT-ZGD-0003,2022-06-27,,,,,,,,,,,2022,,178,,,,0,,неизвестно
EXT-ZGD-0003,2022-06-28,,,,,,,,,,,2022,,179,,,,0,,неизвестно
EXT-ZGD-0003,2022-06-29,0.27721570697159836,0.15227097025128433,-0.40718963934933616,,,,,,,,2022,0.27721570697159836,180,0.4737558088794499,0.26413239915899017,-0.7440969094804134,5,Штатное развитие,неизвестно
EXT-ZGD-0003,2022-06-30,,,,,,,,,,,2022,,181,,,,0,,неизвестно
EXT-ZGD-0003,2022-07-01,,,,,,,,,,,2022,,182,,,,0,,неизвестно
EXT-ZGD-0003,2022-07-02,,,,,,,,,,,2022,,183,,,,0,,неизвестно
EXT-ZGD-0003,2022-07-03,,,,,,,,,,,2022,,184,,,,0,,неизвестно
EXT-ZGD-0003,2022-07-04,0.2323363983909335,0.1365995839354767,-0.3838609781536336,,,,,,,,2022,0.2323363983909335,185,0.4363166595340287,0.25843085332188565,-0.7893030515556511,5,Штатное развитие,неизвестно
EXT-ZGD-0003,2022-07-05,,,,,,,,,,,2022,,186,,,,0,,неизвестно
EXT-ZGD-0003,2022-07-06,,,,,,,,,,,2022,,187,,,,0,,неизвестно
EXT-ZGD-0003,2022-07-07,,,,,,,,,,,2022,,188,,,,0,,неизвестно
EXT-ZGD-0003,2022-07-08,,,,,,,,,,,2022,,189,,,,0,,неизвестно
EXT-ZGD-0003,2022-07-09,0.20900045902154385,0.1220336569226301,-0.3749984104598309,,,,,,,,2022,0.20900045902154385,190,0.4068382727390472,0.27359184117906266,-0.7231129878175747,5,Штатное развитие,неизвестно
EXT-ZGD-0003,2022-07-10,,,,,,,,,,,2022,,191,,,,0,,неизвестно
EXT-ZGD-0003,2022-07-11,,,,,,,,,,,2022,,192,,,,0,,неизвестно
EXT-ZGD-0003,2022-07-12,,,,,,,,,,,2022,,193,,,,0,,неизвестно
EXT-ZGD-0003,2022-07-13,,,,,,,,,,,2022,,194,,,,0,,неизвестно
EXT-ZGD-0003,2022-07-14,,,,,,,,,,,2022,,195,,,,0,,неизвестно
EXT-ZGD-0003,2022-07-15,,,,,,,,,,,2022,,196,,,,0,,неизвестно
EXT-ZGD-0003,2022-07-16,,,,,,,,,,,2022,,197,,,,0,,неизвестно
EXT-ZGD-0003,2022-07-17,,,,,,,,,,,2022,,198,,,,0,,неизвестно
EXT-ZGD-0003,2022-07-18,,,,,,,,,,,2022,,199,,,,0,,неизвестно
EXT-ZGD-0003,2022-07-19,0.20901830304057473,0.12107470818363364,-0.3808242898088944,,,,,,,,2022,0.20901830304057473,200,0.40603715352222375,0.2338021033988786,-0.8426735586100548,5,Штатное развитие,неизвестно
EXT-ZGD-0003,2022-07-20,,,,,,,,,,,2022,,201,,,,0,,неизвестно
EXT-ZGD-0003,2022-07-21,,,,,,,,,,,2022,,202,,,,0,,неизвестно
EXT-ZGD-0003,2022-07-22,,,,,,,,,,,2022,,203,,,,0,,неизвестно
EXT-ZGD-0003,2022-07-23,,,,,,,,,,,2022,,204,,,,0,,неизвестно
EXT-ZGD-0003,2022-07-24,,,,,,,,,,,2022,,205,,,,0,,неизвестно
EXT-ZGD-0003,2022-07-25,,,,,,,,,,,2022,,206,,,,0,,неизвестно
EXT-ZGD-0003,2022-07-26,,,,,,,,,,,2022,,207,,,,0,,неизвестно
EXT-ZGD-0003,2022-07-27,,,,,,,,,,,2022,,208,,,,0,,неизвестно
EXT-ZGD-0003,2022-07-28,,,,,,,,,,,2022,,209,,,,0,,неизвестно
EXT-ZGD-0003,2022-07-29,0.17367702820751552,0.09957711618900464,-0.2870335103908525,,,,,,,,2022,0.17367702820751552,210,0.4224505538346511,0.21946907940920268,-1.1335242590747574,5,Угнетение биомассы,неизвестно
EXT-ZGD-0003,2022-07-30,,,,,,,,,,,2022,,211,,,,0,,неизвестно
EXT-ZGD-0003,2022-07-31,,,,,,,,,,,2022,,212,,,,0,,неизвестно
EXT-ZGD-0003,2022-08-01,,,,,,,,,,,2022,,213,,,,0,,неизвестно
EXT-ZGD-0003,2022-08-02,,,,,,,,,,,2022,,214,,,,0,,неизвестно
EXT-ZGD-0003,2022-08-03,0.21092161819428534,0.1307916148377247,-0.29395184750434866,,,,,,,,2022,0.21092161819428534,215,0.3885665838814432,0.2063236488674916,-0.8610014734726207,5,Штатное развитие,неизвестно
EXT-ZGD-0003,2022-08-04,,,,,,,,,,,2022,,216,,,,0,,неизвестно
EXT-ZGD-0003,2022-08-05,,,,,,,,,,,2022,,217,,,,0,,неизвестно
EXT-ZGD-0003,2022-08-06,,,,,,,,,,,2022,,218,,,,0,,неизвестно
EXT-ZGD-0003,2022-08-07,,,,,,,,,,,2022,,219,,,,0,,неизвестно
EXT-ZGD-0003,2022-08-08,0.2342897057141387,0.15914429616138615,-0.35887040589815977,,,,,,,,2022,0.2342897057141387,220,0.36388745030315117,0.18813965876919123,-0.6888379910798197,5,Штатное развитие,неизвестно
EXT-ZGD-0003,2022-08-09,,,,,,,,,,,2022,,221,,,,0,,неизвестно
EXT-ZGD-0003,2022-08-10,,,,,,,,,,,2022,,222,,,,0,,неизвестно
EXT-ZGD-0003,2022-08-11,,,,,,,,,,,2022,,223,,,,0,,неизвестно
EXT-ZGD-0003,2022-08-12,,,,,,,,,,,2022,,224,,,,0,,неизвестно
EXT-ZGD-0003,2022-08-13,0.3104039638846686,0.20305872879754666,-0.4091080309366367,,,,,,,,2022,0.3104039638846686,225,0.3551732825869503,0.16631667378321252,-0.26918118120036955,5,Штатное развитие,неизвестно
EXT-ZGD-0003,2022-08-14,,,,,,,,,,,2022,,226,,,,0,,неизвестно
EXT-ZGD-0003,2022-08-15,,,,,,,,,,,2022,,227,,,,0,,неизвестно
EXT-ZGD-0003,2022-08-16,,,,,,,,,,,2022,,228,,,,0,,неизвестно
EXT-ZGD-0003,2022-08-17,,,,,,,,,,,2022,,229,,,,0,,неизвестно
EXT-ZGD-0003,2022-08-18,,,,,,,,,,,2022,,230,,,,0,,неизвестно
EXT-ZGD-0003,2022-08-19,,,,,,,,,,,2022,,231,,,,0,,неизвестно
EXT-ZGD-0003,2022-08-20,,,,,,,,,,,2022,,232,,,,0,,неизвестно
EXT-ZGD-0003,2022-08-21,,,,,,,,,,,2022,,233,,,,0,,неизвестно
EXT-ZGD-0003,2022-08-22,,,,,,,,,,,2022,,234,,,,0,,неизвестно
EXT-ZGD-0003,2022-08-23,0.48249426671824014,0.3046975459297618,-0.5086629145760715,,,,,,,,2022,0.48249426671824014,235,0.32405777744567826,0.14504719528864068,1.0923099130409022,5,Штатное развитие,неизвестно
EXT-ZGD-0003,2022-08-24,,,,,,,,,,,2022,,236,,,,0,,неизвестно
EXT-ZGD-0003,2022-08-25,,,,,,,,,,,2022,,237,,,,0,,неизвестно
EXT-ZGD-0003,2022-08-26,,,,,,,,,,,2022,,238,,,,0,,неизвестно
EXT-ZGD-0003,2022-08-27,,,,,,,,,,,2022,,239,,,,0,,неизвестно
EXT-ZGD-0003,2022-08-28,0.3319710567791781,0.21287206229312544,-0.40409268822664846,,,,,,,,2022,0.3319710567791781,240,0.2984957877702006,0.13283024086319192,0.2520154205205068,5,Штатное развитие,неизвестно
EXT-ZGD-0003,2022-08-29,,,,,,,,,,,2022,,241,,,,0,,неизвестно
EXT-ZGD-0003,2022-08-30,,,,,,,,,,,2022,,242,,,,0,,неизвестно
EXT-ZGD-0003,2022-08-31,,,,,,,,,,,2022,,243,,,,0,,неизвестно
EXT-ZGD-0003,2022-09-01,,,,,,,,,,,2022,,244,,,,0,,неизвестно
EXT-ZGD-0003,2022-09-02,0.13655086921467013,0.0781342893282291,-0.2738839854580146,,,,,,,,2022,0.13655086921467013,245,0.2700978276947647,0.12468875173809008,-1.0710425488949575,5,Угнетение биомассы,неизвестно
EXT-ZGD-0003,2022-09-03,,,,,,,,,,,2022,,246,,,,0,,неизвестно
EXT-ZGD-0003,2022-09-04,,,,,,,,,,,2022,,247,,,,0,,неизвестно
EXT-ZGD-0003,2022-09-05,,,,,,,,,,,2022,,248,,,,0,,неизвестно
EXT-ZGD-0003,2022-09-06,,,,,,,,,,,2022,,249,,,,0,,неизвестно
EXT-ZGD-0003,2022-09-07,,,,,,,,,,,2022,,250,,,,0,,неизвестно
EXT-ZGD-0003,2022-09-08,,,,,,,,,,,2022,,251,,,,0,,неизвестно
EXT-ZGD-0003,2022-09-09,,,,,,,,,,,2022,,252,,,,0,,неизвестно
EXT-ZGD-0003,2022-09-10,,,,,,,,,,,2022,,253,,,,0,,неизвестно
EXT-ZGD-0003,2022-09-11,,,,,,,,,,,2022,,254,,,,0,,неизвестно
EXT-ZGD-0003,2022-09-12,,,,,,,,,,,2022,,255,,,,0,,неизвестно
EXT-ZGD-0003,2022-09-13,,,,,,,,,,,2022,,256,,,,0,,неизвестно
EXT-ZGD-0003,2022-09-14,,,,,,,,,,,2022,,257,,,,0,,неизвестно
EXT-ZGD-0003,2022-09-15,,,,,,,,,,,2022,,258,,,,0,,неизвестно
EXT-ZGD-0003,2022-09-16,,,,,,,,,,,2022,,259,,,,0,,неизвестно
EXT-ZGD-0003,2022-09-17,,,,,,,,,,,2022,,260,,,,0,,неизвестно
EXT-ZGD-0003,2022-09-18,,,,,,,,,,,2022,,261,,,,0,,неизвестно
EXT-ZGD-0003,2022-09-19,,,,,,,,,,,2022,,262,,,,0,,неизвестно
EXT-ZGD-0003,2022-09-20,,,,,,,,,,,2022,,263,,,,0,,неизвестно
EXT-ZGD-0003,2022-09-21,,,,,,,,,,,2022,,264,,,,0,,неизвестно
EXT-ZGD-0003,2022-09-22,,,,,,,,,,,2022,,265,,,,0,,неизвестно
EXT-ZGD-0003,2022-09-23,,,,,,,,,,,2022,,266,,,,0,,неизвестно
EXT-ZGD-0003,2022-09-24,,,,,,,,,,,2022,,267,,,,0,,неизвестно
EXT-ZGD-0003,2022-09-25,,,,,,,,,,,2022,,268,,,,0,,неизвестно
EXT-ZGD-0003,2022-09-26,,,,,,,,,,,2022,,269,,,,0,,неизвестно
EXT-ZGD-0003,2022-09-27,,,,,,,,,,,2022,,270,,,,0,,неизвестно
EXT-ZGD-0003,2022-09-28,,,,,,,,,,,2022,,271,,,,0,,неизвестно
EXT-ZGD-0003,2022-09-29,,,,,,,,,,,2022,,272,,,,0,,неизвестно
EXT-ZGD-0003,2022-09-30,,,,,,,,,,,2022,,273,,,,0,,неизвестно
EXT-ZGD-0003,2022-10-01,,,,,,,,,,,2022,,274,,,,0,,неизвестно
EXT-ZGD-0003,2022-10-02,0.21683620583686924,0.12400836442211916,-0.29391180579160964,,,,,,,,2022,0.21683620583686924,275,0.18990845113831284,0.057730992188090365,0.46643498886740903,5,Штатное развитие,неизвестно
EXT-ZGD-0003,2022-10-03,,,,,,,,,,,2022,,276,,,,0,,неизвестно
EXT-ZGD-0003,2022-10-04,,,,,,,,,,,2022,,277,,,,0,,неизвестно
EXT-ZGD-0003,2022-10-05,,,,,,,,,,,2022,,278,,,,0,,неизвестно
EXT-ZGD-0003,2022-10-06,,,,,,,,,,,2022,,279,,,,0,,неизвестно
EXT-ZGD-0003,2022-10-07,0.24599767283530466,0.12886250272352817,-0.33489071033027684,,,,,,,,2022,0.24599767283530466,280,0.18801338627918032,0.05116412341614767,1.1332997163755607,5,Штатное развитие,неизвестно
EXT-ZGD-0003,2022-10-08,,,,,,,,,,,2022,,281,,,,0,,неизвестно
EXT-ZGD-0003,2022-10-09,,,,,,,,,,,2022,,282,,,,0,,неизвестно
EXT-ZGD-0003,2022-10-10,,,,,,,,,,,2022,,283,,,,0,,неизвестно
EXT-ZGD-0003,2022-10-11,,,,,,,,,,,2022,,284,,,,0,,неизвестно
EXT-ZGD-0003,2022-10-12,0.24989091731683805,0.16691322819061086,-0.3063780844505038,,,,,,,,2022,0.24989091731683805,285,0.18311613446258249,0.04640557887016859,1.438938689700973,5,Штатное развитие,неизвестно
EXT-ZGD-0003,2022-10-13,,,,,,,,,,,2022,,286,,,,0,,неизвестно
EXT-ZGD-0003,2022-10-14,,,,,,,,,,,2022,,287,,,,0,,неизвестно
EXT-ZGD-0003,2022-10-15,,,,,,,,,,,2022,,288,,,,0,,неизвестно
EXT-ZGD-0003,2022-10-16,,,,,,,,,,,2022,,289,,,,0,,неизвестно
EXT-ZGD-0003,2022-10-17,0.2753854412619162,0.1503974911661976,-0.3525785414285857,,,,,,,,2022,0.2753854412619162,290,0.18119188934605854,0.041009529311929666,2.296869861621572,5,Штатное развитие,неизвестно
EXT-ZGD-0003,2022-10-18,,,,,,,,,,,2022,,291,,,,0,,неизвестно
EXT-ZGD-0003,2022-10-19,,,,,,,,,,,2022,,292,,,,0,,неизвестно
EXT-ZGD-0003,2022-10-20,,,,,,,,,,,2022,,293,,,,0,,неизвестно
EXT-ZGD-0003,2022-10-21,,,,,,,,,,,2022,,294,,,,0,,неизвестно
EXT-ZGD-0003,2022-10-22,0.2674521012696287,0.1582183069623408,-0.34769907603032474,,,,,,,,2022,0.2674521012696287,295,0.18082719190810276,0.041214043215791134,2.1018299250080776,5,Штатное развитие,неизвестно
EXT-ZGD-0003,2022-10-23,,,,,,,,,,,2022,,296,,,,0,,неизвестно
EXT-ZGD-0003,2022-10-24,,,,,,,,,,,2022,,297,,,,0,,неизвестно
EXT-ZGD-0003,2022-10-25,,,,,,,,,,,2022,,298,,,,0,,неизвестно
EXT-ZGD-0003,2022-10-26,,,,,,,,,,,2022,,299,,,,0,,неизвестно
EXT-ZGD-0003,2022-10-27,,,,,,,,,,,2022,,300,,,,0,,неизвестно
EXT-ZGD-0003,2022-10-28,,,,,,,,,,,2022,,301,,,,0,,неизвестно
EXT-ZGD-0003,2022-10-29,,,,,,,,,,,2022,,302,,,,0,,неизвестно
EXT-ZGD-0003,2022-10-30,,,,,,,,,,,2022,,303,,,,0,,неизвестно
EXT-ZGD-0003,2023-04-01,,,,,,,,,,,2023,,91,,,,0,,неизвестно
EXT-ZGD-0003,2023-04-02,,,,,,,,,,,2023,,92,,,,0,,неизвестно
EXT-ZGD-0003,2023-04-03,,,,,,,,,,,2023,,93,,,,0,,неизвестно
EXT-ZGD-0003,2023-04-04,,,,,,,,,,,2023,,94,,,,0,,неизвестно
EXT-ZGD-0003,2023-04-05,,,,,,,,,,,2023,,95,,,,0,,неизвестно
EXT-ZGD-0003,2023-04-06,,,,,,,,,,,2023,,96,,,,0,,неизвестно
EXT-ZGD-0003,2023-04-07,,,,,,,,,,,2023,,97,,,,0,,неизвестно
EXT-ZGD-0003,2023-04-08,,,,,,,,,,,2023,,98,,,,0,,неизвестно
EXT-ZGD-0003,2023-04-09,,,,,,,,,,,2023,,99,,,,0,,неизвестно
EXT-ZGD-0003,2023-04-10,,,,,,,,,,,2023,,100,,,,0,,неизвестно
EXT-ZGD-0003,2023-04-11,,,,,,,,,,,2023,,101,,,,0,,неизвестно
EXT-ZGD-0003,2023-04-12,,,,,,,,,,,2023,,102,,,,0,,неизвестно
EXT-ZGD-0003,2023-04-13,,,,,,,,,,,2023,,103,,,,0,,неизвестно
EXT-ZGD-0003,2023-04-14,,,,,,,,,,,2023,,104,,,,0,,неизвестно
EXT-ZGD-0003,2023-04-15,,,,,,,,,,,2023,,105,,,,0,,неизвестно
EXT-ZGD-0003,2023-04-16,,,,,,,,,,,2023,,106,,,,0,,неизвестно
EXT-ZGD-0003,2023-04-17,,,,,,,,,,,2023,,107,,,,0,,неизвестно
EXT-ZGD-0003,2023-04-18,,,,,,,,,,,2023,,108,,,,0,,неизвестно
EXT-ZGD-0003,2023-04-19,,,,,,,,,,,2023,,109,,,,0,,неизвестно
EXT-ZGD-0003,2023-04-20,,,,,,,,,,,2023,,110,,,,0,,неизвестно
EXT-ZGD-0003,2023-04-21,,,,,,,,,,,2023,,111,,,,0,,неизвестно
EXT-ZGD-0003,2023-04-22,,,,,,,,,,,2023,,112,,,,0,,неизвестно
EXT-ZGD-0003,2023-04-23,,,,,,,,,,,2023,,113,,,,0,,неизвестно
EXT-ZGD-0003,2023-04-24,,,,,,,,,,,2023,,114,,,,0,,неизвестно
EXT-ZGD-0003,2023-04-25,,,,,,,,,,,2023,,115,,,,0,,неизвестно
EXT-ZGD-0003,2023-04-26,,,,,,,,,,,2023,,116,,,,0,,неизвестно
EXT-ZGD-0003,2023-04-27,,,,,,,,,,,2023,,117,,,,0,,неизвестно
EXT-ZGD-0003,2023-04-28,,,,,,,,,,,2023,,118,,,,0,,неизвестно
EXT-ZGD-0003,2023-04-29,,,,,,,,,,,2023,,119,,,,0,,неизвестно
EXT-ZGD-0003,2023-04-30,,,,,,,,,,,2023,,120,,,,0,,неизвестно
EXT-ZGD-0003,2023-05-01,,,,,,,,,,,2023,,121,,,,0,,неизвестно
EXT-ZGD-0003,2023-05-02,,,,,,,,,,,2023,,122,,,,0,,неизвестно
EXT-ZGD-0003,2023-05-03,,,,,,,,,,,2023,,123,,,,0,,неизвестно
EXT-ZGD-0003,2023-05-04,,,,,,,,,,,2023,,124,,,,0,,неизвестно
EXT-ZGD-0003,2023-05-05,0.24604885251200975,0.1249398563817434,-0.3310123218585448,,,,,,,,2023,0.24604885251200975,125,0.6298528385684181,0.24670917774598225,-1.5556939938877437,5,Угнетение биомассы,неизвестно
EXT-ZGD-0003,2023-05-06,,,,,,,,,,,2023,,126,,,,0,,неизвестно
EXT-ZGD-0003,2023-05-07,,,,,,,,,,,2023,,127,,,,0,,неизвестно
EXT-ZGD-0003,2023-05-08,,,,,,,,,,,2023,,128,,,,0,,неизвестно
EXT-ZGD-0003,2023-05-09,,,,,,,,,,,2023,,129,,,,0,,неизвестно
EXT-ZGD-0003,2023-05-10,,,,,,,,,,,2023,,130,,,,0,,неизвестно
EXT-ZGD-0003,2023-05-11,,,,,,,,,,,2023,,131,,,,0,,неизвестно
EXT-ZGD-0003,2023-05-12,,,,,,,,,,,2023,,132,,,,0,,неизвестно
EXT-ZGD-0003,2023-05-13,,,,,,,,,,,2023,,133,,,,0,,неизвестно
EXT-ZGD-0003,2023-05-14,,,,,,,,,,,2023,,134,,,,0,,неизвестно
EXT-ZGD-0003,2023-05-15,0.3418021004512444,0.18939813818635454,-0.3642966978790825,,,,,,,,2023,0.3418021004512444,135,0.6879555118356341,0.21097548321499385,-1.6407281363192483,5,Угнетение биомассы,неизвестно
EXT-ZGD-0003,2023-05-16,,,,,,,,,,,2023,,136,,,,0,,неизвестно
EXT-ZGD-0003,2023-05-17,,,,,,,,,,,2023,,137,,,,0,,неизвестно
EXT-ZGD-0003,2023-05-18,,,,,,,,,,,2023,,138,,,,0,,неизвестно
EXT-ZGD-0003,2023-05-19,,,,,,,,,,,2023,,139,,,,0,,неизвестно
EXT-ZGD-0003,2023-05-20,0.4824391195269536,0.3007734427410589,-0.44727709756069006,,,,,,,,2023,0.4824391195269536,140,0.7027882437185555,0.21044499015932933,-1.0470628168661753,5,Угнетение биомассы,неизвестно
EXT-ZGD-0003,2023-05-21,,,,,,,,,,,2023,,141,,,,0,,неизвестно
EXT-ZGD-0003,2023-05-22,,,,,,,,,,,2023,,142,,,,0,,неизвестно
EXT-ZGD-0003,2023-05-23,,,,,,,,,,,2023,,143,,,,0,,неизвестно
EXT-ZGD-0003,2023-05-24,,,,,,,,,,,2023,,144,,,,0,,неизвестно
EXT-ZGD-0003,2023-05-25,,,,,,,,,,,2023,,145,,,,0,,неизвестно
EXT-ZGD-0003,2023-05-26,,,,,,,,,,,2023,,146,,,,0,,неизвестно
EXT-ZGD-0003,2023-05-27,,,,,,,,,,,2023,,147,,,,0,,неизвестно
EXT-ZGD-0003,2023-05-28,,,,,,,,,,,2023,,148,,,,0,,неизвестно
EXT-ZGD-0003,2023-05-29,,,,,,,,,,,2023,,149,,,,0,,неизвестно
EXT-ZGD-0003,2023-05-30,,,,,,,,,,,2023,,150,,,,0,,неизвестно
EXT-ZGD-0003,2023-05-31,,,,,,,,,,,2023,,151,,,,0,,неизвестно
EXT-ZGD-0003,2023-06-01,,,,,,,,,,,2023,,152,,,,0,,неизвестно
EXT-ZGD-0003,2023-06-02,,,,,,,,,,,2023,,153,,,,0,,неизвестно
EXT-ZGD-0003,2023-06-03,,,,,,,,,,,2023,,154,,,,0,,неизвестно
EXT-ZGD-0003,2023-06-04,,,,,,,,,,,2023,,155,,,,0,,неизвестно
EXT-ZGD-0003,2023-06-05,,,,,,,,,,,2023,,156,,,,0,,неизвестно
EXT-ZGD-0003,2023-06-06,,,,,,,,,,,2023,,157,,,,0,,неизвестно
EXT-ZGD-0003,2023-06-07,,,,,,,,,,,2023,,158,,,,0,,неизвестно
EXT-ZGD-0003,2023-06-08,,,,,,,,,,,2023,,159,,,,0,,неизвестно
EXT-ZGD-0003,2023-06-09,0.7821742630588578,0.6580513653224058,-0.6495359974005993,,,,,,,,2023,0.7821742630588578,160,0.5816332733880201,0.23062250642799786,0.8695638286866344,5,Штатное развитие,неизвестно
EXT-ZGD-0003,2023-06-10,,,,,,,,,,,2023,,161,,,,0,,неизвестно
EXT-ZGD-0003,2023-06-11,,,,,,,,,,,2023,,162,,,,0,,неизвестно
EXT-ZGD-0003,2023-06-12,,,,,,,,,,,2023,,163,,,,0,,неизвестно
EXT-ZGD-0003,2023-06-13,,,,,,,,,,,2023,,164,,,,0,,неизвестно
EXT-ZGD-0003,2023-06-14,,,,,,,,,,,2023,,165,,,,0,,неизвестно
EXT-ZGD-0003,2023-06-15,,,,,,,,,,,2023,,166,,,,0,,неизвестно
EXT-ZGD-0003,2023-06-16,,,,,,,,,,,2023,,167,,,,0,,неизвестно
EXT-ZGD-0003,2023-06-17,,,,,,,,,,,2023,,168,,,,0,,неизвестно
EXT-ZGD-0003,2023-06-18,,,,,,,,,,,2023,,169,,,,0,,неизвестно
EXT-ZGD-0003,2023-06-19,0.9296943394928524,0.7036833756836289,-0.761714514390539,,,,,,,,2023,0.9296943394928524,170,0.5263420675706404,0.2481223734849785,1.6256183038110072,5,Штатное развитие,неизвестно
EXT-ZGD-0003,2023-06-20,,,,,,,,,,,2023,,171,,,,0,,неизвестно
EXT-ZGD-0003,2023-06-21,,,,,,,,,,,2023,,172,,,,0,,неизвестно
EXT-ZGD-0003,2023-06-22,,,,,,,,,,,2023,,173,,,,0,,неизвестно
EXT-ZGD-0003,2023-06-23,,,,,,,,,,,2023,,174,,,,0,,неизвестно
EXT-ZGD-0003,2023-06-24,,,,,,,,,,,2023,,175,,,,0,,неизвестно
EXT-ZGD-0003,2023-06-25,,,,,,,,,,,2023,,176,,,,0,,неизвестно
EXT-ZGD-0003,2023-06-26,,,,,,,,,,,2023,,177,,,,0,,неизвестно
EXT-ZGD-0003,2023-06-27,,,,,,,,,,,2023,,178,,,,0,,неизвестно
EXT-ZGD-0003,2023-06-28,,,,,,,,,,,2023,,179,,,,0,,неизвестно
EXT-ZGD-0003,2023-06-29,,,,,,,,,,,2023,,180,,,,0,,неизвестно
EXT-ZGD-0003,2023-06-30,,,,,,,,,,,2023,,181,,,,0,,неизвестно
EXT-ZGD-0003,2023-07-01,,,,,,,,,,,2023,,182,,,,0,,неизвестно
EXT-ZGD-0003,2023-07-02,,,,,,,,,,,2023,,183,,,,0,,неизвестно
EXT-ZGD-0003,2023-07-03,,,,,,,,,,,2023,,184,,,,0,,неизвестно
EXT-ZGD-0003,2023-07-04,,,,,,,,,,,2023,,185,,,,0,,неизвестно
EXT-ZGD-0003,2023-07-05,,,,,,,,,,,2023,,186,,,,0,,неизвестно
EXT-ZGD-0003,2023-07-06,,,,,,,,,,,2023,,187,,,,0,,неизвестно
EXT-ZGD-0003,2023-07-07,,,,,,,,,,,2023,,188,,,,0,,неизвестно
EXT-ZGD-0003,2023-07-08,,,,,,,,,,,2023,,189,,,,0,,неизвестно
EXT-ZGD-0003,2023-07-09,0.5656897390938113,0.3523042884539715,-0.4678634519801292,,,,,,,,2023,0.5656897390938113,190,0.3419223161954392,0.2386908172544954,0.9374781379201034,5,Штатное развитие,неизвестно
EXT-ZGD-0003,2023-07-10,,,,,,,,,,,2023,,191,,,,0,,неизвестно
EXT-ZGD-0003,2023-07-11,,,,,,,,,,,2023,,192,,,,0,,неизвестно
EXT-ZGD-0003,2023-07-12,,,,,,,,,,,2023,,193,,,,0,,неизвестно
EXT-ZGD-0003,2023-07-13,,,,,,,,,,,2023,,194,,,,0,,неизвестно
EXT-ZGD-0003,2023-07-14,0.5136556531432392,0.27343670516890106,-0.44911141464500937,,,,,,,,2023,0.5136556531432392,195,0.3238897542324038,0.23378417161928547,0.8117140591531012,5,Штатное развитие,неизвестно
EXT-ZGD-0003,2023-07-15,,,,,,,,,,,2023,,196,,,,0,,неизвестно
EXT-ZGD-0003,2023-07-16,,,,,,,,,,,2023,,197,,,,0,,неизвестно
EXT-ZGD-0003,2023-07-17,,,,,,,,,,,2023,,198,,,,0,,неизвестно
EXT-ZGD-0003,2023-07-18,,,,,,,,,,,2023,,199,,,,0,,неизвестно
EXT-ZGD-0003,2023-07-19,,,,,,,,,,,2023,,200,,,,0,,неизвестно
EXT-ZGD-0003,2023-07-20,,,,,,,,,,,2023,,201,,,,0,,неизвестно
EXT-ZGD-0003,2023-07-21,,,,,,,,,,,2023,,202,,,,0,,неизвестно
EXT-ZGD-0003,2023-07-22,,,,,,,,,,,2023,,203,,,,0,,неизвестно
EXT-ZGD-0003,2023-07-23,,,,,,,,,,,2023,,204,,,,0,,неизвестно
EXT-ZGD-0003,2023-07-24,,,,,,,,,,,2023,,205,,,,0,,неизвестно
EXT-ZGD-0003,2023-07-25,,,,,,,,,,,2023,,206,,,,0,,неизвестно
EXT-ZGD-0003,2023-07-26,,,,,,,,,,,2023,,207,,,,0,,неизвестно
EXT-ZGD-0003,2023-07-27,,,,,,,,,,,2023,,208,,,,0,,неизвестно
EXT-ZGD-0003,2023-07-28,,,,,,,,,,,2023,,209,,,,0,,неизвестно
EXT-ZGD-0003,2023-07-29,,,,,,,,,,,2023,,210,,,,0,,неизвестно
EXT-ZGD-0003,2023-07-30,,,,,,,,,,,2023,,211,,,,0,,неизвестно
EXT-ZGD-0003,2023-07-31,,,,,,,,,,,2023,,212,,,,0,,неизвестно
EXT-ZGD-0003,2023-08-01,,,,,,,,,,,2023,,213,,,,0,,неизвестно
EXT-ZGD-0003,2023-08-02,,,,,,,,,,,2023,,214,,,,0,,неизвестно
EXT-ZGD-0003,2023-08-03,0.41837462739749276,0.2119302437612386,-0.4686633356759895,,,,,,,,2023,0.41837462739749276,215,0.3460118501923372,0.21233932045272275,0.34078839967497726,5,Штатное развитие,неизвестно
EXT-ZGD-0003,2023-08-04,,,,,,,,,,,2023,,216,,,,0,,неизвестно
EXT-ZGD-0003,2023-08-05,,,,,,,,,,,2023,,217,,,,0,,неизвестно
EXT-ZGD-0003,2023-08-06,,,,,,,,,,,2023,,218,,,,0,,неизвестно
EXT-ZGD-0003,2023-08-07,,,,,,,,,,,2023,,219,,,,0,,неизвестно
EXT-ZGD-0003,2023-08-08,0.4453142237071191,0.18733887279175734,-0.5565839572723735,,,,,,,,2023,0.4453142237071191,220,0.3282334603899391,0.18922055593661866,0.6187528767032974,5,Штатное развитие,неизвестно
EXT-ZGD-0003,2023-08-09,,,,,,,,,,,2023,,221,,,,0,,неизвестно
EXT-ZGD-0003,2023-08-10,,,,,,,,,,,2023,,222,,,,0,,неизвестно
EXT-ZGD-0003,2023-08-11,,,,,,,,,,,2023,,223,,,,0,,неизвестно
EXT-ZGD-0003,2023-08-12,,,,,,,,,,,2023,,224,,,,0,,неизвестно
EXT-ZGD-0003,2023-08-13,0.5040511699850342,0.21400029608752297,-0.5839175326354624,,,,,,,,2023,0.5040511699850342,225,0.3201164543888072,0.17147481372197532,1.072663160284599,5,Штатное развитие,неизвестно
EXT-ZGD-0003,2023-08-14,,,,,,,,,,,2023,,226,,,,0,,неизвестно
EXT-ZGD-0003,2023-08-15,,,,,,,,,,,2023,,227,,,,0,,неизвестно
EXT-ZGD-0003,2023-08-16,,,,,,,,,,,2023,,228,,,,0,,неизвестно
EXT-ZGD-0003,2023-08-17,,,,,,,,,,,2023,,229,,,,0,,неизвестно
EXT-ZGD-0003,2023-08-18,0.44146183145653173,0.20115373405542014,-0.5414367177542727,,,,,,,,2023,0.44146183145653173,230,0.3023882248667441,0.14661221716217174,0.9485812934399221,5,Штатное развитие,неизвестно
EXT-ZGD-0003,2023-08-19,,,,,,,,,,,2023,,231,,,,0,,неизвестно
EXT-ZGD-0003,2023-08-20,,,,,,,,,,,2023,,232,,,,0,,неизвестно
EXT-ZGD-0003,2023-08-21,,,,,,,,,,,2023,,233,,,,0,,неизвестно
EXT-ZGD-0003,2023-08-22,,,,,,,,,,,2023,,234,,,,0,,неизвестно
EXT-ZGD-0003,2023-08-23,0.4043704559867613,0.2217364280128591,-0.517709948025891,,,,,,,,2023,0.4043704559867613,235,0.3021054505658252,0.14566888290111896,0.7020374110396266,5,Штатное развитие,неизвестно
EXT-ZGD-0003,2023-08-24,,,,,,,,,,,2023,,236,,,,0,,неизвестно
EXT-ZGD-0003,2023-08-25,,,,,,,,,,,2023,,237,,,,0,,неизвестно
EXT-ZGD-0003,2023-08-26,,,,,,,,,,,2023,,238,,,,0,,неизвестно
EXT-ZGD-0003,2023-08-27,,,,,,,,,,,2023,,239,,,,0,,неизвестно
EXT-ZGD-0003,2023-08-28,0.33797391135923693,0.15138000563015025,-0.5098107798807463,,,,,,,,2023,0.33797391135923693,240,0.2870593760484969,0.1306760105955108,0.3896241940560828,5,Штатное развитие,неизвестно
EXT-ZGD-0003,2023-08-29,,,,,,,,,,,2023,,241,,,,0,,неизвестно
EXT-ZGD-0003,2023-08-30,,,,,,,,,,,2023,,242,,,,0,,неизвестно
EXT-ZGD-0003,2023-08-31,,,,,,,,,,,2023,,243,,,,0,,неизвестно
EXT-ZGD-0003,2023-09-01,,,,,,,,,,,2023,,244,,,,0,,неизвестно
EXT-ZGD-0003,2023-09-02,0.24023982197223964,0.15714620961131665,-0.3915366350587405,,,,,,,,2023,0.24023982197223964,245,0.2668389365065796,0.12328164930390671,-0.21575891208893028,5,Штатное развитие,неизвестно
EXT-ZGD-0003,2023-09-03,,,,,,,,,,,2023,,246,,,,0,,неизвестно
EXT-ZGD-0003,2023-09-04,,,,,,,,,,,2023,,247,,,,0,,неизвестно
EXT-ZGD-0003,2023-09-05,,,,,,,,,,,2023,,248,,,,0,,неизвестно
EXT-ZGD-0003,2023-09-06,,,,,,,,,,,2023,,249,,,,0,,неизвестно
EXT-ZGD-0003,2023-09-07,,,,,,,,,,,2023,,250,,,,0,,неизвестно
EXT-ZGD-0003,2023-09-08,,,,,,,,,,,2023,,251,,,,0,,неизвестно
EXT-ZGD-0003,2023-09-09,,,,,,,,,,,2023,,252,,,,0,,неизвестно
EXT-ZGD-0003,2023-09-10,,,,,,,,,,,2023,,253,,,,0,,неизвестно
EXT-ZGD-0003,2023-09-11,,,,,,,,,,,2023,,254,,,,0,,неизвестно
EXT-ZGD-0003,2023-09-12,0.17762614616800626,0.1063919134006729,-0.3506486458497089,,,,,,,,2023,0.17762614616800626,255,0.22853954299214418,0.0953026733931842,-0.5342284220515804,5,Штатное развитие,неизвестно
EXT-ZGD-0003,2023-09-13,,,,,,,,,,,2023,,256,,,,0,,неизвестно
EXT-ZGD-0003,2023-09-14,,,,,,,,,,,2023,,257,,,,0,,неизвестно
EXT-ZGD-0003,2023-09-15,,,,,,,,,,,2023,,258,,,,0,,неизвестно
EXT-ZGD-0003,2023-09-16,,,,,,,,,,,2023,,259,,,,0,,неизвестно
EXT-ZGD-0003,2023-09-17,0.17181560491597464,0.0673499346729452,-0.32329992593321777,,,,,,,,2023,0.17181560491597464,260,0.22030777755510036,0.0785962127816042,-0.6169784894581529,5,Штатное развитие,неизвестно
EXT-ZGD-0003,2023-09-18,,,,,,,,,,,2023,,261,,,,0,,неизвестно
EXT-ZGD-0003,2023-09-19,,,,,,,,,,,2023,,262,,,,0,,неизвестно
EXT-ZGD-0003,2023-09-20,,,,,,,,,,,2023,,263,,,,0,,неизвестно
EXT-ZGD-0003,2023-09-21,,,,,,,,,,,2023,,264,,,,0,,неизвестно
EXT-ZGD-0003,2023-09-22,0.1522625876130293,0.06731186932535216,-0.2978851265026377,,,,,,,,2023,0.1522625876130293,265,0.21433836402189066,0.07451075083947677,-0.833111674617199,5,Штатное развитие,неизвестно
EXT-ZGD-0003,2023-09-23,,,,,,,,,,,2023,,266,,,,0,,неизвестно
EXT-ZGD-0003,2023-09-24,,,,,,,,,,,2023,,267,,,,0,,неизвестно
EXT-ZGD-0003,2023-09-25,,,,,,,,,,,2023,,268,,,,0,,неизвестно
EXT-ZGD-0003,2023-09-26,,,,,,,,,,,2023,,269,,,,0,,неизвестно
EXT-ZGD-0003,2023-09-27,0.1523374409003371,0.06733276542279445,-0.29293616140390644,,,,,,,,2023,0.1523374409003371,270,0.2138645288604769,0.06623807108885733,-0.9288780145424553,5,Штатное развитие,неизвестно
EXT-ZGD-0003,2023-09-28,,,,,,,,,,,2023,,271,,,,0,,неизвестно
EXT-ZGD-0003,2023-09-29,,,,,,,,,,,2023,,272,,,,0,,неизвестно
EXT-ZGD-0003,2023-09-30,,,,,,,,,,,2023,,273,,,,0,,неизвестно
EXT-ZGD-0003,2023-10-01,,,,,,,,,,,2023,,274,,,,0,,неизвестно
EXT-ZGD-0003,2023-10-02,0.1347389923391058,0.06737325696778951,-0.2577936118223634,,,,,,,,2023,0.1347389923391058,275,0.20711726701864067,0.06118911159451028,-1.1828619960880171,5,Угнетение биомассы,неизвестно
EXT-ZGD-0003,2023-10-03,,,,,,,,,,,2023,,276,,,,0,,неизвестно
EXT-ZGD-0003,2023-10-04,,,,,,,,,,,2023,,277,,,,0,,неизвестно
EXT-ZGD-0003,2023-10-05,,,,,,,,,,,2023,,278,,,,0,,неизвестно
EXT-ZGD-0003,2023-10-06,,,,,,,,,,,2023,,279,,,,0,,неизвестно
EXT-ZGD-0003,2023-10-07,0.1679199460788554,0.0712641694890718,-0.31543214111313034,,,,,,,,2023,0.1679199460788554,280,0.20417599596918257,0.05451436273114239,-0.6650733508366811,5,Штатное развитие,неизвестно
EXT-ZGD-0003,2023-10-08,,,,,,,,,,,2023,,281,,,,0,,неизвестно
EXT-ZGD-0003,2023-10-09,,,,,,,,,,,2023,,282,,,,0,,неизвестно
EXT-ZGD-0003,2023-10-10,,,,,,,,,,,2023,,283,,,,0,,неизвестно
EXT-ZGD-0003,2023-10-11,,,,,,,,,,,2023,,284,,,,0,,неизвестно
EXT-ZGD-0003,2023-10-12,0.1796228622523678,0.07711998818976776,-0.32327093825099307,,,,,,,,2023,0.1796228622523678,285,0.2004746718454292,0.051172087948082756,-0.4074840490037626,5,Штатное развитие,неизвестно
EXT-ZGD-0003,2023-10-13,,,,,,,,,,,2023,,286,,,,0,,неизвестно
EXT-ZGD-0003,2023-10-14,,,,,,,,,,,2023,,287,,,,0,,неизвестно
EXT-ZGD-0003,2023-10-15,,,,,,,,,,,2023,,288,,,,0,,неизвестно
EXT-ZGD-0003,2023-10-16,,,,,,,,,,,2023,,289,,,,0,,неизвестно
EXT-ZGD-0003,2023-10-17,,,,,,,,,,,2023,,290,,,,0,,неизвестно
EXT-ZGD-0003,2023-10-18,,,,,,,,,,,2023,,291,,,,0,,неизвестно
EXT-ZGD-0003,2023-10-19,,,,,,,,,,,2023,,292,,,,0,,неизвестно
EXT-ZGD-0003,2023-10-20,,,,,,,,,,,2023,,293,,,,0,,неизвестно
EXT-ZGD-0003,2023-10-21,,,,,,,,,,,2023,,294,,,,0,,неизвестно
EXT-ZGD-0003,2023-10-22,,,,,,,,,,,2023,,295,,,,0,,неизвестно
EXT-ZGD-0003,2023-10-23,,,,,,,,,,,2023,,296,,,,0,,неизвестно
EXT-ZGD-0003,2023-10-24,,,,,,,,,,,2023,,297,,,,0,,неизвестно
EXT-ZGD-0003,2023-10-25,,,,,,,,,,,2023,,298,,,,0,,неизвестно
EXT-ZGD-0003,2023-10-26,,,,,,,,,,,2023,,299,,,,0,,неизвестно
EXT-ZGD-0003,2023-10-27,,,,,,,,,,,2023,,300,,,,0,,неизвестно
EXT-ZGD-0003,2023-10-28,,,,,,,,,,,2023,,301,,,,0,,неизвестно
EXT-ZGD-0003,2023-10-29,,,,,,,,,,,2023,,302,,,,0,,неизвестно
EXT-ZGD-0003,2023-10-30,,,,,,,,,,,2023,,303,,,,0,,неизвестно
EXT-ZGD-0003,2024-04-01,,,,,,,,,,,2024,,92,,,,0,,неизвестно
EXT-ZGD-0003,2024-04-02,,,,,,,,,,,2024,,93,,,,0,,неизвестно
EXT-ZGD-0003,2024-04-03,,,,,,,,,,,2024,,94,,,,0,,неизвестно
EXT-ZGD-0003,2024-04-04,0.4433074957644755,0.1701412933491298,-0.478479933149045,,,,,,,,2024,0.4433074957644755,95,0.5141807845512012,0.18213566341854848,-0.3891236205830739,4,Штатное развитие,неизвестно
EXT-ZGD-0003,2024-04-05,,,,,,,,,,,2024,,96,,,,0,,неизвестно
EXT-ZGD-0003,2024-04-06,,,,,,,,,,,2024,,97,,,,0,,неизвестно
EXT-ZGD-0003,2024-04-07,,,,,,,,,,,2024,,98,,,,0,,неизвестно
EXT-ZGD-0003,2024-04-08,,,,,,,,,,,2024,,99,,,,0,,неизвестно
EXT-ZGD-0003,2024-04-09,0.4804329730782704,0.2598334724987412,-0.48729583896168405,,,,,,,,2024,0.4804329730782704,100,0.5268121686373547,0.17539635537655754,-0.2644250814648518,4,Штатное развитие,неизвестно
EXT-ZGD-0003,2024-04-10,,,,,,,,,,,2024,,101,,,,0,,неизвестно
EXT-ZGD-0003,2024-04-11,,,,,,,,,,,2024,,102,,,,0,,неизвестно
EXT-ZGD-0003,2024-04-12,,,,,,,,,,,2024,,103,,,,0,,неизвестно
EXT-ZGD-0003,2024-04-13,,,,,,,,,,,2024,,104,,,,0,,неизвестно
EXT-ZGD-0003,2024-04-14,,,,,,,,,,,2024,,105,,,,0,,неизвестно
EXT-ZGD-0003,2024-04-15,,,,,,,,,,,2024,,106,,,,0,,неизвестно
EXT-ZGD-0003,2024-04-16,,,,,,,,,,,2024,,107,,,,0,,неизвестно
EXT-ZGD-0003,2024-04-17,,,,,,,,,,,2024,,108,,,,0,,неизвестно
EXT-ZGD-0003,2024-04-18,,,,,,,,,,,2024,,109,,,,0,,неизвестно
EXT-ZGD-0003,2024-04-19,,,,,,,,,,,2024,,110,,,,0,,неизвестно
EXT-ZGD-0003,2024-04-20,,,,,,,,,,,2024,,111,,,,0,,неизвестно
EXT-ZGD-0003,2024-04-21,,,,,,,,,,,2024,,112,,,,0,,неизвестно
EXT-ZGD-0003,2024-04-22,,,,,,,,,,,2024,,113,,,,0,,неизвестно
EXT-ZGD-0003,2024-04-23,,,,,,,,,,,2024,,114,,,,0,,неизвестно
EXT-ZGD-0003,2024-04-24,,,,,,,,,,,2024,,115,,,,0,,неизвестно
EXT-ZGD-0003,2024-04-25,,,,,,,,,,,2024,,116,,,,0,,неизвестно
EXT-ZGD-0003,2024-04-26,,,,,,,,,,,2024,,117,,,,0,,неизвестно
EXT-ZGD-0003,2024-04-27,,,,,,,,,,,2024,,118,,,,0,,неизвестно
EXT-ZGD-0003,2024-04-28,,,,,,,,,,,2024,,119,,,,0,,неизвестно
EXT-ZGD-0003,2024-04-29,,,,,,,,,,,2024,,120,,,,0,,неизвестно
EXT-ZGD-0003,2024-04-30,,,,,,,,,,,2024,,121,,,,0,,неизвестно
EXT-ZGD-0003,2024-05-01,,,,,,,,,,,2024,,122,,,,0,,неизвестно
EXT-ZGD-0003,2024-05-02,,,,,,,,,,,2024,,123,,,,0,,неизвестно
EXT-ZGD-0003,2024-05-03,,,,,,,,,,,2024,,124,,,,0,,неизвестно
EXT-ZGD-0003,2024-05-04,0.6962856978392542,0.42193118397555585,-0.6445100355262631,,,,,,,,2024,0.6962856978392542,125,0.5811278897908372,0.26121775780503365,0.44084984503376645,5,Штатное развитие,неизвестно
EXT-ZGD-0003,2024-05-05,,,,,,,,,,,2024,,126,,,,0,,неизвестно
EXT-ZGD-0003,2024-05-06,,,,,,,,,,,2024,,127,,,,0,,неизвестно
EXT-ZGD-0003,2024-05-07,,,,,,,,,,,2024,,128,,,,0,,неизвестно
EXT-ZGD-0003,2024-05-08,,,,,,,,,,,2024,,129,,,,0,,неизвестно
EXT-ZGD-0003,2024-05-09,,,,,,,,,,,2024,,130,,,,0,,неизвестно
EXT-ZGD-0003,2024-05-10,,,,,,,,,,,2024,,131,,,,0,,неизвестно
EXT-ZGD-0003,2024-05-11,,,,,,,,,,,2024,,132,,,,0,,неизвестно
EXT-ZGD-0003,2024-05-12,,,,,,,,,,,2024,,133,,,,0,,неизвестно
EXT-ZGD-0003,2024-05-13,,,,,,,,,,,2024,,134,,,,0,,неизвестно
EXT-ZGD-0003,2024-05-14,,,,,,,,,,,2024,,135,,,,0,,неизвестно
EXT-ZGD-0003,2024-05-15,,,,,,,,,,,2024,,136,,,,0,,неизвестно
EXT-ZGD-0003,2024-05-16,,,,,,,,,,,2024,,137,,,,0,,неизвестно
EXT-ZGD-0003,2024-05-17,,,,,,,,,,,2024,,138,,,,0,,неизвестно
EXT-ZGD-0003,2024-05-18,,,,,,,,,,,2024,,139,,,,0,,неизвестно
EXT-ZGD-0003,2024-05-19,,,,,,,,,,,2024,,140,,,,0,,неизвестно
EXT-ZGD-0003,2024-05-20,,,,,,,,,,,2024,,141,,,,0,,неизвестно
EXT-ZGD-0003,2024-05-21,,,,,,,,,,,2024,,142,,,,0,,неизвестно
EXT-ZGD-0003,2024-05-22,,,,,,,,,,,2024,,143,,,,0,,неизвестно
EXT-ZGD-0003,2024-05-23,,,,,,,,,,,2024,,144,,,,0,,неизвестно
EXT-ZGD-0003,2024-05-24,0.6699255628565735,0.41302327301770086,-0.6328932135969108,,,,,,,,2024,0.6699255628565735,145,0.659294910363549,0.23237204713376192,0.04574841347808509,5,Штатное развитие,неизвестно
EXT-ZGD-0003,2024-05-25,,,,,,,,,,,2024,,146,,,,0,,неизвестно
EXT-ZGD-0003,2024-05-26,,,,,,,,,,,2024,,147,,,,0,,неизвестно
EXT-ZGD-0003,2024-05-27,,,,,,,,,,,2024,,148,,,,0,,неизвестно
EXT-ZGD-0003,2024-05-28,,,,,,,,,,,2024,,149,,,,0,,неизвестно
EXT-ZGD-0003,2024-05-29,,,,,,,,,,,2024,,150,,,,0,,неизвестно
EXT-ZGD-0003,2024-05-30,,,,,,,,,,,2024,,151,,,,0,,неизвестно
EXT-ZGD-0003,2024-05-31,,,,,,,,,,,2024,,152,,,,0,,неизвестно
EXT-ZGD-0003,2024-06-01,,,,,,,,,,,2024,,153,,,,0,,неизвестно
EXT-ZGD-0003,2024-06-02,,,,,,,,,,,2024,,154,,,,0,,неизвестно
EXT-ZGD-0003,2024-06-03,0.5913929521397531,0.34370195637534295,-0.5995293580850241,,,,,,,,2024,0.5913929521397531,155,0.6508641145344457,0.22159362028501756,-0.26837939791858534,5,Штатное развитие,неизвестно
EXT-ZGD-0003,2024-06-04,,,,,,,,,,,2024,,156,,,,0,,неизвестно
EXT-ZGD-0003,2024-06-05,,,,,,,,,,,2024,,157,,,,0,,неизвестно
EXT-ZGD-0003,2024-06-06,,,,,,,,,,,2024,,158,,,,0,,неизвестно
EXT-ZGD-0003,2024-06-07,,,,,,,,,,,2024,,159,,,,0,,неизвестно
EXT-ZGD-0003,2024-06-08,,,,,,,,,,,2024,,160,,,,0,,неизвестно
EXT-ZGD-0003,2024-06-09,,,,,,,,,,,2024,,161,,,,0,,неизвестно
EXT-ZGD-0003,2024-06-10,,,,,,,,,,,2024,,162,,,,0,,неизвестно
EXT-ZGD-0003,2024-06-11,,,,,,,,,,,2024,,163,,,,0,,неизвестно
EXT-ZGD-0003,2024-06-12,,,,,,,,,,,2024,,164,,,,0,,неизвестно
EXT-ZGD-0003,2024-06-13,0.35164964857547,0.20904980958173341,-0.45600939576466537,,,,,,,,2024,0.35164964857547,165,0.5901822487262159,0.2424919340736068,-0.9836723067182143,5,Штатное развитие,неизвестно
EXT-ZGD-0003,2024-06-14,,,,,,,,,,,2024,,166,,,,0,,неизвестно
EXT-ZGD-0003,2024-06-15,,,,,,,,,,,2024,,167,,,,0,,неизвестно
EXT-ZGD-0003,2024-06-16,,,,,,,,,,,2024,,168,,,,0,,неизвестно
EXT-ZGD-0003,2024-06-17,,,,,,,,,,,2024,,169,,,,0,,неизвестно
EXT-ZGD-0003,2024-06-18,,,,,,,,,,,2024,,170,,,,0,,неизвестно
EXT-ZGD-0003,2024-06-19,,,,,,,,,,,2024,,171,,,,0,,неизвестно
EXT-ZGD-0003,2024-06-20,,,,,,,,,,,2024,,172,,,,0,,неизвестно
EXT-ZGD-0003,2024-06-21,,,,,,,,,,,2024,,173,,,,0,,неизвестно
EXT-ZGD-0003,2024-06-22,,,,,,,,,,,2024,,174,,,,0,,неизвестно
EXT-ZGD-0003,2024-06-23,0.2285055611495206,0.12204682093662705,-0.3915755184710479,,,,,,,,2024,0.2285055611495206,175,0.5598640686174509,0.23837457865948908,-1.3900748533310088,5,Угнетение биомассы,неизвестно
EXT-ZGD-0003,2024-06-24,,,,,,,,,,,2024,,176,,,,0,,неизвестно
EXT-ZGD-0003,2024-06-25,,,,,,,,,,,2024,,177,,,,0,,неизвестно
EXT-ZGD-0003,2024-06-26,,,,,,,,,,,2024,,178,,,,0,,неизвестно
EXT-ZGD-0003,2024-06-27,,,,,,,,,,,2024,,179,,,,0,,неизвестно
EXT-ZGD-0003,2024-06-28,,,,,,,,,,,2024,,180,,,,0,,неизвестно
EXT-ZGD-0003,2024-06-29,,,,,,,,,,,2024,,181,,,,0,,неизвестно
EXT-ZGD-0003,2024-06-30,,,,,,,,,,,2024,,182,,,,0,,неизвестно
EXT-ZGD-0003,2024-07-01,,,,,,,,,,,2024,,183,,,,0,,неизвестно
EXT-ZGD-0003,2024-07-02,,,,,,,,,,,2024,,184,,,,0,,неизвестно
EXT-ZGD-0003,2024-07-03,0.1835809438207551,0.1054485744988797,-0.3602997735811305,,,,,,,,2024,0.1835809438207551,185,0.4548681778553593,0.24983068770740016,-1.0858843504138842,5,Угнетение биомассы,неизвестно
EXT-ZGD-0003,2024-07-04,,,,,,,,,,,2024,,186,,,,0,,неизвестно
EXT-ZGD-0003,2024-07-05,,,,,,,,,,,2024,,187,,,,0,,неизвестно
EXT-ZGD-0003,2024-07-06,,,,,,,,,,,2024,,188,,,,0,,неизвестно
EXT-ZGD-0003,2024-07-07,,,,,,,,,,,2024,,189,,,,0,,неизвестно
EXT-ZGD-0003,2024-07-08,,,,,,,,,,,2024,,190,,,,0,,неизвестно
EXT-ZGD-0003,2024-07-09,,,,,,,,,,,2024,,191,,,,0,,неизвестно
EXT-ZGD-0003,2024-07-10,,,,,,,,,,,2024,,192,,,,0,,неизвестно
EXT-ZGD-0003,2024-07-11,,,,,,,,,,,2024,,193,,,,0,,неизвестно
EXT-ZGD-0003,2024-07-12,,,,,,,,,,,2024,,194,,,,0,,неизвестно
EXT-ZGD-0003,2024-07-13,0.1561820855942608,0.12699067256319074,-0.32020638917072053,,,,,,,,2024,0.1561820855942608,195,0.38421370606675836,0.23596098115816466,-0.966395458067908,5,Штатное развитие,неизвестно
EXT-ZGD-0003,2024-07-14,,,,,,,,,,,2024,,196,,,,0,,неизвестно
EXT-ZGD-0003,2024-07-15,,,,,,,,,,,2024,,197,,,,0,,неизвестно
EXT-ZGD-0003,2024-07-16,,,,,,,,,,,2024,,198,,,,0,,неизвестно
EXT-ZGD-0003,2024-07-17,,,,,,,,,,,2024,,199,,,,0,,неизвестно
EXT-ZGD-0003,2024-07-18,0.13273988584099794,0.1094122669651916,-0.3027419375164925,,,,,,,,2024,0.13273988584099794,200,0.3931634247440451,0.21960585253739226,-1.1858679351849462,5,Угнетение биомассы,неизвестно
EXT-ZGD-0003,2024-07-19,,,,,,,,,,,2024,,201,,,,0,,неизвестно
EXT-ZGD-0003,2024-07-20,,,,,,,,,,,2024,,202,,,,0,,неизвестно
EXT-ZGD-0003,2024-07-21,,,,,,,,,,,2024,,203,,,,0,,неизвестно
EXT-ZGD-0003,2024-07-22,,,,,,,,,,,2024,,204,,,,0,,неизвестно
EXT-ZGD-0003,2024-07-23,,,,,,,,,,,2024,,205,,,,0,,неизвестно
EXT-ZGD-0003,2024-07-24,,,,,,,,,,,2024,,206,,,,0,,неизвестно
EXT-ZGD-0003,2024-07-25,,,,,,,,,,,2024,,207,,,,0,,неизвестно
EXT-ZGD-0003,2024-07-26,,,,,,,,,,,2024,,208,,,,0,,неизвестно
EXT-ZGD-0003,2024-07-27,,,,,,,,,,,2024,,209,,,,0,,неизвестно
EXT-ZGD-0003,2024-07-28,0.1776880631723695,0.1454906515542978,-0.3115921093985723,,,,,,,,2024,0.1776880631723695,210,0.42966211585021047,0.20301944913629555,-1.2411325799070618,5,Угнетение биомассы,неизвестно
EXT-ZGD-0003,2024-07-29,,,,,,,,,,,2024,,211,,,,0,,неизвестно
EXT-ZGD-0003,2024-07-30,,,,,,,,,,,2024,,212,,,,0,,неизвестно
EXT-ZGD-0003,2024-07-31,,,,,,,,,,,2024,,213,,,,0,,неизвестно
EXT-ZGD-0003,2024-08-01,,,,,,,,,,,2024,,214,,,,0,,неизвестно
EXT-ZGD-0003,2024-08-02,,,,,,,,,,,2024,,215,,,,0,,неизвестно
EXT-ZGD-0003,2024-08-03,,,,,,,,,,,2024,,216,,,,0,,неизвестно
EXT-ZGD-0003,2024-08-04,,,,,,,,,,,2024,,217,,,,0,,неизвестно
EXT-ZGD-0003,2024-08-05,,,,,,,,,,,2024,,218,,,,0,,неизвестно
EXT-ZGD-0003,2024-08-06,,,,,,,,,,,2024,,219,,,,0,,неизвестно
EXT-ZGD-0003,2024-08-07,,,,,,,,,,,2024,,220,,,,0,,неизвестно
EXT-ZGD-0003,2024-08-08,,,,,,,,,,,2024,,221,,,,0,,неизвестно
EXT-ZGD-0003,2024-08-09,,,,,,,,,,,2024,,222,,,,0,,неизвестно
EXT-ZGD-0003,2024-08-10,,,,,,,,,,,2024,,223,,,,0,,неизвестно
EXT-ZGD-0003,2024-08-11,,,,,,,,,,,2024,,224,,,,0,,неизвестно
EXT-ZGD-0003,2024-08-12,0.12687106221108904,0.06473441744000835,-0.263700780128166,,,,,,,,2024,0.12687106221108904,225,0.371786020773382,0.148226591013933,-1.6523010944727956,5,Угнетение биомассы,неизвестно
EXT-ZGD-0003,2024-08-13,,,,,,,,,,,2024,,226,,,,0,,неизвестно
EXT-ZGD-0003,2024-08-14,,,,,,,,,,,2024,,227,,,,0,,неизвестно
EXT-ZGD-0003,2024-08-15,,,,,,,,,,,2024,,228,,,,0,,неизвестно
EXT-ZGD-0003,2024-08-16,,,,,,,,,,,2024,,229,,,,0,,неизвестно
EXT-ZGD-0003,2024-08-17,0.13666725298925492,0.070243945492376,-0.26756863304132583,,,,,,,,2024,0.13666725298925492,230,0.36052855344164214,0.1256213485207415,-1.7820322985581165,5,Угнетение биомассы,неизвестно
EXT-ZGD-0003,2024-08-18,,,,,,,,,,,2024,,231,,,,0,,неизвестно
EXT-ZGD-0003,2024-08-19,,,,,,,,,,,2024,,232,,,,0,,неизвестно
EXT-ZGD-0003,2024-08-20,,,,,,,,,,,2024,,233,,,,0,,неизвестно
EXT-ZGD-0003,2024-08-21,,,,,,,,,,,2024,,234,,,,0,,неизвестно
EXT-ZGD-0003,2024-08-22,0.12895938702821155,0.06540195382665501,-0.2548536236271526,,,,,,,,2024,0.12895938702821155,235,0.35366117058116237,0.12575521675753062,-1.7868187845137244,5,Угнетение биомассы,неизвестно
EXT-ZGD-0003,2024-08-23,,,,,,,,,,,2024,,236,,,,0,,неизвестно
EXT-ZGD-0003,2024-08-24,,,,,,,,,,,2024,,237,,,,0,,неизвестно
EXT-ZGD-0003,2024-08-25,,,,,,,,,,,2024,,238,,,,0,,неизвестно
EXT-ZGD-0003,2024-08-26,,,,,,,,,,,2024,,239,,,,0,,неизвестно
EXT-ZGD-0003,2024-08-27,,,,,,,,,,,2024,,240,,,,0,,неизвестно
EXT-ZGD-0003,2024-08-28,,,,,,,,,,,2024,,241,,,,0,,неизвестно
EXT-ZGD-0003,2024-08-29,,,,,,,,,,,2024,,242,,,,0,,неизвестно
EXT-ZGD-0003,2024-08-30,,,,,,,,,,,2024,,243,,,,0,,неизвестно
EXT-ZGD-0003,2024-08-31,,,,,,,,,,,2024,,244,,,,0,,неизвестно
EXT-ZGD-0003,2024-09-01,0.13461950891778235,0.07127660279605914,-0.26857757181478137,,,,,,,,2024,0.13461950891778235,245,0.3158818154510816,0.11449034110076034,-1.583210468154466,5,Угнетение биомассы,неизвестно
EXT-ZGD-0003,2024-09-02,,,,,,,,,,,2024,,246,,,,0,,неизвестно
EXT-ZGD-0003,2024-09-03,,,,,,,,,,,2024,,247,,,,0,,неизвестно
EXT-ZGD-0003,2024-09-04,,,,,,,,,,,2024,,248,,,,0,,неизвестно
EXT-ZGD-0003,2024-09-05,,,,,,,,,,,2024,,249,,,,0,,неизвестно
EXT-ZGD-0003,2024-09-06,0.1566633425818208,0.0800142999938122,-0.2861358792399221,,,,,,,,2024,0.1566633425818208,250,0.2827276179419404,0.10928865660261255,-1.1534982612011175,5,Угнетение биомассы,неизвестно
EXT-ZGD-0003,2024-09-07,,,,,,,,,,,2024,,251,,,,0,,неизвестно
EXT-ZGD-0003,2024-09-08,,,,,,,,,,,2024,,252,,,,0,,неизвестно
EXT-ZGD-0003,2024-09-09,,,,,,,,,,,2024,,253,,,,0,,неизвестно
EXT-ZGD-0003,2024-09-10,,,,,,,,,,,2024,,254,,,,0,,неизвестно
EXT-ZGD-0003,2024-09-11,0.13474913271249994,0.06342086887963036,-0.2587711785639226,,,,,,,,2024,0.13474913271249994,255,0.25270463561692635,0.09333520102480827,-1.2637836701404235,5,Угнетение биомассы,неизвестно
EXT-ZGD-0003,2024-09-12,,,,,,,,,,,2024,,256,,,,0,,неизвестно
EXT-ZGD-0003,2024-09-13,,,,,,,,,,,2024,,257,,,,0,,неизвестно
EXT-ZGD-0003,2024-09-14,,,,,,,,,,,2024,,258,,,,0,,неизвестно
EXT-ZGD-0003,2024-09-15,,,,,,,,,,,2024,,259,,,,0,,неизвестно
EXT-ZGD-0003,2024-09-16,0.1484655261803011,0.07316868013469335,-0.2733954956379776,,,,,,,,2024,0.1484655261803011,260,0.23418427197503247,0.07455857723867669,-1.1496832285349114,5,Угнетение биомассы,неизвестно
EXT-ZGD-0003,2024-09-17,,,,,,,,,,,2024,,261,,,,0,,неизвестно
EXT-ZGD-0003,2024-09-18,,,,,,,,,,,2024,,262,,,,0,,неизвестно
EXT-ZGD-0003,2024-09-19,,,,,,,,,,,2024,,263,,,,0,,неизвестно
EXT-ZGD-0003,2024-09-20,,,,,,,,,,,2024,,264,,,,0,,неизвестно
EXT-ZGD-0003,2024-09-21,0.1386485853342983,0.06539342049416445,-0.26847252659857257,,,,,,,,2024,0.1386485853342983,265,0.22566615013403554,0.06799577000764156,-1.2797496783984939,5,Угнетение биомассы,неизвестно
EXT-ZGD-0003,2024-09-22,,,,,,,,,,,2024,,266,,,,0,,неизвестно
EXT-ZGD-0003,2024-09-23,,,,,,,,,,,2024,,267,,,,0,,неизвестно
EXT-ZGD-0003,2024-09-24,,,,,,,,,,,2024,,268,,,,0,,неизвестно
EXT-ZGD-0003,2024-09-25,,,,,,,,,,,2024,,269,,,,0,,неизвестно
EXT-ZGD-0003,2024-09-26,0.13229922055727,0.06337677576861994,-0.26660680578753904,,,,,,,,2024,0.13229922055727,270,0.22546409830186767,0.05853265135390512,-1.591673631547907,5,Угнетение биомассы,неизвестно
EXT-ZGD-0003,2024-09-27,,,,,,,,,,,2024,,271,,,,0,,неизвестно
EXT-ZGD-0003,2024-09-28,,,,,,,,,,,2024,,272,,,,0,,неизвестно
EXT-ZGD-0003,2024-09-29,,,,,,,,,,,2024,,273,,,,0,,неизвестно
EXT-ZGD-0003,2024-09-30,,,,,,,,,,,2024,,274,,,,0,,неизвестно
EXT-ZGD-0003,2024-10-01,0.14450275707338917,0.07126045734843015,-0.2832240450225608,,,,,,,,2024,0.14450275707338917,275,0.2160186929756784,0.054096868630895384,-1.3219976999083756,5,Угнетение биомассы,неизвестно
EXT-ZGD-0003,2024-10-02,,,,,,,,,,,2024,,276,,,,0,,неизвестно
EXT-ZGD-0003,2024-10-03,,,,,,,,,,,2024,,277,,,,0,,неизвестно
EXT-ZGD-0003,2024-10-04,,,,,,,,,,,2024,,278,,,,0,,неизвестно
EXT-ZGD-0003,2024-10-05,,,,,,,,,,,2024,,279,,,,0,,неизвестно
EXT-ZGD-0003,2024-10-06,0.1425480398113924,0.0692949068490892,-0.279294554623702,,,,,,,,2024,0.1425480398113924,280,0.21304682009044965,0.04858091838026425,-1.451161950608513,5,Угнетение биомассы,неизвестно
EXT-ZGD-0003,2024-10-07,,,,,,,,,,,2024,,281,,,,0,,неизвестно
EXT-ZGD-0003,2024-10-08,,,,,,,,,,,2024,,282,,,,0,,неизвестно
EXT-ZGD-0003,2024-10-09,,,,,,,,,,,2024,,283,,,,0,,неизвестно
EXT-ZGD-0003,2024-10-10,,,,,,,,,,,2024,,284,,,,0,,неизвестно
EXT-ZGD-0003,2024-10-11,0.1298998558408527,0.0615026238952784,-0.26163090774685027,,,,,,,,2024,0.1298998558408527,285,0.2091798857819211,0.045446214812984866,-1.7444803767995338,5,Угнетение биомассы,неизвестно
EXT-ZGD-0003,2024-10-12,,,,,,,,,,,2024,,286,,,,0,,неизвестно
EXT-ZGD-0003,2024-10-13,,,,,,,,,,,2024,,287,,,,0,,неизвестно
EXT-ZGD-0003,2024-10-14,,,,,,,,,,,2024,,288,,,,0,,неизвестно
EXT-ZGD-0003,2024-10-15,,,,,,,,,,,2024,,289,,,,0,,неизвестно
EXT-ZGD-0003,2024-10-16,0.1230878029792562,0.0772464776228769,-0.2039972998674741,,,,,,,,2024,0.1230878029792562,290,0.20750501929121756,0.04129491860734814,-2.044251911830622,5,Критическая аномалия,неизвестно
EXT-ZGD-0003,2024-10-17,,,,,,,,,,,2024,,291,,,,0,,неизвестно
EXT-ZGD-0003,2024-10-18,,,,,,,,,,,2024,,292,,,,0,,неизвестно
EXT-ZGD-0003,2024-10-19,,,,,,,,,,,2024,,293,,,,0,,неизвестно
EXT-ZGD-0003,2024-10-20,,,,,,,,,,,2024,,294,,,,0,,неизвестно
EXT-ZGD-0003,2024-10-21,,,,,,,,,,,2024,,295,,,,0,,неизвестно
EXT-ZGD-0003,2024-10-22,,,,,,,,,,,2024,,296,,,,0,,неизвестно
EXT-ZGD-0003,2024-10-23,,,,,,,,,,,2024,,297,,,,0,,неизвестно
EXT-ZGD-0003,2024-10-24,,,,,,,,,,,2024,,298,,,,0,,неизвестно
EXT-ZGD-0003,2024-10-25,,,,,,,,,,,2024,,299,,,,0,,неизвестно
EXT-ZGD-0003,2024-10-26,0.1592145628657971,0.06982208034316906,-0.2836692229450752,,,,,,,,2024,0.1592145628657971,300,0.21409393441923866,0.041503783627956245,-1.3222739412238969,5,Угнетение биомассы,неизвестно
EXT-ZGD-0003,2024-10-27,,,,,,,,,,,2024,,301,,,,0,,неизвестно
EXT-ZGD-0003,2024-10-28,,,,,,,,,,,2024,,302,,,,0,,неизвестно
EXT-ZGD-0003,2024-10-29,,,,,,,,,,,2024,,303,,,,0,,неизвестно
EXT-ZGD-0003,2024-10-30,,,,,,,,,,,2024,,304,,,,0,,неизвестно
EXT-ZGD-0004,2019-04-01,0.4233664825759255,0.21895329519556067,-0.46944847383736704,,,,,,,,2019,0.4233664825759255,91,0.28833334671090494,0.1053729535015761,1.2814781343582708,3,Штатное развитие,неизвестно
EXT-ZGD-0004,2019-04-02,,,,,,,,,,,2019,,92,,,,0,,неизвестно
EXT-ZGD-0004,2019-04-03,,,,,,,,,,,2019,,93,,,,0,,неизвестно
EXT-ZGD-0004,2019-04-04,,,,,,,,,,,2019,,94,,,,0,,неизвестно
EXT-ZGD-0004,2019-04-05,,,,,,,,,,,2019,,95,,,,0,,неизвестно
EXT-ZGD-0004,2019-04-06,0.4194928077428132,0.2568878642061479,-0.4311909110057556,,,,,,,,2019,0.4194928077428132,96,0.3574622863356086,0.14453291981938243,0.4291791896595039,4,Штатное развитие,неизвестно
EXT-ZGD-0004,2019-04-07,,,,,,,,,,,2019,,97,,,,0,,неизвестно
EXT-ZGD-0004,2019-04-08,,,,,,,,,,,2019,,98,,,,0,,неизвестно
EXT-ZGD-0004,2019-04-09,,,,,,,,,,,2019,,99,,,,0,,неизвестно
EXT-ZGD-0004,2019-04-10,,,,,,,,,,,2019,,100,,,,0,,неизвестно
EXT-ZGD-0004,2019-04-11,,,,,,,,,,,2019,,101,,,,0,,неизвестно
EXT-ZGD-0004,2019-04-12,,,,,,,,,,,2019,,102,,,,0,,неизвестно
EXT-ZGD-0004,2019-04-13,,,,,,,,,,,2019,,103,,,,0,,неизвестно
EXT-ZGD-0004,2019-04-14,,,,,,,,,,,2019,,104,,,,0,,неизвестно
EXT-ZGD-0004,2019-04-15,,,,,,,,,,,2019,,105,,,,0,,неизвестно
EXT-ZGD-0004,2019-04-16,,,,,,,,,,,2019,,106,,,,0,,неизвестно
EXT-ZGD-0004,2019-04-17,,,,,,,,,,,2019,,107,,,,0,,неизвестно
EXT-ZGD-0004,2019-04-18,,,,,,,,,,,2019,,108,,,,0,,неизвестно
EXT-ZGD-0004,2019-04-19,,,,,,,,,,,2019,,109,,,,0,,неизвестно
EXT-ZGD-0004,2019-04-20,,,,,,,,,,,2019,,110,,,,0,,неизвестно
EXT-ZGD-0004,2019-04-21,0.5194846150457662,0.3247437519465844,-0.5326757686406851,,,,,,,,2019,0.5194846150457662,111,0.422956086285341,0.1432328501519976,0.6739273054888584,5,Штатное развитие,неизвестно
EXT-ZGD-0004,2019-04-22,,,,,,,,,,,2019,,112,,,,0,,неизвестно
EXT-ZGD-0004,2019-04-23,,,,,,,,,,,2019,,113,,,,0,,неизвестно
EXT-ZGD-0004,2019-04-24,,,,,,,,,,,2019,,114,,,,0,,неизвестно
EXT-ZGD-0004,2019-04-25,,,,,,,,,,,2019,,115,,,,0,,неизвестно
EXT-ZGD-0004,2019-04-26,0.5116985363516636,0.3514480925167771,-0.5121995499432168,,,,,,,,2019,0.5116985363516636,116,0.46612434218886445,0.16079062239664094,0.2834381351567631,5,Штатное развитие,неизвестно
EXT-ZGD-0004,2019-04-27,,,,,,,,,,,2019,,117,,,,0,,неизвестно
EXT-ZGD-0004,2019-04-28,,,,,,,,,,,2019,,118,,,,0,,неизвестно
EXT-ZGD-0004,2019-04-29,,,,,,,,,,,2019,,119,,,,0,,неизвестно
EXT-ZGD-0004,2019-04-30,,,,,,,,,,,2019,,120,,,,0,,неизвестно
EXT-ZGD-0004,2019-05-01,,,,,,,,,,,2019,,121,,,,0,,неизвестно
EXT-ZGD-0004,2019-05-02,,,,,,,,,,,2019,,122,,,,0,,неизвестно
EXT-ZGD-0004,2019-05-03,,,,,,,,,,,2019,,123,,,,0,,неизвестно
EXT-ZGD-0004,2019-05-04,,,,,,,,,,,2019,,124,,,,0,,неизвестно
EXT-ZGD-0004,2019-05-05,,,,,,,,,,,2019,,125,,,,0,,неизвестно
EXT-ZGD-0004,2019-05-06,0.5964177753566269,0.4551646772504942,-0.5819453274699449,,,,,,,,2019,0.5964177753566269,126,0.5346246057683705,0.16106533290826747,0.3836528225689005,5,Штатное развитие,неизвестно
EXT-ZGD-0004,2019-05-07,,,,,,,,,,,2019,,127,,,,0,,неизвестно
EXT-ZGD-0004,2019-05-08,,,,,,,,,,,2019,,128,,,,0,,неизвестно
EXT-ZGD-0004,2019-05-09,,,,,,,,,,,2019,,129,,,,0,,неизвестно
EXT-ZGD-0004,2019-05-10,,,,,,,,,,,2019,,130,,,,0,,неизвестно
EXT-ZGD-0004,2019-05-11,0.5684404606958869,0.43932758936007577,-0.5683049593197027,,,,,,,,2019,0.5684404606958869,131,0.5737633088542935,0.1209522616559862,-0.04400784314017924,5,Штатное развитие,неизвестно
EXT-ZGD-0004,2019-05-12,,,,,,,,,,,2019,,132,,,,0,,неизвестно
EXT-ZGD-0004,2019-05-13,,,,,,,,,,,2019,,133,,,,0,,неизвестно
EXT-ZGD-0004,2019-05-14,,,,,,,,,,,2019,,134,,,,0,,неизвестно
EXT-ZGD-0004,2019-05-15,,,,,,,,,,,2019,,135,,,,0,,неизвестно
EXT-ZGD-0004,2019-05-16,0.5547109178263422,0.42382895080632743,-0.5682705094826281,,,,,,,,2019,0.5547109178263422,136,0.5801086419135257,0.141277371213856,-0.179772060231346,5,Штатное развитие,неизвестно
EXT-ZGD-0004,2019-05-17,,,,,,,,,,,2019,,137,,,,0,,неизвестно
EXT-ZGD-0004,2019-05-18,,,,,,,,,,,2019,,138,,,,0,,неизвестно
EXT-ZGD-0004,2019-05-19,,,,,,,,,,,2019,,139,,,,0,,неизвестно
EXT-ZGD-0004,2019-05-20,,,,,,,,,,,2019,,140,,,,0,,неизвестно
EXT-ZGD-0004,2019-05-21,0.5489458402760883,0.3905044678552319,-0.5682242012420573,,,,,,,,2019,0.5489458402760883,141,0.593407341071996,0.15149521935378074,-0.2934845138055383,5,Штатное развитие,неизвестно
EXT-ZGD-0004,2019-05-22,,,,,,,,,,,2019,,142,,,,0,,неизвестно
EXT-ZGD-0004,2019-05-23,,,,,,,,,,,2019,,143,,,,0,,неизвестно
EXT-ZGD-0004,2019-05-24,,,,,,,,,,,2019,,144,,,,0,,неизвестно
EXT-ZGD-0004,2019-05-25,,,,,,,,,,,2019,,145,,,,0,,неизвестно
EXT-ZGD-0004,2019-05-26,,,,,,,,,,,2019,,146,,,,0,,неизвестно
EXT-ZGD-0004,2019-05-27,,,,,,,,,,,2019,,147,,,,0,,неизвестно
EXT-ZGD-0004,2019-05-28,,,,,,,,,,,2019,,148,,,,0,,неизвестно
EXT-ZGD-0004,2019-05-29,,,,,,,,,,,2019,,149,,,,0,,неизвестно
EXT-ZGD-0004,2019-05-30,,,,,,,,,,,2019,,150,,,,0,,неизвестно
EXT-ZGD-0004,2019-05-31,0.5292105515092955,0.3396867162594949,-0.5349585075102955,,,,,,,,2019,0.5292105515092955,151,0.6226440325515913,0.18682727587500514,-0.5001062109625067,5,Штатное развитие,неизвестно
EXT-ZGD-0004,2019-06-01,,,,,,,,,,,2019,,152,,,,0,,неизвестно
EXT-ZGD-0004,2019-06-02,,,,,,,,,,,2019,,153,,,,0,,неизвестно
EXT-ZGD-0004,2019-06-03,,,,,,,,,,,2019,,154,,,,0,,неизвестно
EXT-ZGD-0004,2019-06-04,,,,,,,,,,,2019,,155,,,,0,,неизвестно
EXT-ZGD-0004,2019-06-05,0.4882255123173754,0.3161983927942137,-0.4979877648689799,,,,,,,,2019,0.4882255123173754,156,0.6062196453556875,0.20685038605620445,-0.5704322592187538,5,Штатное развитие,неизвестно
EXT-ZGD-0004,2019-06-06,,,,,,,,,,,2019,,157,,,,0,,неизвестно
EXT-ZGD-0004,2019-06-07,,,,,,,,,,,2019,,158,,,,0,,неизвестно
EXT-ZGD-0004,2019-06-08,,,,,,,,,,,2019,,159,,,,0,,неизвестно
EXT-ZGD-0004,2019-06-09,,,,,,,,,,,2019,,160,,,,0,,неизвестно
EXT-ZGD-0004,2019-06-10,0.4062338681144136,0.21650592621452308,-0.4784369417018709,,,,,,,,2019,0.4062338681144136,161,0.553882483669762,0.237409705713632,-0.621914824886919,5,Штатное развитие,неизвестно
EXT-ZGD-0004,2019-06-11,,,,,,,,,,,2019,,162,,,,0,,неизвестно
EXT-ZGD-0004,2019-06-12,,,,,,,,,,,2019,,163,,,,0,,неизвестно
EXT-ZGD-0004,2019-06-13,,,,,,,,,,,2019,,164,,,,0,,неизвестно
EXT-ZGD-0004,2019-06-14,,,,,,,,,,,2019,,165,,,,0,,неизвестно
EXT-ZGD-0004,2019-06-15,0.2518524614608743,0.1287727099435009,-0.4316161068959816,,,,,,,,2019,0.2518524614608743,166,0.49062728464549576,0.2541861590812447,-0.9393698856289914,5,Штатное развитие,неизвестно
EXT-ZGD-0004,2019-06-16,,,,,,,,,,,2019,,167,,,,0,,неизвестно
EXT-ZGD-0004,2019-06-17,,,,,,,,,,,2019,,168,,,,0,,неизвестно
EXT-ZGD-0004,2019-06-18,,,,,,,,,,,2019,,169,,,,0,,неизвестно
EXT-ZGD-0004,2019-06-19,,,,,,,,,,,2019,,170,,,,0,,неизвестно
EXT-ZGD-0004,2019-06-20,0.1951347464845806,0.10890422724987614,-0.3471281433340946,,,,,,,,2019,0.1951347464845806,171,0.48893215206933355,0.24804132853771899,-1.184469569312422,5,Угнетение биомассы,неизвестно
EXT-ZGD-0004,2019-06-21,,,,,,,,,,,2019,,172,,,,0,,неизвестно
EXT-ZGD-0004,2019-06-22,,,,,,,,,,,2019,,173,,,,0,,неизвестно
EXT-ZGD-0004,2019-06-23,,,,,,,,,,,2019,,174,,,,0,,неизвестно
EXT-ZGD-0004,2019-06-24,,,,,,,,,,,2019,,175,,,,0,,неизвестно
EXT-ZGD-0004,2019-06-25,0.1755297881039753,0.10949496802899786,-0.28276388940605274,,,,,,,,2019,0.1755297881039753,176,0.4635088093530428,0.24944468796921762,-1.1544804725791762,5,Угнетение биомассы,неизвестно
EXT-ZGD-0004,2019-06-26,,,,,,,,,,,2019,,177,,,,0,,неизвестно
EXT-ZGD-0004,2019-06-27,,,,,,,,,,,2019,,178,,,,0,,неизвестно
EXT-ZGD-0004,2019-06-28,,,,,,,,,,,2019,,179,,,,0,,неизвестно
EXT-ZGD-0004,2019-06-29,,,,,,,,,,,2019,,180,,,,0,,неизвестно
EXT-ZGD-0004,2019-06-30,0.16950637562367685,0.09084207484031276,-0.2942652569218283,,,,,,,,2019,0.16950637562367685,181,0.41260582574639565,0.2418840692422304,-1.0050246421118014,5,Угнетение биомассы,неизвестно
EXT-ZGD-0004,2019-07-01,,,,,,,,,,,2019,,182,,,,0,,неизвестно
EXT-ZGD-0004,2019-07-02,,,,,,,,,,,2019,,183,,,,0,,неизвестно
EXT-ZGD-0004,2019-07-03,,,,,,,,,,,2019,,184,,,,0,,неизвестно
EXT-ZGD-0004,2019-07-04,,,,,,,,,,,2019,,185,,,,0,,неизвестно
EXT-ZGD-0004,2019-07-05,0.1463558964682635,0.08415058807954981,-0.27781082607747254,,,,,,,,2019,0.1463558964682635,186,0.3647738385467353,0.2320605023151598,-0.9412111923374185,5,Штатное развитие,неизвестно
EXT-ZGD-0004,2019-07-06,,,,,,,,,,,2019,,187,,,,0,,неизвестно
EXT-ZGD-0004,2019-07-07,,,,,,,,,,,2019,,188,,,,0,,неизвестно
EXT-ZGD-0004,2019-07-08,,,,,,,,,,,2019,,189,,,,0,,неизвестно
EXT-ZGD-0004,2019-07-09,,,,,,,,,,,2019,,190,,,,0,,неизвестно
EXT-ZGD-0004,2019-07-10,,,,,,,,,,,2019,,191,,,,0,,неизвестно
EXT-ZGD-0004,2019-07-11,,,,,,,,,,,2019,,192,,,,0,,неизвестно
EXT-ZGD-0004,2019-07-12,,,,,,,,,,,2019,,193,,,,0,,неизвестно
EXT-ZGD-0004,2019-07-13,,,,,,,,,,,2019,,194,,,,0,,неизвестно
EXT-ZGD-0004,2019-07-14,,,,,,,,,,,2019,,195,,,,0,,неизвестно
EXT-ZGD-0004,2019-07-15,,,,,,,,,,,2019,,196,,,,0,,неизвестно
EXT-ZGD-0004,2019-07-16,,,,,,,,,,,2019,,197,,,,0,,неизвестно
EXT-ZGD-0004,2019-07-17,,,,,,,,,,,2019,,198,,,,0,,неизвестно
EXT-ZGD-0004,2019-07-18,,,,,,,,,,,2019,,199,,,,0,,неизвестно
EXT-ZGD-0004,2019-07-19,,,,,,,,,,,2019,,200,,,,0,,неизвестно
EXT-ZGD-0004,2019-07-20,0.15229446341664074,0.06987930604145551,-0.27736164445028266,,,,,,,,2019,0.15229446341664074,201,0.29988204487733366,0.1475605988059915,-1.0001828581268966,5,Угнетение биомассы,неизвестно
EXT-ZGD-0004,2019-07-21,,,,,,,,,,,2019,,202,,,,0,,неизвестно
EXT-ZGD-0004,2019-07-22,,,,,,,,,,,2019,,203,,,,0,,неизвестно
EXT-ZGD-0004,2019-07-23,,,,,,,,,,,2019,,204,,,,0,,неизвестно
EXT-ZGD-0004,2019-07-24,,,,,,,,,,,2019,,205,,,,0,,неизвестно
EXT-ZGD-0004,2019-07-25,,,,,,,,,,,2019,,206,,,,0,,неизвестно
EXT-ZGD-0004,2019-07-26,,,,,,,,,,,2019,,207,,,,0,,неизвестно
EXT-ZGD-0004,2019-07-27,,,,,,,,,,,2019,,208,,,,0,,неизвестно
EXT-ZGD-0004,2019-07-28,,,,,,,,,,,2019,,209,,,,0,,неизвестно
EXT-ZGD-0004,2019-07-29,,,,,,,,,,,2019,,210,,,,0,,неизвестно
EXT-ZGD-0004,2019-07-30,,,,,,,,,,,2019,,211,,,,0,,неизвестно
EXT-ZGD-0004,2019-07-31,,,,,,,,,,,2019,,212,,,,0,,неизвестно
EXT-ZGD-0004,2019-08-01,,,,,,,,,,,2019,,213,,,,0,,неизвестно
EXT-ZGD-0004,2019-08-02,,,,,,,,,,,2019,,214,,,,0,,неизвестно
EXT-ZGD-0004,2019-08-03,,,,,,,,,,,2019,,215,,,,0,,неизвестно
EXT-ZGD-0004,2019-08-04,,,,,,,,,,,2019,,216,,,,0,,неизвестно
EXT-ZGD-0004,2019-08-05,,,,,,,,,,,2019,,217,,,,0,,неизвестно
EXT-ZGD-0004,2019-08-06,,,,,,,,,,,2019,,218,,,,0,,неизвестно
EXT-ZGD-0004,2019-08-07,,,,,,,,,,,2019,,219,,,,0,,неизвестно
EXT-ZGD-0004,2019-08-08,,,,,,,,,,,2019,,220,,,,0,,неизвестно
EXT-ZGD-0004,2019-08-09,0.16206095958410793,0.06196982188309135,-0.3006927049348115,,,,,,,,2019,0.16206095958410793,221,0.29090752481056925,0.14146910763307705,-0.9107752737130828,5,Штатное развитие,неизвестно
EXT-ZGD-0004,2019-08-10,,,,,,,,,,,2019,,222,,,,0,,неизвестно
EXT-ZGD-0004,2019-08-11,,,,,,,,,,,2019,,223,,,,0,,неизвестно
EXT-ZGD-0004,2019-08-12,,,,,,,,,,,2019,,224,,,,0,,неизвестно
EXT-ZGD-0004,2019-08-13,,,,,,,,,,,2019,,225,,,,0,,неизвестно
EXT-ZGD-0004,2019-08-14,0.15821486541550656,0.06487782040108055,-0.2904698213299076,,,,,,,,2019,0.15821486541550656,226,0.28638240067779447,0.13562754362121562,-0.9449963616552532,5,Штатное развитие,неизвестно
EXT-ZGD-0004,2019-08-15,,,,,,,,,,,2019,,227,,,,0,,неизвестно
EXT-ZGD-0004,2019-08-16,,,,,,,,,,,2019,,228,,,,0,,неизвестно
EXT-ZGD-0004,2019-08-17,,,,,,,,,,,2019,,229,,,,0,,неизвестно
EXT-ZGD-0004,2019-08-18,,,,,,,,,,,2019,,230,,,,0,,неизвестно
EXT-ZGD-0004,2019-08-19,,,,,,,,,,,2019,,231,,,,0,,неизвестно
EXT-ZGD-0004,2019-08-20,,,,,,,,,,,2019,,232,,,,0,,неизвестно
EXT-ZGD-0004,2019-08-21,,,,,,,,,,,2019,,233,,,,0,,неизвестно
EXT-ZGD-0004,2019-08-22,,,,,,,,,,,2019,,234,,,,0,,неизвестно
EXT-ZGD-0004,2019-08-23,,,,,,,,,,,2019,,235,,,,0,,неизвестно
EXT-ZGD-0004,2019-08-24,0.1522065269990931,0.0660387422661651,-0.23589291400555884,,,,,,,,2019,0.1522065269990931,236,0.2656298668836745,0.12765649275062044,-0.8885042776958962,5,Штатное развитие,неизвестно
EXT-ZGD-0004,2019-08-25,,,,,,,,,,,2019,,237,,,,0,,неизвестно
EXT-ZGD-0004,2019-08-26,,,,,,,,,,,2019,,238,,,,0,,неизвестно
EXT-ZGD-0004,2019-08-27,,,,,,,,,,,2019,,239,,,,0,,неизвестно
EXT-ZGD-0004,2019-08-28,,,,,,,,,,,2019,,240,,,,0,,неизвестно
EXT-ZGD-0004,2019-08-29,0.1679149817277226,0.06539865544958405,-0.2992796736585285,,,,,,,,2019,0.1679149817277226,241,0.25093475985045055,0.12090393072186205,-0.686659049272053,5,Штатное развитие,неизвестно
EXT-ZGD-0004,2019-08-30,,,,,,,,,,,2019,,242,,,,0,,неизвестно
EXT-ZGD-0004,2019-08-31,,,,,,,,,,,2019,,243,,,,0,,неизвестно
EXT-ZGD-0004,2019-09-01,,,,,,,,,,,2019,,244,,,,0,,неизвестно
EXT-ZGD-0004,2019-09-02,,,,,,,,,,,2019,,245,,,,0,,неизвестно
EXT-ZGD-0004,2019-09-03,0.14459155139096114,0.06138772834779875,-0.25091283786609814,,,,,,,,2019,0.14459155139096114,246,0.23161180542929263,0.10319244812278952,-0.8432812247538249,5,Штатное развитие,неизвестно
EXT-ZGD-0004,2019-09-04,,,,,,,,,,,2019,,247,,,,0,,неизвестно
EXT-ZGD-0004,2019-09-05,,,,,,,,,,,2019,,248,,,,0,,неизвестно
EXT-ZGD-0004,2019-09-06,,,,,,,,,,,2019,,249,,,,0,,неизвестно
EXT-ZGD-0004,2019-09-07,,,,,,,,,,,2019,,250,,,,0,,неизвестно
EXT-ZGD-0004,2019-09-08,,,,,,,,,,,2019,,251,,,,0,,неизвестно
EXT-ZGD-0004,2019-09-09,,,,,,,,,,,2019,,252,,,,0,,неизвестно
EXT-ZGD-0004,2019-09-10,,,,,,,,,,,2019,,253,,,,0,,неизвестно
EXT-ZGD-0004,2019-09-11,,,,,,,,,,,2019,,254,,,,0,,неизвестно
EXT-ZGD-0004,2019-09-12,,,,,,,,,,,2019,,255,,,,0,,неизвестно
EXT-ZGD-0004,2019-09-13,0.16211209264907575,0.0673519287836245,-0.2763897303278321,,,,,,,,2019,0.16211209264907575,256,0.20592837807657816,0.07452174261345555,-0.5879664630868547,5,Штатное развитие,неизвестно
EXT-ZGD-0004,2019-09-14,,,,,,,,,,,2019,,257,,,,0,,неизвестно
EXT-ZGD-0004,2019-09-15,,,,,,,,,,,2019,,258,,,,0,,неизвестно
EXT-ZGD-0004,2019-09-16,,,,,,,,,,,2019,,259,,,,0,,неизвестно
EXT-ZGD-0004,2019-09-17,,,,,,,,,,,2019,,260,,,,0,,неизвестно
EXT-ZGD-0004,2019-09-18,,,,,,,,,,,2019,,261,,,,0,,неизвестно
EXT-ZGD-0004,2019-09-19,,,,,,,,,,,2019,,262,,,,0,,неизвестно
EXT-ZGD-0004,2019-09-20,,,,,,,,,,,2019,,263,,,,0,,неизвестно
EXT-ZGD-0004,2019-09-21,,,,,,,,,,,2019,,264,,,,0,,неизвестно
EXT-ZGD-0004,2019-09-22,,,,,,,,,,,2019,,265,,,,0,,неизвестно
EXT-ZGD-0004,2019-09-23,,,,,,,,,,,2019,,266,,,,0,,неизвестно
EXT-ZGD-0004,2019-09-24,,,,,,,,,,,2019,,267,,,,0,,неизвестно
EXT-ZGD-0004,2019-09-25,,,,,,,,,,,2019,,268,,,,0,,неизвестно
EXT-ZGD-0004,2019-09-26,,,,,,,,,,,2019,,269,,,,0,,неизвестно
EXT-ZGD-0004,2019-09-27,,,,,,,,,,,2019,,270,,,,0,,неизвестно
EXT-ZGD-0004,2019-09-28,0.1484340624399908,0.057963195583518354,-0.24222579666131516,,,,,,,,2019,0.1484340624399908,271,0.184050521685115,0.04448089842635142,-0.8007135760554749,5,Штатное развитие,неизвестно
EXT-ZGD-0004,2019-09-29,,,,,,,,,,,2019,,272,,,,0,,неизвестно
EXT-ZGD-0004,2019-09-30,,,,,,,,,,,2019,,273,,,,0,,неизвестно
EXT-ZGD-0004,2019-10-01,,,,,,,,,,,2019,,274,,,,0,,неизвестно
EXT-ZGD-0004,2019-10-02,,,,,,,,,,,2019,,275,,,,0,,неизвестно
EXT-ZGD-0004,2019-10-03,,,,,,,,,,,2019,,276,,,,0,,неизвестно
EXT-ZGD-0004,2019-10-04,,,,,,,,,,,2019,,277,,,,0,,неизвестно
EXT-ZGD-0004,2019-10-05,,,,,,,,,,,2019,,278,,,,0,,неизвестно
EXT-ZGD-0004,2019-10-06,,,,,,,,,,,2019,,279,,,,0,,неизвестно
EXT-ZGD-0004,2019-10-07,,,,,,,,,,,2019,,280,,,,0,,неизвестно
EXT-ZGD-0004,2019-10-08,,,,,,,,,,,2019,,281,,,,0,,неизвестно
EXT-ZGD-0004,2019-10-09,,,,,,,,,,,2019,,282,,,,0,,неизвестно
EXT-ZGD-0004,2019-10-10,,,,,,,,,,,2019,,283,,,,0,,неизвестно
EXT-ZGD-0004,2019-10-11,,,,,,,,,,,2019,,284,,,,0,,неизвестно
EXT-ZGD-0004,2019-10-12,,,,,,,,,,,2019,,285,,,,0,,неизвестно
EXT-ZGD-0004,2019-10-13,0.26219040763682877,0.0908255475131719,-0.3326380881091001,,,,,,,,2019,0.26219040763682877,286,0.18455359736939836,0.040939366194801964,1.8963852517406068,5,Штатное развитие,неизвестно
EXT-ZGD-0004,2019-10-14,,,,,,,,,,,2019,,287,,,,0,,неизвестно
EXT-ZGD-0004,2019-10-15,,,,,,,,,,,2019,,288,,,,0,,неизвестно
EXT-ZGD-0004,2019-10-16,,,,,,,,,,,2019,,289,,,,0,,неизвестно
EXT-ZGD-0004,2019-10-17,,,,,,,,,,,2019,,290,,,,0,,неизвестно
EXT-ZGD-0004,2019-10-18,,,,,,,,,,,2019,,291,,,,0,,неизвестно
EXT-ZGD-0004,2019-10-19,,,,,,,,,,,2019,,292,,,,0,,неизвестно
EXT-ZGD-0004,2019-10-20,,,,,,,,,,,2019,,293,,,,0,,неизвестно
EXT-ZGD-0004,2019-10-21,,,,,,,,,,,2019,,294,,,,0,,неизвестно
EXT-ZGD-0004,2019-10-22,,,,,,,,,,,2019,,295,,,,0,,неизвестно
EXT-ZGD-0004,2019-10-23,0.34038673090098504,0.10386041410386325,-0.3499690035344047,,,,,,,,2019,0.34038673090098504,296,0.1871178206418559,0.042383265855370535,3.616260030129507,5,Штатное развитие,неизвестно
EXT-ZGD-0004,2019-10-24,,,,,,,,,,,2019,,297,,,,0,,неизвестно
EXT-ZGD-0004,2019-10-25,,,,,,,,,,,2019,,298,,,,0,,неизвестно
EXT-ZGD-0004,2019-10-26,,,,,,,,,,,2019,,299,,,,0,,неизвестно
EXT-ZGD-0004,2019-10-27,,,,,,,,,,,2019,,300,,,,0,,неизвестно
EXT-ZGD-0004,2019-10-28,0.44126926713473436,0.19679633470026844,-0.4408957587230451,,,,,,,,2019,0.44126926713473436,301,0.18528049823653683,0.04331202496815801,5.91033942851655,5,Штатное развитие,неизвестно
EXT-ZGD-0004,2019-10-29,,,,,,,,,,,2019,,302,,,,0,,неизвестно
EXT-ZGD-0004,2019-10-30,,,,,,,,,,,2019,,303,,,,0,,неизвестно
EXT-ZGD-0004,2020-04-01,,,,,,,,,,,2020,,92,,,,0,,неизвестно
EXT-ZGD-0004,2020-04-02,,,,,,,,,,,2020,,93,,,,0,,неизвестно
EXT-ZGD-0004,2020-04-03,,,,,,,,,,,2020,,94,,,,0,,неизвестно
EXT-ZGD-0004,2020-04-04,,,,,,,,,,,2020,,95,,,,0,,неизвестно
EXT-ZGD-0004,2020-04-05,,,,,,,,,,,2020,,96,,,,0,,неизвестно
EXT-ZGD-0004,2020-04-06,,,,,,,,,,,2020,,97,,,,0,,неизвестно
EXT-ZGD-0004,2020-04-07,,,,,,,,,,,2020,,98,,,,0,,неизвестно
EXT-ZGD-0004,2020-04-08,,,,,,,,,,,2020,,99,,,,0,,неизвестно
EXT-ZGD-0004,2020-04-09,,,,,,,,,,,2020,,100,,,,0,,неизвестно
EXT-ZGD-0004,2020-04-10,0.4907523600479351,0.41028337163957623,-0.48528301057541984,,,,,,,,2020,0.4907523600479351,101,0.36619285141028635,0.12112020979293105,1.0283957470895864,4,Штатное развитие,неизвестно
EXT-ZGD-0004,2020-04-11,,,,,,,,,,,2020,,102,,,,0,,неизвестно
EXT-ZGD-0004,2020-04-12,,,,,,,,,,,2020,,103,,,,0,,неизвестно
EXT-ZGD-0004,2020-04-13,,,,,,,,,,,2020,,104,,,,0,,неизвестно
EXT-ZGD-0004,2020-04-14,,,,,,,,,,,2020,,105,,,,0,,неизвестно
EXT-ZGD-0004,2020-04-15,,,,,,,,,,,2020,,106,,,,0,,неизвестно
EXT-ZGD-0004,2020-04-16,,,,,,,,,,,2020,,107,,,,0,,неизвестно
EXT-ZGD-0004,2020-04-17,,,,,,,,,,,2020,,108,,,,0,,неизвестно
EXT-ZGD-0004,2020-04-18,,,,,,,,,,,2020,,109,,,,0,,неизвестно
EXT-ZGD-0004,2020-04-19,,,,,,,,,,,2020,,110,,,,0,,неизвестно
EXT-ZGD-0004,2020-04-20,,,,,,,,,,,2020,,111,,,,0,,неизвестно
EXT-ZGD-0004,2020-04-21,,,,,,,,,,,2020,,112,,,,0,,неизвестно
EXT-ZGD-0004,2020-04-22,,,,,,,,,,,2020,,113,,,,0,,неизвестно
EXT-ZGD-0004,2020-04-23,,,,,,,,,,,2020,,114,,,,0,,неизвестно
EXT-ZGD-0004,2020-04-24,,,,,,,,,,,2020,,115,,,,0,,неизвестно
EXT-ZGD-0004,2020-04-25,0.5897904233249167,0.4705509521300961,-0.5747301894459644,,,,,,,,2020,0.5897904233249167,116,0.45194899951618045,0.13122078273538654,1.0504542111038964,5,Штатное развитие,неизвестно
EXT-ZGD-0004,2020-04-26,,,,,,,,,,,2020,,117,,,,0,,неизвестно
EXT-ZGD-0004,2020-04-27,,,,,,,,,,,2020,,118,,,,0,,неизвестно
EXT-ZGD-0004,2020-04-28,,,,,,,,,,,2020,,119,,,,0,,неизвестно
EXT-ZGD-0004,2020-04-29,,,,,,,,,,,2020,,120,,,,0,,неизвестно
EXT-ZGD-0004,2020-04-30,0.6303183073705606,0.5019658913366477,-0.5990565781892243,,,,,,,,2020,0.6303183073705606,121,0.49487792384095225,0.13460606485797477,1.0061982249649293,5,Штатное развитие,неизвестно
EXT-ZGD-0004,2020-05-01,,,,,,,,,,,2020,,122,,,,0,,неизвестно
EXT-ZGD-0004,2020-05-02,,,,,,,,,,,2020,,123,,,,0,,неизвестно
EXT-ZGD-0004,2020-05-03,,,,,,,,,,,2020,,124,,,,0,,неизвестно
EXT-ZGD-0004,2020-05-04,,,,,,,,,,,2020,,125,,,,0,,неизвестно
EXT-ZGD-0004,2020-05-05,,,,,,,,,,,2020,,126,,,,0,,неизвестно
EXT-ZGD-0004,2020-05-06,,,,,,,,,,,2020,,127,,,,0,,неизвестно
EXT-ZGD-0004,2020-05-07,,,,,,,,,,,2020,,128,,,,0,,неизвестно
EXT-ZGD-0004,2020-05-08,,,,,,,,,,,2020,,129,,,,0,,неизвестно
EXT-ZGD-0004,2020-05-09,,,,,,,,,,,2020,,130,,,,0,,неизвестно
EXT-ZGD-0004,2020-05-10,,,,,,,,,,,2020,,131,,,,0,,неизвестно
EXT-ZGD-0004,2020-05-11,,,,,,,,,,,2020,,132,,,,0,,неизвестно
EXT-ZGD-0004,2020-05-12,,,,,,,,,,,2020,,133,,,,0,,неизвестно
EXT-ZGD-0004,2020-05-13,,,,,,,,,,,2020,,134,,,,0,,неизвестно
EXT-ZGD-0004,2020-05-14,,,,,,,,,,,2020,,135,,,,0,,неизвестно
EXT-ZGD-0004,2020-05-15,0.7681161633335847,0.6230491026689744,-0.6586788754562118,,,,,,,,2020,0.7681161633335847,136,0.5267724685352739,0.08468406938191642,2.849930294561963,5,Штатное развитие,неизвестно
EXT-ZGD-0004,2020-05-16,,,,,,,,,,,2020,,137,,,,0,,неизвестно
EXT-ZGD-0004,2020-05-17,,,,,,,,,,,2020,,138,,,,0,,неизвестно
EXT-ZGD-0004,2020-05-18,,,,,,,,,,,2020,,139,,,,0,,неизвестно
EXT-ZGD-0004,2020-05-19,,,,,,,,,,,2020,,140,,,,0,,неизвестно
EXT-ZGD-0004,2020-05-20,0.7953833186278965,0.572082403490396,-0.6870140234474207,,,,,,,,2020,0.7953833186278965,141,0.5233645831904515,0.08895883389393777,3.0578046443567652,5,Штатное развитие,неизвестно
EXT-ZGD-0004,2020-05-21,,,,,,,,,,,2020,,142,,,,0,,неизвестно
EXT-ZGD-0004,2020-05-22,,,,,,,,,,,2020,,143,,,,0,,неизвестно
EXT-ZGD-0004,2020-05-23,,,,,,,,,,,2020,,144,,,,0,,неизвестно
EXT-ZGD-0004,2020-05-24,,,,,,,,,,,2020,,145,,,,0,,неизвестно
EXT-ZGD-0004,2020-05-25,,,,,,,,,,,2020,,146,,,,0,,неизвестно
EXT-ZGD-0004,2020-05-26,,,,,,,,,,,2020,,147,,,,0,,неизвестно
EXT-ZGD-0004,2020-05-27,,,,,,,,,,,2020,,148,,,,0,,неизвестно
EXT-ZGD-0004,2020-05-28,,,,,,,,,,,2020,,149,,,,0,,неизвестно
EXT-ZGD-0004,2020-05-29,,,,,,,,,,,2020,,150,,,,0,,неизвестно
EXT-ZGD-0004,2020-05-30,,,,,,,,,,,2020,,151,,,,0,,неизвестно
EXT-ZGD-0004,2020-05-31,,,,,,,,,,,2020,,152,,,,0,,неизвестно
EXT-ZGD-0004,2020-06-01,,,,,,,,,,,2020,,153,,,,0,,неизвестно
EXT-ZGD-0004,2020-06-02,,,,,,,,,,,2020,,154,,,,0,,неизвестно
EXT-ZGD-0004,2020-06-03,,,,,,,,,,,2020,,155,,,,0,,неизвестно
EXT-ZGD-0004,2020-06-04,0.8672113920360522,0.8074067365986235,-0.7442549647836688,,,,,,,,2020,0.8672113920360522,156,0.490987480624407,0.19771288698866823,1.90288006584623,5,Штатное развитие,неизвестно
EXT-ZGD-0004,2020-06-05,,,,,,,,,,,2020,,157,,,,0,,неизвестно
EXT-ZGD-0004,2020-06-06,,,,,,,,,,,2020,,158,,,,0,,неизвестно
EXT-ZGD-0004,2020-06-07,,,,,,,,,,,2020,,159,,,,0,,неизвестно
EXT-ZGD-0004,2020-06-08,,,,,,,,,,,2020,,160,,,,0,,неизвестно
EXT-ZGD-0004,2020-06-09,0.8451962202148326,0.6908629435716692,-0.7407262291626195,,,,,,,,2020,0.8451962202148326,161,0.45276473967581304,0.21372779440509174,1.8361274986781528,5,Штатное развитие,неизвестно
EXT-ZGD-0004,2020-06-10,,,,,,,,,,,2020,,162,,,,0,,неизвестно
EXT-ZGD-0004,2020-06-11,,,,,,,,,,,2020,,163,,,,0,,неизвестно
EXT-ZGD-0004,2020-06-12,,,,,,,,,,,2020,,164,,,,0,,неизвестно
EXT-ZGD-0004,2020-06-13,,,,,,,,,,,2020,,165,,,,0,,неизвестно
EXT-ZGD-0004,2020-06-14,0.7056174446329667,0.5434706024522389,-0.6296055528361328,,,,,,,,2020,0.7056174446329667,166,0.40305602480131614,0.21834301543956366,1.385716045107008,5,Штатное развитие,неизвестно
EXT-ZGD-0004,2020-06-15,,,,,,,,,,,2020,,167,,,,0,,неизвестно
EXT-ZGD-0004,2020-06-16,,,,,,,,,,,2020,,168,,,,0,,неизвестно
EXT-ZGD-0004,2020-06-17,,,,,,,,,,,2020,,169,,,,0,,неизвестно
EXT-ZGD-0004,2020-06-18,,,,,,,,,,,2020,,170,,,,0,,неизвестно
EXT-ZGD-0004,2020-06-19,,,,,,,,,,,2020,,171,,,,0,,неизвестно
EXT-ZGD-0004,2020-06-20,,,,,,,,,,,2020,,172,,,,0,,неизвестно
EXT-ZGD-0004,2020-06-21,,,,,,,,,,,2020,,173,,,,0,,неизвестно
EXT-ZGD-0004,2020-06-22,,,,,,,,,,,2020,,174,,,,0,,неизвестно
EXT-ZGD-0004,2020-06-23,,,,,,,,,,,2020,,175,,,,0,,неизвестно
EXT-ZGD-0004,2020-06-24,,,,,,,,,,,2020,,176,,,,0,,неизвестно
EXT-ZGD-0004,2020-06-25,,,,,,,,,,,2020,,177,,,,0,,неизвестно
EXT-ZGD-0004,2020-06-26,,,,,,,,,,,2020,,178,,,,0,,неизвестно
EXT-ZGD-0004,2020-06-27,,,,,,,,,,,2020,,179,,,,0,,неизвестно
EXT-ZGD-0004,2020-06-28,,,,,,,,,,,2020,,180,,,,0,,неизвестно
EXT-ZGD-0004,2020-06-29,0.21529142923007494,0.15477092074155419,-0.37493414946248527,,,,,,,,2020,0.21529142923007494,181,0.3583524656195751,0.21590827751292244,-0.662600980552669,5,Штатное развитие,неизвестно
EXT-ZGD-0004,2020-06-30,,,,,,,,,,,2020,,182,,,,0,,неизвестно
EXT-ZGD-0004,2020-07-01,,,,,,,,,,,2020,,183,,,,0,,неизвестно
EXT-ZGD-0004,2020-07-02,,,,,,,,,,,2020,,184,,,,0,,неизвестно
EXT-ZGD-0004,2020-07-03,,,,,,,,,,,2020,,185,,,,0,,неизвестно
EXT-ZGD-0004,2020-07-04,0.18341857660399363,0.11135103959640295,-0.34865685383450734,,,,,,,,2020,0.18341857660399363,186,0.3372077550327736,0.21961038755714343,-0.7002818953122765,5,Штатное развитие,неизвестно
EXT-ZGD-0004,2020-07-05,,,,,,,,,,,2020,,187,,,,0,,неизвестно
EXT-ZGD-0004,2020-07-06,,,,,,,,,,,2020,,188,,,,0,,неизвестно
EXT-ZGD-0004,2020-07-07,,,,,,,,,,,2020,,189,,,,0,,неизвестно
EXT-ZGD-0004,2020-07-08,,,,,,,,,,,2020,,190,,,,0,,неизвестно
EXT-ZGD-0004,2020-07-09,,,,,,,,,,,2020,,191,,,,0,,неизвестно
EXT-ZGD-0004,2020-07-10,,,,,,,,,,,2020,,192,,,,0,,неизвестно
EXT-ZGD-0004,2020-07-11,,,,,,,,,,,2020,,193,,,,0,,неизвестно
EXT-ZGD-0004,2020-07-12,,,,,,,,,,,2020,,194,,,,0,,неизвестно
EXT-ZGD-0004,2020-07-13,,,,,,,,,,,2020,,195,,,,0,,неизвестно
EXT-ZGD-0004,2020-07-14,,,,,,,,,,,2020,,196,,,,0,,неизвестно
EXT-ZGD-0004,2020-07-15,,,,,,,,,,,2020,,197,,,,0,,неизвестно
EXT-ZGD-0004,2020-07-16,,,,,,,,,,,2020,,198,,,,0,,неизвестно
EXT-ZGD-0004,2020-07-17,,,,,,,,,,,2020,,199,,,,0,,неизвестно
EXT-ZGD-0004,2020-07-18,,,,,,,,,,,2020,,200,,,,0,,неизвестно
EXT-ZGD-0004,2020-07-19,0.13275964079510105,0.08683832115823235,-0.26950136172509465,,,,,,,,2020,0.13275964079510105,201,0.3072815240143774,0.1524936022802161,-1.1444538040263617,5,Угнетение биомассы,неизвестно
EXT-ZGD-0004,2020-07-20,,,,,,,,,,,2020,,202,,,,0,,неизвестно
EXT-ZGD-0004,2020-07-21,,,,,,,,,,,2020,,203,,,,0,,неизвестно
EXT-ZGD-0004,2020-07-22,,,,,,,,,,,2020,,204,,,,0,,неизвестно
EXT-ZGD-0004,2020-07-23,,,,,,,,,,,2020,,205,,,,0,,неизвестно
EXT-ZGD-0004,2020-07-24,0.15039880608421935,0.09793466815000679,-0.2826000146329548,,,,,,,,2020,0.15039880608421935,206,0.31976313977302573,0.15213580544642585,-1.113244401551793,5,Угнетение биомассы,неизвестно
EXT-ZGD-0004,2020-07-25,,,,,,,,,,,2020,,207,,,,0,,неизвестно
EXT-ZGD-0004,2020-07-26,,,,,,,,,,,2020,,208,,,,0,,неизвестно
EXT-ZGD-0004,2020-07-27,,,,,,,,,,,2020,,209,,,,0,,неизвестно
EXT-ZGD-0004,2020-07-28,,,,,,,,,,,2020,,210,,,,0,,неизвестно
EXT-ZGD-0004,2020-07-29,,,,,,,,,,,2020,,211,,,,0,,неизвестно
EXT-ZGD-0004,2020-07-30,,,,,,,,,,,2020,,212,,,,0,,неизвестно
EXT-ZGD-0004,2020-07-31,,,,,,,,,,,2020,,213,,,,0,,неизвестно
EXT-ZGD-0004,2020-08-01,,,,,,,,,,,2020,,214,,,,0,,неизвестно
EXT-ZGD-0004,2020-08-02,,,,,,,,,,,2020,,215,,,,0,,неизвестно
EXT-ZGD-0004,2020-08-03,0.18557850976100554,0.11510274503094256,-0.2870586880803727,,,,,,,,2020,0.18557850976100554,216,0.3099579616612378,0.1493590445794427,-0.832754737086417,5,Штатное развитие,неизвестно
EXT-ZGD-0004,2020-08-04,,,,,,,,,,,2020,,217,,,,0,,неизвестно
EXT-ZGD-0004,2020-08-05,,,,,,,,,,,2020,,218,,,,0,,неизвестно
EXT-ZGD-0004,2020-08-06,,,,,,,,,,,2020,,219,,,,0,,неизвестно
EXT-ZGD-0004,2020-08-07,,,,,,,,,,,2020,,220,,,,0,,неизвестно
EXT-ZGD-0004,2020-08-08,0.2071457604950441,0.11951872507661926,-0.3139245703867456,,,,,,,,2020,0.2071457604950441,221,0.2950240889160092,0.14231825689478894,-0.6174775488286829,5,Штатное развитие,неизвестно
EXT-ZGD-0004,2020-08-09,,,,,,,,,,,2020,,222,,,,0,,неизвестно
EXT-ZGD-0004,2020-08-10,,,,,,,,,,,2020,,223,,,,0,,неизвестно
EXT-ZGD-0004,2020-08-11,,,,,,,,,,,2020,,224,,,,0,,неизвестно
EXT-ZGD-0004,2020-08-12,,,,,,,,,,,2020,,225,,,,0,,неизвестно
EXT-ZGD-0004,2020-08-13,,,,,,,,,,,2020,,226,,,,0,,неизвестно
EXT-ZGD-0004,2020-08-14,,,,,,,,,,,2020,,227,,,,0,,неизвестно
EXT-ZGD-0004,2020-08-15,,,,,,,,,,,2020,,228,,,,0,,неизвестно
EXT-ZGD-0004,2020-08-16,,,,,,,,,,,2020,,229,,,,0,,неизвестно
EXT-ZGD-0004,2020-08-17,,,,,,,,,,,2020,,230,,,,0,,неизвестно
EXT-ZGD-0004,2020-08-18,0.1601871053532102,0.06481933213003195,-0.2768514173421997,,,,,,,,2020,0.1601871053532102,231,0.2874845778660736,0.13575838206132457,-0.9376767060715323,5,Штатное развитие,неизвестно
EXT-ZGD-0004,2020-08-19,,,,,,,,,,,2020,,232,,,,0,,неизвестно
EXT-ZGD-0004,2020-08-20,,,,,,,,,,,2020,,233,,,,0,,неизвестно
EXT-ZGD-0004,2020-08-21,,,,,,,,,,,2020,,234,,,,0,,неизвестно
EXT-ZGD-0004,2020-08-22,,,,,,,,,,,2020,,235,,,,0,,неизвестно
EXT-ZGD-0004,2020-08-23,0.144615396829061,0.0333818182493242,-0.2206494206341827,,,,,,,,2020,0.144615396829061,236,0.26854827028026185,0.12856013426594895,-0.9640070318752483,5,Штатное развитие,неизвестно
EXT-ZGD-0004,2020-08-24,,,,,,,,,,,2020,,237,,,,0,,неизвестно
EXT-ZGD-0004,2020-08-25,,,,,,,,,,,2020,,238,,,,0,,неизвестно
EXT-ZGD-0004,2020-08-26,,,,,,,,,,,2020,,239,,,,0,,неизвестно
EXT-ZGD-0004,2020-08-27,,,,,,,,,,,2020,,240,,,,0,,неизвестно
EXT-ZGD-0004,2020-08-28,,,,,,,,,,,2020,,241,,,,0,,неизвестно
EXT-ZGD-0004,2020-08-29,,,,,,,,,,,2020,,242,,,,0,,неизвестно
EXT-ZGD-0004,2020-08-30,,,,,,,,,,,2020,,243,,,,0,,неизвестно
EXT-ZGD-0004,2020-08-31,,,,,,,,,,,2020,,244,,,,0,,неизвестно
EXT-ZGD-0004,2020-09-01,,,,,,,,,,,2020,,245,,,,0,,неизвестно
EXT-ZGD-0004,2020-09-02,0.1463980976513931,0.056138610700168554,-0.2783027637052913,,,,,,,,2020,0.1463980976513931,246,0.23860205814272611,0.10345565592530602,-0.8912413697120954,5,Штатное развитие,неизвестно
EXT-ZGD-0004,2020-09-03,,,,,,,,,,,2020,,247,,,,0,,неизвестно
EXT-ZGD-0004,2020-09-04,,,,,,,,,,,2020,,248,,,,0,,неизвестно
EXT-ZGD-0004,2020-09-05,,,,,,,,,,,2020,,249,,,,0,,неизвестно
EXT-ZGD-0004,2020-09-06,,,,,,,,,,,2020,,250,,,,0,,неизвестно
EXT-ZGD-0004,2020-09-07,0.14256834121228779,0.0584867597550891,-0.24999103285148694,,,,,,,,2020,0.14256834121228779,251,0.21725438418765933,0.08253147213696836,-0.9049401524235915,5,Штатное развитие,неизвестно
EXT-ZGD-0004,2020-09-08,,,,,,,,,,,2020,,252,,,,0,,неизвестно
EXT-ZGD-0004,2020-09-09,,,,,,,,,,,2020,,253,,,,0,,неизвестно
EXT-ZGD-0004,2020-09-10,,,,,,,,,,,2020,,254,,,,0,,неизвестно
EXT-ZGD-0004,2020-09-11,,,,,,,,,,,2020,,255,,,,0,,неизвестно
EXT-ZGD-0004,2020-09-12,0.14452233824369448,0.056647100493815605,-0.26554058396429425,,,,,,,,2020,0.14452233824369448,256,0.21126382546197137,0.0742146213146887,-0.8993037495303811,5,Штатное развитие,неизвестно
EXT-ZGD-0004,2020-09-13,,,,,,,,,,,2020,,257,,,,0,,неизвестно
EXT-ZGD-0004,2020-09-14,,,,,,,,,,,2020,,258,,,,0,,неизвестно
EXT-ZGD-0004,2020-09-15,,,,,,,,,,,2020,,259,,,,0,,неизвестно
EXT-ZGD-0004,2020-09-16,,,,,,,,,,,2020,,260,,,,0,,неизвестно
EXT-ZGD-0004,2020-09-17,0.15423076136162295,0.06451722201331785,-0.2753801284971775,,,,,,,,2020,0.15423076136162295,261,0.19943197053340445,0.04715836309911496,-0.9584982641738429,5,Штатное развитие,неизвестно
EXT-ZGD-0004,2020-09-18,,,,,,,,,,,2020,,262,,,,0,,неизвестно
EXT-ZGD-0004,2020-09-19,,,,,,,,,,,2020,,263,,,,0,,неизвестно
EXT-ZGD-0004,2020-09-20,,,,,,,,,,,2020,,264,,,,0,,неизвестно
EXT-ZGD-0004,2020-09-21,,,,,,,,,,,2020,,265,,,,0,,неизвестно
EXT-ZGD-0004,2020-09-22,0.1600145124135373,0.06442691399214914,-0.2881243749450014,,,,,,,,2020,0.1600145124135373,266,0.19793781259633342,0.044033627152253986,-0.8612349841558509,5,Штатное развитие,неизвестно
EXT-ZGD-0004,2020-09-23,,,,,,,,,,,2020,,267,,,,0,,неизвестно
EXT-ZGD-0004,2020-09-24,,,,,,,,,,,2020,,268,,,,0,,неизвестно
EXT-ZGD-0004,2020-09-25,,,,,,,,,,,2020,,269,,,,0,,неизвестно
EXT-ZGD-0004,2020-09-26,,,,,,,,,,,2020,,270,,,,0,,неизвестно
EXT-ZGD-0004,2020-09-27,0.13470310208660657,0.0566528480693387,-0.2529117816163678,,,,,,,,2020,0.13470310208660657,271,0.1959075764070207,0.044559713163690534,-1.3735383370978824,5,Угнетение биомассы,неизвестно
EXT-ZGD-0004,2020-09-28,,,,,,,,,,,2020,,272,,,,0,,неизвестно
EXT-ZGD-0004,2020-09-29,,,,,,,,,,,2020,,273,,,,0,,неизвестно
EXT-ZGD-0004,2020-09-30,,,,,,,,,,,2020,,274,,,,0,,неизвестно
EXT-ZGD-0004,2020-10-01,,,,,,,,,,,2020,,275,,,,0,,неизвестно
EXT-ZGD-0004,2020-10-02,,,,,,,,,,,2020,,276,,,,0,,неизвестно
EXT-ZGD-0004,2020-10-03,,,,,,,,,,,2020,,277,,,,0,,неизвестно
EXT-ZGD-0004,2020-10-04,,,,,,,,,,,2020,,278,,,,0,,неизвестно
EXT-ZGD-0004,2020-10-05,,,,,,,,,,,2020,,279,,,,0,,неизвестно
EXT-ZGD-0004,2020-10-06,,,,,,,,,,,2020,,280,,,,0,,неизвестно
EXT-ZGD-0004,2020-10-07,0.16789349781534396,0.06640135851377274,-0.2968136055754057,,,,,,,,2020,0.16789349781534396,281,0.20861493490549535,0.06476337493757306,-0.6287726223255619,5,Штатное развитие,неизвестно
EXT-ZGD-0004,2020-10-08,,,,,,,,,,,2020,,282,,,,0,,неизвестно
EXT-ZGD-0004,2020-10-09,,,,,,,,,,,2020,,283,,,,0,,неизвестно
EXT-ZGD-0004,2020-10-10,,,,,,,,,,,2020,,284,,,,0,,неизвестно
EXT-ZGD-0004,2020-10-11,,,,,,,,,,,2020,,285,,,,0,,неизвестно
EXT-ZGD-0004,2020-10-12,0.1299151009150254,0.0494292037556079,-0.24710801864974774,,,,,,,,2020,0.1299151009150254,286,0.21069315006410566,0.06694774701339201,-1.2065835334671036,5,Угнетение биомассы,неизвестно
EXT-ZGD-0004,2020-10-13,,,,,,,,,,,2020,,287,,,,0,,неизвестно
EXT-ZGD-0004,2020-10-14,,,,,,,,,,,2020,,288,,,,0,,неизвестно
EXT-ZGD-0004,2020-10-15,,,,,,,,,,,2020,,289,,,,0,,неизвестно
EXT-ZGD-0004,2020-10-16,,,,,,,,,,,2020,,290,,,,0,,неизвестно
EXT-ZGD-0004,2020-10-17,0.12714398488999115,0.0534874934092642,-0.23231574531404775,,,,,,,,2020,0.12714398488999115,291,0.2121573423051705,0.06854585221018959,-1.2402407246246447,5,Угнетение биомассы,неизвестно
EXT-ZGD-0004,2020-10-18,,,,,,,,,,,2020,,292,,,,0,,неизвестно
EXT-ZGD-0004,2020-10-19,,,,,,,,,,,2020,,293,,,,0,,неизвестно
EXT-ZGD-0004,2020-10-20,,,,,,,,,,,2020,,294,,,,0,,неизвестно
EXT-ZGD-0004,2020-10-21,,,,,,,,,,,2020,,295,,,,0,,неизвестно
EXT-ZGD-0004,2020-10-22,,,,,,,,,,,2020,,296,,,,0,,неизвестно
EXT-ZGD-0004,2020-10-23,,,,,,,,,,,2020,,297,,,,0,,неизвестно
EXT-ZGD-0004,2020-10-24,,,,,,,,,,,2020,,298,,,,0,,неизвестно
EXT-ZGD-0004,2020-10-25,,,,,,,,,,,2020,,299,,,,0,,неизвестно
EXT-ZGD-0004,2020-10-26,,,,,,,,,,,2020,,300,,,,0,,неизвестно
EXT-ZGD-0004,2020-10-27,0.16208909466844074,0.0544474534901587,-0.2998098104392728,,,,,,,,2020,0.16208909466844074,301,0.22541082483780459,0.07678775243971862,-0.8246332020080139,5,Штатное развитие,неизвестно
EXT-ZGD-0004,2020-10-28,,,,,,,,,,,2020,,302,,,,0,,неизвестно
EXT-ZGD-0004,2020-10-29,,,,,,,,,,,2020,,303,,,,0,,неизвестно
EXT-ZGD-0004,2020-10-30,,,,,,,,,,,2020,,304,,,,0,,неизвестно
EXT-ZGD-0004,2021-04-01,,,,,,,,,,,2021,,91,,,,0,,неизвестно
EXT-ZGD-0004,2021-04-02,,,,,,,,,,,2021,,92,,,,0,,неизвестно
EXT-ZGD-0004,2021-04-03,,,,,,,,,,,2021,,93,,,,0,,неизвестно
EXT-ZGD-0004,2021-04-04,,,,,,,,,,,2021,,94,,,,0,,неизвестно
EXT-ZGD-0004,2021-04-05,,,,,,,,,,,2021,,95,,,,0,,неизвестно
EXT-ZGD-0004,2021-04-06,,,,,,,,,,,2021,,96,,,,0,,неизвестно
EXT-ZGD-0004,2021-04-07,,,,,,,,,,,2021,,97,,,,0,,неизвестно
EXT-ZGD-0004,2021-04-08,,,,,,,,,,,2021,,98,,,,0,,неизвестно
EXT-ZGD-0004,2021-04-09,,,,,,,,,,,2021,,99,,,,0,,неизвестно
EXT-ZGD-0004,2021-04-10,,,,,,,,,,,2021,,100,,,,0,,неизвестно
EXT-ZGD-0004,2021-04-11,,,,,,,,,,,2021,,101,,,,0,,неизвестно
EXT-ZGD-0004,2021-04-12,,,,,,,,,,,2021,,102,,,,0,,неизвестно
EXT-ZGD-0004,2021-04-13,,,,,,,,,,,2021,,103,,,,0,,неизвестно
EXT-ZGD-0004,2021-04-14,,,,,,,,,,,2021,,104,,,,0,,неизвестно
EXT-ZGD-0004,2021-04-15,0.2003997449394892,0.0987567532629125,-0.28311763480949215,,,,,,,,2021,0.2003997449394892,105,0.4516290761478009,0.12401425760717935,-2.0258100645499306,5,Критическая аномалия,неизвестно
EXT-ZGD-0004,2021-04-16,,,,,,,,,,,2021,,106,,,,0,,неизвестно
EXT-ZGD-0004,2021-04-17,,,,,,,,,,,2021,,107,,,,0,,неизвестно
EXT-ZGD-0004,2021-04-18,,,,,,,,,,,2021,,108,,,,0,,неизвестно
EXT-ZGD-0004,2021-04-19,,,,,,,,,,,2021,,109,,,,0,,неизвестно
EXT-ZGD-0004,2021-04-20,,,,,,,,,,,2021,,110,,,,0,,неизвестно
EXT-ZGD-0004,2021-04-21,,,,,,,,,,,2021,,111,,,,0,,неизвестно
EXT-ZGD-0004,2021-04-22,,,,,,,,,,,2021,,112,,,,0,,неизвестно
EXT-ZGD-0004,2021-04-23,,,,,,,,,,,2021,,113,,,,0,,неизвестно
EXT-ZGD-0004,2021-04-24,,,,,,,,,,,2021,,114,,,,0,,неизвестно
EXT-ZGD-0004,2021-04-25,,,,,,,,,,,2021,,115,,,,0,,неизвестно
EXT-ZGD-0004,2021-04-26,,,,,,,,,,,2021,,116,,,,0,,неизвестно
EXT-ZGD-0004,2021-04-27,,,,,,,,,,,2021,,117,,,,0,,неизвестно
EXT-ZGD-0004,2021-04-28,,,,,,,,,,,2021,,118,,,,0,,неизвестно
EXT-ZGD-0004,2021-04-29,,,,,,,,,,,2021,,119,,,,0,,неизвестно
EXT-ZGD-0004,2021-04-30,,,,,,,,,,,2021,,120,,,,0,,неизвестно
EXT-ZGD-0004,2021-05-01,,,,,,,,,,,2021,,121,,,,0,,неизвестно
EXT-ZGD-0004,2021-05-02,,,,,,,,,,,2021,,122,,,,0,,неизвестно
EXT-ZGD-0004,2021-05-03,,,,,,,,,,,2021,,123,,,,0,,неизвестно
EXT-ZGD-0004,2021-05-04,,,,,,,,,,,2021,,124,,,,0,,неизвестно
EXT-ZGD-0004,2021-05-05,0.48401862425410624,0.2566603622598297,-0.4620750336709149,,,,,,,,2021,0.48401862425410624,125,0.5427675117049962,0.11536399302577119,-0.5092480410050125,5,Штатное развитие,неизвестно
EXT-ZGD-0004,2021-05-06,,,,,,,,,,,2021,,126,,,,0,,неизвестно
EXT-ZGD-0004,2021-05-07,,,,,,,,,,,2021,,127,,,,0,,неизвестно
EXT-ZGD-0004,2021-05-08,,,,,,,,,,,2021,,128,,,,0,,неизвестно
EXT-ZGD-0004,2021-05-09,,,,,,,,,,,2021,,129,,,,0,,неизвестно
EXT-ZGD-0004,2021-05-10,,,,,,,,,,,2021,,130,,,,0,,неизвестно
EXT-ZGD-0004,2021-05-11,,,,,,,,,,,2021,,131,,,,0,,неизвестно
EXT-ZGD-0004,2021-05-12,,,,,,,,,,,2021,,132,,,,0,,неизвестно
EXT-ZGD-0004,2021-05-13,,,,,,,,,,,2021,,133,,,,0,,неизвестно
EXT-ZGD-0004,2021-05-14,,,,,,,,,,,2021,,134,,,,0,,неизвестно
EXT-ZGD-0004,2021-05-15,0.6227262642461106,0.3852374439464035,-0.5309893738561213,,,,,,,,2021,0.6227262642461106,135,0.560762839268873,0.1194171628897676,0.5188820725412403,5,Штатное развитие,неизвестно
EXT-ZGD-0004,2021-05-16,,,,,,,,,,,2021,,136,,,,0,,неизвестно
EXT-ZGD-0004,2021-05-17,,,,,,,,,,,2021,,137,,,,0,,неизвестно
EXT-ZGD-0004,2021-05-18,,,,,,,,,,,2021,,138,,,,0,,неизвестно
EXT-ZGD-0004,2021-05-19,,,,,,,,,,,2021,,139,,,,0,,неизвестно
EXT-ZGD-0004,2021-05-20,0.7767319937166646,0.4859026814202088,-0.6349688377931217,,,,,,,,2021,0.7767319937166646,140,0.5677290992352306,0.1359311024541665,1.5375649186094544,5,Штатное развитие,неизвестно
EXT-ZGD-0004,2021-05-21,,,,,,,,,,,2021,,141,,,,0,,неизвестно
EXT-ZGD-0004,2021-05-22,,,,,,,,,,,2021,,142,,,,0,,неизвестно
EXT-ZGD-0004,2021-05-23,,,,,,,,,,,2021,,143,,,,0,,неизвестно
EXT-ZGD-0004,2021-05-24,,,,,,,,,,,2021,,144,,,,0,,неизвестно
EXT-ZGD-0004,2021-05-25,,,,,,,,,,,2021,,145,,,,0,,неизвестно
EXT-ZGD-0004,2021-05-26,,,,,,,,,,,2021,,146,,,,0,,неизвестно
EXT-ZGD-0004,2021-05-27,,,,,,,,,,,2021,,147,,,,0,,неизвестно
EXT-ZGD-0004,2021-05-28,,,,,,,,,,,2021,,148,,,,0,,неизвестно
EXT-ZGD-0004,2021-05-29,,,,,,,,,,,2021,,149,,,,0,,неизвестно
EXT-ZGD-0004,2021-05-30,,,,,,,,,,,2021,,150,,,,0,,неизвестно
EXT-ZGD-0004,2021-05-31,,,,,,,,,,,2021,,151,,,,0,,неизвестно
EXT-ZGD-0004,2021-06-01,,,,,,,,,,,2021,,152,,,,0,,неизвестно
EXT-ZGD-0004,2021-06-02,,,,,,,,,,,2021,,153,,,,0,,неизвестно
EXT-ZGD-0004,2021-06-03,,,,,,,,,,,2021,,154,,,,0,,неизвестно
EXT-ZGD-0004,2021-06-04,,,,,,,,,,,2021,,155,,,,0,,неизвестно
EXT-ZGD-0004,2021-06-05,,,,,,,,,,,2021,,156,,,,0,,неизвестно
EXT-ZGD-0004,2021-06-06,,,,,,,,,,,2021,,157,,,,0,,неизвестно
EXT-ZGD-0004,2021-06-07,,,,,,,,,,,2021,,158,,,,0,,неизвестно
EXT-ZGD-0004,2021-06-08,,,,,,,,,,,2021,,159,,,,0,,неизвестно
EXT-ZGD-0004,2021-06-09,,,,,,,,,,,2021,,160,,,,0,,неизвестно
EXT-ZGD-0004,2021-06-10,,,,,,,,,,,2021,,161,,,,0,,неизвестно
EXT-ZGD-0004,2021-06-11,,,,,,,,,,,2021,,162,,,,0,,неизвестно
EXT-ZGD-0004,2021-06-12,,,,,,,,,,,2021,,163,,,,0,,неизвестно
EXT-ZGD-0004,2021-06-13,,,,,,,,,,,2021,,164,,,,0,,неизвестно
EXT-ZGD-0004,2021-06-14,0.8302473605549938,0.724701064819187,-0.7055735797519574,,,,,,,,2021,0.8302473605549938,165,0.401366493010559,0.22616373569756712,1.8963290742506442,5,Штатное развитие,неизвестно
EXT-ZGD-0004,2021-06-15,,,,,,,,,,,2021,,166,,,,0,,неизвестно
EXT-ZGD-0004,2021-06-16,,,,,,,,,,,2021,,167,,,,0,,неизвестно
EXT-ZGD-0004,2021-06-17,,,,,,,,,,,2021,,168,,,,0,,неизвестно
EXT-ZGD-0004,2021-06-18,,,,,,,,,,,2021,,169,,,,0,,неизвестно
EXT-ZGD-0004,2021-06-19,0.8195579225279065,0.5740375451225304,-0.6988937485423932,,,,,,,,2021,0.8195579225279065,170,0.4039321351952342,0.22657187219720815,1.8344103498024311,5,Штатное развитие,неизвестно
EXT-ZGD-0004,2021-06-20,,,,,,,,,,,2021,,171,,,,0,,неизвестно
EXT-ZGD-0004,2021-06-21,,,,,,,,,,,2021,,172,,,,0,,неизвестно
EXT-ZGD-0004,2021-06-22,,,,,,,,,,,2021,,173,,,,0,,неизвестно
EXT-ZGD-0004,2021-06-23,,,,,,,,,,,2021,,174,,,,0,,неизвестно
EXT-ZGD-0004,2021-06-24,,,,,,,,,,,2021,,175,,,,0,,неизвестно
EXT-ZGD-0004,2021-06-25,,,,,,,,,,,2021,,176,,,,0,,неизвестно
EXT-ZGD-0004,2021-06-26,,,,,,,,,,,2021,,177,,,,0,,неизвестно
EXT-ZGD-0004,2021-06-27,,,,,,,,,,,2021,,178,,,,0,,неизвестно
EXT-ZGD-0004,2021-06-28,,,,,,,,,,,2021,,179,,,,0,,неизвестно
EXT-ZGD-0004,2021-06-29,,,,,,,,,,,2021,,180,,,,0,,неизвестно
EXT-ZGD-0004,2021-06-30,,,,,,,,,,,2021,,181,,,,0,,неизвестно
EXT-ZGD-0004,2021-07-01,,,,,,,,,,,2021,,182,,,,0,,неизвестно
EXT-ZGD-0004,2021-07-02,,,,,,,,,,,2021,,183,,,,0,,неизвестно
EXT-ZGD-0004,2021-07-03,,,,,,,,,,,2021,,184,,,,0,,неизвестно
EXT-ZGD-0004,2021-07-04,,,,,,,,,,,2021,,185,,,,0,,неизвестно
EXT-ZGD-0004,2021-07-05,,,,,,,,,,,2021,,186,,,,0,,неизвестно
EXT-ZGD-0004,2021-07-06,,,,,,,,,,,2021,,187,,,,0,,неизвестно
EXT-ZGD-0004,2021-07-07,,,,,,,,,,,2021,,188,,,,0,,неизвестно
EXT-ZGD-0004,2021-07-08,,,,,,,,,,,2021,,189,,,,0,,неизвестно
EXT-ZGD-0004,2021-07-09,0.39258357850536874,0.19875939727657577,-0.4790746624277866,,,,,,,,2021,0.39258357850536874,190,0.29180179711389265,0.18174593018375917,0.5545201550845068,5,Штатное развитие,неизвестно
EXT-ZGD-0004,2021-07-10,,,,,,,,,,,2021,,191,,,,0,,неизвестно
EXT-ZGD-0004,2021-07-11,,,,,,,,,,,2021,,192,,,,0,,неизвестно
EXT-ZGD-0004,2021-07-12,,,,,,,,,,,2021,,193,,,,0,,неизвестно
EXT-ZGD-0004,2021-07-13,,,,,,,,,,,2021,,194,,,,0,,неизвестно
EXT-ZGD-0004,2021-07-14,0.2774541845421641,0.170318685756093,-0.40483161891732666,,,,,,,,2021,0.2774541845421641,195,0.26276021121411564,0.14576305446828236,0.10080725449702906,5,Штатное развитие,неизвестно
EXT-ZGD-0004,2021-07-15,,,,,,,,,,,2021,,196,,,,0,,неизвестно
EXT-ZGD-0004,2021-07-16,,,,,,,,,,,2021,,197,,,,0,,неизвестно
EXT-ZGD-0004,2021-07-17,,,,,,,,,,,2021,,198,,,,0,,неизвестно
EXT-ZGD-0004,2021-07-18,,,,,,,,,,,2021,,199,,,,0,,неизвестно
EXT-ZGD-0004,2021-07-19,0.2321538903980849,0.14895675479731174,-0.3901560883938643,,,,,,,,2021,0.2321538903980849,200,0.2841012171377026,0.1560917595531702,-0.33279993055573603,5,Штатное развитие,неизвестно
EXT-ZGD-0004,2021-07-20,,,,,,,,,,,2021,,201,,,,0,,неизвестно
EXT-ZGD-0004,2021-07-21,,,,,,,,,,,2021,,202,,,,0,,неизвестно
EXT-ZGD-0004,2021-07-22,,,,,,,,,,,2021,,203,,,,0,,неизвестно
EXT-ZGD-0004,2021-07-23,,,,,,,,,,,2021,,204,,,,0,,неизвестно
EXT-ZGD-0004,2021-07-24,0.21691416013792159,0.15096997158363296,-0.37748808985790516,,,,,,,,2021,0.21691416013792159,205,0.29985948946338087,0.16023894564202754,-0.5176352664648609,5,Штатное развитие,неизвестно
EXT-ZGD-0004,2021-07-25,,,,,,,,,,,2021,,206,,,,0,,неизвестно
EXT-ZGD-0004,2021-07-26,,,,,,,,,,,2021,,207,,,,0,,неизвестно
EXT-ZGD-0004,2021-07-27,,,,,,,,,,,2021,,208,,,,0,,неизвестно
EXT-ZGD-0004,2021-07-28,,,,,,,,,,,2021,,209,,,,0,,неизвестно
EXT-ZGD-0004,2021-07-29,,,,,,,,,,,2021,,210,,,,0,,неизвестно
EXT-ZGD-0004,2021-07-30,,,,,,,,,,,2021,,211,,,,0,,неизвестно
EXT-ZGD-0004,2021-07-31,,,,,,,,,,,2021,,212,,,,0,,неизвестно
EXT-ZGD-0004,2021-08-01,,,,,,,,,,,2021,,213,,,,0,,неизвестно
EXT-ZGD-0004,2021-08-02,,,,,,,,,,,2021,,214,,,,0,,неизвестно
EXT-ZGD-0004,2021-08-03,,,,,,,,,,,2021,,215,,,,0,,неизвестно
EXT-ZGD-0004,2021-08-04,,,,,,,,,,,2021,,216,,,,0,,неизвестно
EXT-ZGD-0004,2021-08-05,,,,,,,,,,,2021,,217,,,,0,,неизвестно
EXT-ZGD-0004,2021-08-06,,,,,,,,,,,2021,,218,,,,0,,неизвестно
EXT-ZGD-0004,2021-08-07,,,,,,,,,,,2021,,219,,,,0,,неизвестно
EXT-ZGD-0004,2021-08-08,0.158172136658367,0.0727213616410962,-0.29925991922473183,,,,,,,,2021,0.158172136658367,220,0.28534854007555965,0.1453094229832781,-0.8752109863640974,5,Штатное развитие,неизвестно
EXT-ZGD-0004,2021-08-09,,,,,,,,,,,2021,,221,,,,0,,неизвестно
EXT-ZGD-0004,2021-08-10,,,,,,,,,,,2021,,222,,,,0,,неизвестно
EXT-ZGD-0004,2021-08-11,,,,,,,,,,,2021,,223,,,,0,,неизвестно
EXT-ZGD-0004,2021-08-12,,,,,,,,,,,2021,,224,,,,0,,неизвестно
EXT-ZGD-0004,2021-08-13,,,,,,,,,,,2021,,225,,,,0,,неизвестно
EXT-ZGD-0004,2021-08-14,,,,,,,,,,,2021,,226,,,,0,,неизвестно
EXT-ZGD-0004,2021-08-15,,,,,,,,,,,2021,,227,,,,0,,неизвестно
EXT-ZGD-0004,2021-08-16,,,,,,,,,,,2021,,228,,,,0,,неизвестно
EXT-ZGD-0004,2021-08-17,,,,,,,,,,,2021,,229,,,,0,,неизвестно
EXT-ZGD-0004,2021-08-18,0.1718805821304571,0.07809154630379586,-0.30222512236663385,,,,,,,,2021,0.1718805821304571,230,0.27492878917595176,0.13418378788764762,-0.7679631695281784,5,Штатное развитие,неизвестно
EXT-ZGD-0004,2021-08-19,,,,,,,,,,,2021,,231,,,,0,,неизвестно
EXT-ZGD-0004,2021-08-20,,,,,,,,,,,2021,,232,,,,0,,неизвестно
EXT-ZGD-0004,2021-08-21,,,,,,,,,,,2021,,233,,,,0,,неизвестно
EXT-ZGD-0004,2021-08-22,,,,,,,,,,,2021,,234,,,,0,,неизвестно
EXT-ZGD-0004,2021-08-23,,,,,,,,,,,2021,,235,,,,0,,неизвестно
EXT-ZGD-0004,2021-08-24,,,,,,,,,,,2021,,236,,,,0,,неизвестно
EXT-ZGD-0004,2021-08-25,,,,,,,,,,,2021,,237,,,,0,,неизвестно
EXT-ZGD-0004,2021-08-26,,,,,,,,,,,2021,,238,,,,0,,неизвестно
EXT-ZGD-0004,2021-08-27,,,,,,,,,,,2021,,239,,,,0,,неизвестно
EXT-ZGD-0004,2021-08-28,0.15810463092848975,0.06056876891872795,-0.2988950339492538,,,,,,,,2021,0.15810463092848975,240,0.24460343103952337,0.11978221484720979,-0.722133917972452,5,Штатное развитие,неизвестно
EXT-ZGD-0004,2021-08-29,,,,,,,,,,,2021,,241,,,,0,,неизвестно
EXT-ZGD-0004,2021-08-30,,,,,,,,,,,2021,,242,,,,0,,неизвестно
EXT-ZGD-0004,2021-08-31,,,,,,,,,,,2021,,243,,,,0,,неизвестно
EXT-ZGD-0004,2021-09-01,,,,,,,,,,,2021,,244,,,,0,,неизвестно
EXT-ZGD-0004,2021-09-02,,,,,,,,,,,2021,,245,,,,0,,неизвестно
EXT-ZGD-0004,2021-09-03,,,,,,,,,,,2021,,246,,,,0,,неизвестно
EXT-ZGD-0004,2021-09-04,,,,,,,,,,,2021,,247,,,,0,,неизвестно
EXT-ZGD-0004,2021-09-05,,,,,,,,,,,2021,,248,,,,0,,неизвестно
EXT-ZGD-0004,2021-09-06,,,,,,,,,,,2021,,249,,,,0,,неизвестно
EXT-ZGD-0004,2021-09-07,,,,,,,,,,,2021,,250,,,,0,,неизвестно
EXT-ZGD-0004,2021-09-08,,,,,,,,,,,2021,,251,,,,0,,неизвестно
EXT-ZGD-0004,2021-09-09,,,,,,,,,,,2021,,252,,,,0,,неизвестно
EXT-ZGD-0004,2021-09-10,,,,,,,,,,,2021,,253,,,,0,,неизвестно
EXT-ZGD-0004,2021-09-11,,,,,,,,,,,2021,,254,,,,0,,неизвестно
EXT-ZGD-0004,2021-09-12,,,,,,,,,,,2021,,255,,,,0,,неизвестно
EXT-ZGD-0004,2021-09-13,,,,,,,,,,,2021,,256,,,,0,,неизвестно
EXT-ZGD-0004,2021-09-14,,,,,,,,,,,2021,,257,,,,0,,неизвестно
EXT-ZGD-0004,2021-09-15,,,,,,,,,,,2021,,258,,,,0,,неизвестно
EXT-ZGD-0004,2021-09-16,,,,,,,,,,,2021,,259,,,,0,,неизвестно
EXT-ZGD-0004,2021-09-17,0.1660079591088497,0.06636821838532175,-0.2952993259214216,,,,,,,,2021,0.1660079591088497,260,0.19281897432305808,0.04972984054901803,-0.5391333436466811,5,Штатное развитие,неизвестно
EXT-ZGD-0004,2021-09-18,,,,,,,,,,,2021,,261,,,,0,,неизвестно
EXT-ZGD-0004,2021-09-19,,,,,,,,,,,2021,,262,,,,0,,неизвестно
EXT-ZGD-0004,2021-09-20,,,,,,,,,,,2021,,263,,,,0,,неизвестно
EXT-ZGD-0004,2021-09-21,,,,,,,,,,,2021,,264,,,,0,,неизвестно
EXT-ZGD-0004,2021-09-22,,,,,,,,,,,2021,,265,,,,0,,неизвестно
EXT-ZGD-0004,2021-09-23,,,,,,,,,,,2021,,266,,,,0,,неизвестно
EXT-ZGD-0004,2021-09-24,,,,,,,,,,,2021,,267,,,,0,,неизвестно
EXT-ZGD-0004,2021-09-25,,,,,,,,,,,2021,,268,,,,0,,неизвестно
EXT-ZGD-0004,2021-09-26,,,,,,,,,,,2021,,269,,,,0,,неизвестно
EXT-ZGD-0004,2021-09-27,0.18171927929274215,0.06285026658115775,-0.30121697057841135,,,,,,,,2021,0.18171927929274215,270,0.18566955690045062,0.04764982403969714,-0.08290224963721768,5,Штатное развитие,неизвестно
EXT-ZGD-0004,2021-09-28,,,,,,,,,,,2021,,271,,,,0,,неизвестно
EXT-ZGD-0004,2021-09-29,,,,,,,,,,,2021,,272,,,,0,,неизвестно
EXT-ZGD-0004,2021-09-30,,,,,,,,,,,2021,,273,,,,0,,неизвестно
EXT-ZGD-0004,2021-10-01,,,,,,,,,,,2021,,274,,,,0,,неизвестно
EXT-ZGD-0004,2021-10-02,0.17563106362972014,0.0643614213379641,-0.2968011358697905,,,,,,,,2021,0.17563106362972014,275,0.19017138798696193,0.0526387498840666,-0.276228527259213,5,Штатное развитие,неизвестно
EXT-ZGD-0004,2021-10-03,,,,,,,,,,,2021,,276,,,,0,,неизвестно
EXT-ZGD-0004,2021-10-04,,,,,,,,,,,2021,,277,,,,0,,неизвестно
EXT-ZGD-0004,2021-10-05,,,,,,,,,,,2021,,278,,,,0,,неизвестно
EXT-ZGD-0004,2021-10-06,,,,,,,,,,,2021,,279,,,,0,,неизвестно
EXT-ZGD-0004,2021-10-07,0.1816196554889584,0.0915771114980234,-0.25591771479204994,,,,,,,,2021,0.1816196554889584,280,0.19980588329713597,0.06872395091280972,-0.26462721608148665,5,Штатное развитие,неизвестно
EXT-ZGD-0004,2021-10-08,,,,,,,,,,,2021,,281,,,,0,,неизвестно
EXT-ZGD-0004,2021-10-09,,,,,,,,,,,2021,,282,,,,0,,неизвестно
EXT-ZGD-0004,2021-10-10,,,,,,,,,,,2021,,283,,,,0,,неизвестно
EXT-ZGD-0004,2021-10-11,,,,,,,,,,,2021,,284,,,,0,,неизвестно
EXT-ZGD-0004,2021-10-12,,,,,,,,,,,2021,,285,,,,0,,неизвестно
EXT-ZGD-0004,2021-10-13,,,,,,,,,,,2021,,286,,,,0,,неизвестно
EXT-ZGD-0004,2021-10-14,,,,,,,,,,,2021,,287,,,,0,,неизвестно
EXT-ZGD-0004,2021-10-15,,,,,,,,,,,2021,,288,,,,0,,неизвестно
EXT-ZGD-0004,2021-10-16,,,,,,,,,,,2021,,289,,,,0,,неизвестно
EXT-ZGD-0004,2021-10-17,,,,,,,,,,,2021,,290,,,,0,,неизвестно
EXT-ZGD-0004,2021-10-18,,,,,,,,,,,2021,,291,,,,0,,неизвестно
EXT-ZGD-0004,2021-10-19,,,,,,,,,,,2021,,292,,,,0,,неизвестно
EXT-ZGD-0004,2021-10-20,,,,,,,,,,,2021,,293,,,,0,,неизвестно
EXT-ZGD-0004,2021-10-21,,,,,,,,,,,2021,,294,,,,0,,неизвестно
EXT-ZGD-0004,2021-10-22,0.1825782838404324,0.0644760188571596,-0.32516802091554065,,,,,,,,2021,0.1825782838404324,295,0.211470060502863,0.07717249891548195,-0.3743791774071278,5,Штатное развитие,неизвестно
EXT-ZGD-0004,2021-10-23,,,,,,,,,,,2021,,296,,,,0,,неизвестно
EXT-ZGD-0004,2021-10-24,,,,,,,,,,,2021,,297,,,,0,,неизвестно
EXT-ZGD-0004,2021-10-25,,,,,,,,,,,2021,,298,,,,0,,неизвестно
EXT-ZGD-0004,2021-10-26,,,,,,,,,,,2021,,299,,,,0,,неизвестно
EXT-ZGD-0004,2021-10-27,0.2040904261351506,0.0674266270789441,-0.35940319732754433,,,,,,,,2021,0.2040904261351506,300,0.21325450060171372,0.08178752390557316,-0.11204733960577401,5,Штатное развитие,неизвестно
EXT-ZGD-0004,2021-10-28,,,,,,,,,,,2021,,301,,,,0,,неизвестно
EXT-ZGD-0004,2021-10-29,,,,,,,,,,,2021,,302,,,,0,,неизвестно
EXT-ZGD-0004,2021-10-30,,,,,,,,,,,2021,,303,,,,0,,неизвестно
EXT-ZGD-0004,2022-04-01,,,,,,,,,,,2022,,91,,,,0,,неизвестно
EXT-ZGD-0004,2022-04-02,,,,,,,,,,,2022,,92,,,,0,,неизвестно
EXT-ZGD-0004,2022-04-03,,,,,,,,,,,2022,,93,,,,0,,неизвестно
EXT-ZGD-0004,2022-04-04,,,,,,,,,,,2022,,94,,,,0,,неизвестно
EXT-ZGD-0004,2022-04-05,,,,,,,,,,,2022,,95,,,,0,,неизвестно
EXT-ZGD-0004,2022-04-06,,,,,,,,,,,2022,,96,,,,0,,неизвестно
EXT-ZGD-0004,2022-04-07,,,,,,,,,,,2022,,97,,,,0,,неизвестно
EXT-ZGD-0004,2022-04-08,,,,,,,,,,,2022,,98,,,,0,,неизвестно
EXT-ZGD-0004,2022-04-09,,,,,,,,,,,2022,,99,,,,0,,неизвестно
EXT-ZGD-0004,2022-04-10,,,,,,,,,,,2022,,100,,,,0,,неизвестно
EXT-ZGD-0004,2022-04-11,,,,,,,,,,,2022,,101,,,,0,,неизвестно
EXT-ZGD-0004,2022-04-12,,,,,,,,,,,2022,,102,,,,0,,неизвестно
EXT-ZGD-0004,2022-04-13,,,,,,,,,,,2022,,103,,,,0,,неизвестно
EXT-ZGD-0004,2022-04-14,,,,,,,,,,,2022,,104,,,,0,,неизвестно
EXT-ZGD-0004,2022-04-15,,,,,,,,,,,2022,,105,,,,0,,неизвестно
EXT-ZGD-0004,2022-04-16,,,,,,,,,,,2022,,106,,,,0,,неизвестно
EXT-ZGD-0004,2022-04-17,,,,,,,,,,,2022,,107,,,,0,,неизвестно
EXT-ZGD-0004,2022-04-18,,,,,,,,,,,2022,,108,,,,0,,неизвестно
EXT-ZGD-0004,2022-04-19,,,,,,,,,,,2022,,109,,,,0,,неизвестно
EXT-ZGD-0004,2022-04-20,,,,,,,,,,,2022,,110,,,,0,,неизвестно
EXT-ZGD-0004,2022-04-21,,,,,,,,,,,2022,,111,,,,0,,неизвестно
EXT-ZGD-0004,2022-04-22,,,,,,,,,,,2022,,112,,,,0,,неизвестно
EXT-ZGD-0004,2022-04-23,,,,,,,,,,,2022,,113,,,,0,,неизвестно
EXT-ZGD-0004,2022-04-24,,,,,,,,,,,2022,,114,,,,0,,неизвестно
EXT-ZGD-0004,2022-04-25,0.47077884746981896,0.28701622758255235,-0.4673688606568296,,,,,,,,2022,0.47077884746981896,115,0.4817170305867457,0.1487290376043041,-0.07354436828958674,5,Штатное развитие,неизвестно
EXT-ZGD-0004,2022-04-26,,,,,,,,,,,2022,,116,,,,0,,неизвестно
EXT-ZGD-0004,2022-04-27,,,,,,,,,,,2022,,117,,,,0,,неизвестно
EXT-ZGD-0004,2022-04-28,,,,,,,,,,,2022,,118,,,,0,,неизвестно
EXT-ZGD-0004,2022-04-29,,,,,,,,,,,2022,,119,,,,0,,неизвестно
EXT-ZGD-0004,2022-04-30,,,,,,,,,,,2022,,120,,,,0,,неизвестно
EXT-ZGD-0004,2022-05-01,,,,,,,,,,,2022,,121,,,,0,,неизвестно
EXT-ZGD-0004,2022-05-02,,,,,,,,,,,2022,,122,,,,0,,неизвестно
EXT-ZGD-0004,2022-05-03,,,,,,,,,,,2022,,123,,,,0,,неизвестно
EXT-ZGD-0004,2022-05-04,,,,,,,,,,,2022,,124,,,,0,,неизвестно
EXT-ZGD-0004,2022-05-05,,,,,,,,,,,2022,,125,,,,0,,неизвестно
EXT-ZGD-0004,2022-05-06,,,,,,,,,,,2022,,126,,,,0,,неизвестно
EXT-ZGD-0004,2022-05-07,,,,,,,,,,,2022,,127,,,,0,,неизвестно
EXT-ZGD-0004,2022-05-08,,,,,,,,,,,2022,,128,,,,0,,неизвестно
EXT-ZGD-0004,2022-05-09,,,,,,,,,,,2022,,129,,,,0,,неизвестно
EXT-ZGD-0004,2022-05-10,0.5387078172340786,0.4510888505360507,-0.5287223715162445,,,,,,,,2022,0.5387078172340786,130,0.5729124609071309,0.10681828997146497,-0.32021336123420074,5,Штатное развитие,неизвестно
EXT-ZGD-0004,2022-05-11,,,,,,,,,,,2022,,131,,,,0,,неизвестно
EXT-ZGD-0004,2022-05-12,,,,,,,,,,,2022,,132,,,,0,,неизвестно
EXT-ZGD-0004,2022-05-13,,,,,,,,,,,2022,,133,,,,0,,неизвестно
EXT-ZGD-0004,2022-05-14,,,,,,,,,,,2022,,134,,,,0,,неизвестно
EXT-ZGD-0004,2022-05-15,,,,,,,,,,,2022,,135,,,,0,,неизвестно
EXT-ZGD-0004,2022-05-16,,,,,,,,,,,2022,,136,,,,0,,неизвестно
EXT-ZGD-0004,2022-05-17,,,,,,,,,,,2022,,137,,,,0,,неизвестно
EXT-ZGD-0004,2022-05-18,,,,,,,,,,,2022,,138,,,,0,,неизвестно
EXT-ZGD-0004,2022-05-19,,,,,,,,,,,2022,,139,,,,0,,неизвестно
EXT-ZGD-0004,2022-05-20,,,,,,,,,,,2022,,140,,,,0,,неизвестно
EXT-ZGD-0004,2022-05-21,,,,,,,,,,,2022,,141,,,,0,,неизвестно
EXT-ZGD-0004,2022-05-22,,,,,,,,,,,2022,,142,,,,0,,неизвестно
EXT-ZGD-0004,2022-05-23,,,,,,,,,,,2022,,143,,,,0,,неизвестно
EXT-ZGD-0004,2022-05-24,,,,,,,,,,,2022,,144,,,,0,,неизвестно
EXT-ZGD-0004,2022-05-25,,,,,,,,,,,2022,,145,,,,0,,неизвестно
EXT-ZGD-0004,2022-05-26,,,,,,,,,,,2022,,146,,,,0,,неизвестно
EXT-ZGD-0004,2022-05-27,,,,,,,,,,,2022,,147,,,,0,,неизвестно
EXT-ZGD-0004,2022-05-28,,,,,,,,,,,2022,,148,,,,0,,неизвестно
EXT-ZGD-0004,2022-05-29,,,,,,,,,,,2022,,149,,,,0,,неизвестно
EXT-ZGD-0004,2022-05-30,0.5405349079366876,0.4192218275578996,-0.5358575804834903,,,,,,,,2022,0.5405349079366876,150,0.5716412087857116,0.20690848673630896,-0.1503384483627629,5,Штатное развитие,неизвестно
EXT-ZGD-0004,2022-05-31,,,,,,,,,,,2022,,151,,,,0,,неизвестно
EXT-ZGD-0004,2022-06-01,,,,,,,,,,,2022,,152,,,,0,,неизвестно
EXT-ZGD-0004,2022-06-02,,,,,,,,,,,2022,,153,,,,0,,неизвестно
EXT-ZGD-0004,2022-06-03,,,,,,,,,,,2022,,154,,,,0,,неизвестно
EXT-ZGD-0004,2022-06-04,,,,,,,,,,,2022,,155,,,,0,,неизвестно
EXT-ZGD-0004,2022-06-05,,,,,,,,,,,2022,,156,,,,0,,неизвестно
EXT-ZGD-0004,2022-06-06,,,,,,,,,,,2022,,157,,,,0,,неизвестно
EXT-ZGD-0004,2022-06-07,,,,,,,,,,,2022,,158,,,,0,,неизвестно
EXT-ZGD-0004,2022-06-08,,,,,,,,,,,2022,,159,,,,0,,неизвестно
EXT-ZGD-0004,2022-06-09,0.5912792398426661,0.42831190438457595,-0.5700976029850546,,,,,,,,2022,0.5912792398426661,160,0.4840950321036217,0.25324013779773036,0.4232512613172531,5,Штатное развитие,неизвестно
EXT-ZGD-0004,2022-06-10,,,,,,,,,,,2022,,161,,,,0,,неизвестно
EXT-ZGD-0004,2022-06-11,,,,,,,,,,,2022,,162,,,,0,,неизвестно
EXT-ZGD-0004,2022-06-12,,,,,,,,,,,2022,,163,,,,0,,неизвестно
EXT-ZGD-0004,2022-06-13,,,,,,,,,,,2022,,164,,,,0,,неизвестно
EXT-ZGD-0004,2022-06-14,,,,,,,,,,,2022,,165,,,,0,,неизвестно
EXT-ZGD-0004,2022-06-15,,,,,,,,,,,2022,,166,,,,0,,неизвестно
EXT-ZGD-0004,2022-06-16,,,,,,,,,,,2022,,167,,,,0,,неизвестно
EXT-ZGD-0004,2022-06-17,,,,,,,,,,,2022,,168,,,,0,,неизвестно
EXT-ZGD-0004,2022-06-18,,,,,,,,,,,2022,,169,,,,0,,неизвестно
EXT-ZGD-0004,2022-06-19,0.6057240338461706,0.3927576415639611,-0.632419097617111,,,,,,,,2022,0.6057240338461706,170,0.4106936643460045,0.2580178138359481,0.7558794743690431,5,Штатное развитие,неизвестно
EXT-ZGD-0004,2022-06-20,,,,,,,,,,,2022,,171,,,,0,,неизвестно
EXT-ZGD-0004,2022-06-21,,,,,,,,,,,2022,,172,,,,0,,неизвестно
EXT-ZGD-0004,2022-06-22,,,,,,,,,,,2022,,173,,,,0,,неизвестно
EXT-ZGD-0004,2022-06-23,,,,,,,,,,,2022,,174,,,,0,,неизвестно
EXT-ZGD-0004,2022-06-24,,,,,,,,,,,2022,,175,,,,0,,неизвестно
EXT-ZGD-0004,2022-06-25,,,,,,,,,,,2022,,176,,,,0,,неизвестно
EXT-ZGD-0004,2022-06-26,,,,,,,,,,,2022,,177,,,,0,,неизвестно
EXT-ZGD-0004,2022-06-27,,,,,,,,,,,2022,,178,,,,0,,неизвестно
EXT-ZGD-0004,2022-06-28,,,,,,,,,,,2022,,179,,,,0,,неизвестно
EXT-ZGD-0004,2022-06-29,0.48646986517307356,0.36714807312210107,-0.5263455799549542,,,,,,,,2022,0.48646986517307356,180,0.3381470369784526,0.2407882142559202,0.6159887378747574,5,Штатное развитие,неизвестно
EXT-ZGD-0004,2022-06-30,,,,,,,,,,,2022,,181,,,,0,,неизвестно
EXT-ZGD-0004,2022-07-01,,,,,,,,,,,2022,,182,,,,0,,неизвестно
EXT-ZGD-0004,2022-07-02,,,,,,,,,,,2022,,183,,,,0,,неизвестно
EXT-ZGD-0004,2022-07-03,,,,,,,,,,,2022,,184,,,,0,,неизвестно
EXT-ZGD-0004,2022-07-04,,,,,,,,,,,2022,,185,,,,0,,неизвестно
EXT-ZGD-0004,2022-07-05,,,,,,,,,,,2022,,186,,,,0,,неизвестно
EXT-ZGD-0004,2022-07-06,,,,,,,,,,,2022,,187,,,,0,,неизвестно
EXT-ZGD-0004,2022-07-07,,,,,,,,,,,2022,,188,,,,0,,неизвестно
EXT-ZGD-0004,2022-07-08,,,,,,,,,,,2022,,189,,,,0,,неизвестно
EXT-ZGD-0004,2022-07-09,0.47072991471242454,0.34430860135534436,-0.5071061702803694,,,,,,,,2022,0.47072991471242454,190,0.264456374388643,0.18765538539485008,1.0992146049512865,5,Штатное развитие,неизвестно
EXT-ZGD-0004,2022-07-10,,,,,,,,,,,2022,,191,,,,0,,неизвестно
EXT-ZGD-0004,2022-07-11,,,,,,,,,,,2022,,192,,,,0,,неизвестно
EXT-ZGD-0004,2022-07-12,,,,,,,,,,,2022,,193,,,,0,,неизвестно
EXT-ZGD-0004,2022-07-13,,,,,,,,,,,2022,,194,,,,0,,неизвестно
EXT-ZGD-0004,2022-07-14,,,,,,,,,,,2022,,195,,,,0,,неизвестно
EXT-ZGD-0004,2022-07-15,,,,,,,,,,,2022,,196,,,,0,,неизвестно
EXT-ZGD-0004,2022-07-16,,,,,,,,,,,2022,,197,,,,0,,неизвестно
EXT-ZGD-0004,2022-07-17,,,,,,,,,,,2022,,198,,,,0,,неизвестно
EXT-ZGD-0004,2022-07-18,,,,,,,,,,,2022,,199,,,,0,,неизвестно
EXT-ZGD-0004,2022-07-19,0.4534214025718202,0.3258157200116019,-0.4920056547966479,,,,,,,,2022,0.4534214025718202,200,0.23283154658387523,0.12017410929011363,1.835585529121057,5,Штатное развитие,неизвестно
EXT-ZGD-0004,2022-07-20,,,,,,,,,,,2022,,201,,,,0,,неизвестно
EXT-ZGD-0004,2022-07-21,,,,,,,,,,,2022,,202,,,,0,,неизвестно
EXT-ZGD-0004,2022-07-22,,,,,,,,,,,2022,,203,,,,0,,неизвестно
EXT-ZGD-0004,2022-07-23,,,,,,,,,,,2022,,204,,,,0,,неизвестно
EXT-ZGD-0004,2022-07-24,,,,,,,,,,,2022,,205,,,,0,,неизвестно
EXT-ZGD-0004,2022-07-25,,,,,,,,,,,2022,,206,,,,0,,неизвестно
EXT-ZGD-0004,2022-07-26,,,,,,,,,,,2022,,207,,,,0,,неизвестно
EXT-ZGD-0004,2022-07-27,,,,,,,,,,,2022,,208,,,,0,,неизвестно
EXT-ZGD-0004,2022-07-28,,,,,,,,,,,2022,,209,,,,0,,неизвестно
EXT-ZGD-0004,2022-07-29,0.4965723970381999,0.4302139384812319,-0.4752029756299543,,,,,,,,2022,0.4965723970381999,210,0.25478038405242975,0.13326984047760548,1.8143040624889215,5,Штатное развитие,неизвестно
EXT-ZGD-0004,2022-07-30,,,,,,,,,,,2022,,211,,,,0,,неизвестно
EXT-ZGD-0004,2022-07-31,,,,,,,,,,,2022,,212,,,,0,,неизвестно
EXT-ZGD-0004,2022-08-01,,,,,,,,,,,2022,,213,,,,0,,неизвестно
EXT-ZGD-0004,2022-08-02,,,,,,,,,,,2022,,214,,,,0,,неизвестно
EXT-ZGD-0004,2022-08-03,,,,,,,,,,,2022,,215,,,,0,,неизвестно
EXT-ZGD-0004,2022-08-04,,,,,,,,,,,2022,,216,,,,0,,неизвестно
EXT-ZGD-0004,2022-08-05,,,,,,,,,,,2022,,217,,,,0,,неизвестно
EXT-ZGD-0004,2022-08-06,,,,,,,,,,,2022,,218,,,,0,,неизвестно
EXT-ZGD-0004,2022-08-07,,,,,,,,,,,2022,,219,,,,0,,неизвестно
EXT-ZGD-0004,2022-08-08,0.4980171229305904,0.33399591288278413,-0.4898492954981323,,,,,,,,2022,0.4980171229305904,220,0.23041959119556743,0.12168365483715828,2.1991247065444592,5,Штатное развитие,неизвестно
EXT-ZGD-0004,2022-08-09,,,,,,,,,,,2022,,221,,,,0,,неизвестно
EXT-ZGD-0004,2022-08-10,,,,,,,,,,,2022,,222,,,,0,,неизвестно
EXT-ZGD-0004,2022-08-11,,,,,,,,,,,2022,,223,,,,0,,неизвестно
EXT-ZGD-0004,2022-08-12,,,,,,,,,,,2022,,224,,,,0,,неизвестно
EXT-ZGD-0004,2022-08-13,0.4530210921192763,0.27285763931070744,-0.46734869814060026,,,,,,,,2022,0.4530210921192763,225,0.2322949739813336,0.12045156301433581,1.8324886171188373,5,Штатное развитие,неизвестно
EXT-ZGD-0004,2022-08-14,,,,,,,,,,,2022,,226,,,,0,,неизвестно
EXT-ZGD-0004,2022-08-15,,,,,,,,,,,2022,,227,,,,0,,неизвестно
EXT-ZGD-0004,2022-08-16,,,,,,,,,,,2022,,228,,,,0,,неизвестно
EXT-ZGD-0004,2022-08-17,,,,,,,,,,,2022,,229,,,,0,,неизвестно
EXT-ZGD-0004,2022-08-18,,,,,,,,,,,2022,,230,,,,0,,неизвестно
EXT-ZGD-0004,2022-08-19,,,,,,,,,,,2022,,231,,,,0,,неизвестно
EXT-ZGD-0004,2022-08-20,,,,,,,,,,,2022,,232,,,,0,,неизвестно
EXT-ZGD-0004,2022-08-21,,,,,,,,,,,2022,,233,,,,0,,неизвестно
EXT-ZGD-0004,2022-08-22,,,,,,,,,,,2022,,234,,,,0,,неизвестно
EXT-ZGD-0004,2022-08-23,0.38079875402683966,0.20629763463560985,-0.4345518992070312,,,,,,,,2022,0.38079875402683966,235,0.2222124018518312,0.11489418247581236,1.3802818276581952,5,Штатное развитие,неизвестно
EXT-ZGD-0004,2022-08-24,,,,,,,,,,,2022,,236,,,,0,,неизвестно
EXT-ZGD-0004,2022-08-25,,,,,,,,,,,2022,,237,,,,0,,неизвестно
EXT-ZGD-0004,2022-08-26,,,,,,,,,,,2022,,238,,,,0,,неизвестно
EXT-ZGD-0004,2022-08-27,,,,,,,,,,,2022,,239,,,,0,,неизвестно
EXT-ZGD-0004,2022-08-28,0.31396689364195896,0.1797243973728499,-0.3897546458242194,,,,,,,,2022,0.31396689364195896,240,0.21031842159485523,0.10316012918516715,1.0047338333694797,5,Штатное развитие,неизвестно
EXT-ZGD-0004,2022-08-29,,,,,,,,,,,2022,,241,,,,0,,неизвестно
EXT-ZGD-0004,2022-08-30,,,,,,,,,,,2022,,242,,,,0,,неизвестно
EXT-ZGD-0004,2022-08-31,,,,,,,,,,,2022,,243,,,,0,,неизвестно
EXT-ZGD-0004,2022-09-01,,,,,,,,,,,2022,,244,,,,0,,неизвестно
EXT-ZGD-0004,2022-09-02,0.2811806934498414,0.14739256188092653,-0.38420417007734153,,,,,,,,2022,0.2811806934498414,245,0.2008401280100602,0.0887732721629565,0.905008495037833,5,Штатное развитие,неизвестно
EXT-ZGD-0004,2022-09-03,,,,,,,,,,,2022,,246,,,,0,,неизвестно
EXT-ZGD-0004,2022-09-04,,,,,,,,,,,2022,,247,,,,0,,неизвестно
EXT-ZGD-0004,2022-09-05,,,,,,,,,,,2022,,248,,,,0,,неизвестно
EXT-ZGD-0004,2022-09-06,,,,,,,,,,,2022,,249,,,,0,,неизвестно
EXT-ZGD-0004,2022-09-07,0.27922290752141554,0.17386630759228838,-0.3764844993847163,,,,,,,,2022,0.27922290752141554,250,0.18886204690768116,0.0707937192187241,1.2763965731840659,5,Штатное развитие,неизвестно
EXT-ZGD-0004,2022-09-08,,,,,,,,,,,2022,,251,,,,0,,неизвестно
EXT-ZGD-0004,2022-09-09,,,,,,,,,,,2022,,252,,,,0,,неизвестно
EXT-ZGD-0004,2022-09-10,,,,,,,,,,,2022,,253,,,,0,,неизвестно
EXT-ZGD-0004,2022-09-11,,,,,,,,,,,2022,,254,,,,0,,неизвестно
EXT-ZGD-0004,2022-09-12,,,,,,,,,,,2022,,255,,,,0,,неизвестно
EXT-ZGD-0004,2022-09-13,,,,,,,,,,,2022,,256,,,,0,,неизвестно
EXT-ZGD-0004,2022-09-14,,,,,,,,,,,2022,,257,,,,0,,неизвестно
EXT-ZGD-0004,2022-09-15,,,,,,,,,,,2022,,258,,,,0,,неизвестно
EXT-ZGD-0004,2022-09-16,,,,,,,,,,,2022,,259,,,,0,,неизвестно
EXT-ZGD-0004,2022-09-17,,,,,,,,,,,2022,,260,,,,0,,неизвестно
EXT-ZGD-0004,2022-09-18,,,,,,,,,,,2022,,261,,,,0,,неизвестно
EXT-ZGD-0004,2022-09-19,,,,,,,,,,,2022,,262,,,,0,,неизвестно
EXT-ZGD-0004,2022-09-20,,,,,,,,,,,2022,,263,,,,0,,неизвестно
EXT-ZGD-0004,2022-09-21,,,,,,,,,,,2022,,264,,,,0,,неизвестно
EXT-ZGD-0004,2022-09-22,,,,,,,,,,,2022,,265,,,,0,,неизвестно
EXT-ZGD-0004,2022-09-23,,,,,,,,,,,2022,,266,,,,0,,неизвестно
EXT-ZGD-0004,2022-09-24,,,,,,,,,,,2022,,267,,,,0,,неизвестно
EXT-ZGD-0004,2022-09-25,,,,,,,,,,,2022,,268,,,,0,,неизвестно
EXT-ZGD-0004,2022-09-26,,,,,,,,,,,2022,,269,,,,0,,неизвестно
EXT-ZGD-0004,2022-09-27,,,,,,,,,,,2022,,270,,,,0,,неизвестно
EXT-ZGD-0004,2022-09-28,,,,,,,,,,,2022,,271,,,,0,,неизвестно
EXT-ZGD-0004,2022-09-29,,,,,,,,,,,2022,,272,,,,0,,неизвестно
EXT-ZGD-0004,2022-09-30,,,,,,,,,,,2022,,273,,,,0,,неизвестно
EXT-ZGD-0004,2022-10-01,,,,,,,,,,,2022,,274,,,,0,,неизвестно
EXT-ZGD-0004,2022-10-02,0.25593265238086077,0.1396223781255917,-0.3340763035401933,,,,,,,,2022,0.25593265238086077,275,0.17879071321636877,0.04555279464673496,1.6934622730116344,5,Штатное развитие,неизвестно
EXT-ZGD-0004,2022-10-03,,,,,,,,,,,2022,,276,,,,0,,неизвестно
EXT-ZGD-0004,2022-10-04,,,,,,,,,,,2022,,277,,,,0,,неизвестно
EXT-ZGD-0004,2022-10-05,,,,,,,,,,,2022,,278,,,,0,,неизвестно
EXT-ZGD-0004,2022-10-06,,,,,,,,,,,2022,,279,,,,0,,неизвестно
EXT-ZGD-0004,2022-10-07,0.26363498356683945,0.13077491811636724,-0.37602638200938376,,,,,,,,2022,0.26363498356683945,280,0.18856341958583364,0.06401452456072246,1.172727041185707,5,Штатное развитие,неизвестно
EXT-ZGD-0004,2022-10-08,,,,,,,,,,,2022,,281,,,,0,,неизвестно
EXT-ZGD-0004,2022-10-09,,,,,,,,,,,2022,,282,,,,0,,неизвестно
EXT-ZGD-0004,2022-10-10,,,,,,,,,,,2022,,283,,,,0,,неизвестно
EXT-ZGD-0004,2022-10-11,,,,,,,,,,,2022,,284,,,,0,,неизвестно
EXT-ZGD-0004,2022-10-12,0.2520917910236411,0.1263979801437311,-0.3461652779602534,,,,,,,,2022,0.2520917910236411,285,0.18960829760024453,0.06716368055620295,0.9303166965531323,5,Штатное развитие,неизвестно
EXT-ZGD-0004,2022-10-13,,,,,,,,,,,2022,,286,,,,0,,неизвестно
EXT-ZGD-0004,2022-10-14,,,,,,,,,,,2022,,287,,,,0,,неизвестно
EXT-ZGD-0004,2022-10-15,,,,,,,,,,,2022,,288,,,,0,,неизвестно
EXT-ZGD-0004,2022-10-16,,,,,,,,,,,2022,,289,,,,0,,неизвестно
EXT-ZGD-0004,2022-10-17,0.25772335709532335,0.1327713116209113,-0.3691720358533447,,,,,,,,2022,0.25772335709532335,290,0.19054849318543374,0.07005232661290174,0.9589240951422993,5,Штатное развитие,неизвестно
EXT-ZGD-0004,2022-10-18,,,,,,,,,,,2022,,291,,,,0,,неизвестно
EXT-ZGD-0004,2022-10-19,,,,,,,,,,,2022,,292,,,,0,,неизвестно
EXT-ZGD-0004,2022-10-20,,,,,,,,,,,2022,,293,,,,0,,неизвестно
EXT-ZGD-0004,2022-10-21,,,,,,,,,,,2022,,294,,,,0,,неизвестно
EXT-ZGD-0004,2022-10-22,0.21097437518242565,0.0903740943522686,-0.3100901726548507,,,,,,,,2022,0.21097437518242565,295,0.19647176210012798,0.07588588952680671,0.19111080034417485,5,Штатное развитие,неизвестно
EXT-ZGD-0004,2022-10-23,,,,,,,,,,,2022,,296,,,,0,,неизвестно
EXT-ZGD-0004,2022-10-24,,,,,,,,,,,2022,,297,,,,0,,неизвестно
EXT-ZGD-0004,2022-10-25,,,,,,,,,,,2022,,298,,,,0,,неизвестно
EXT-ZGD-0004,2022-10-26,,,,,,,,,,,2022,,299,,,,0,,неизвестно
EXT-ZGD-0004,2022-10-27,,,,,,,,,,,2022,,300,,,,0,,неизвестно
EXT-ZGD-0004,2022-10-28,,,,,,,,,,,2022,,301,,,,0,,неизвестно
EXT-ZGD-0004,2022-10-29,,,,,,,,,,,2022,,302,,,,0,,неизвестно
EXT-ZGD-0004,2022-10-30,,,,,,,,,,,2022,,303,,,,0,,неизвестно
EXT-ZGD-0004,2023-04-01,,,,,,,,,,,2023,,91,,,,0,,неизвестно
EXT-ZGD-0004,2023-04-02,,,,,,,,,,,2023,,92,,,,0,,неизвестно
EXT-ZGD-0004,2023-04-03,,,,,,,,,,,2023,,93,,,,0,,неизвестно
EXT-ZGD-0004,2023-04-04,,,,,,,,,,,2023,,94,,,,0,,неизвестно
EXT-ZGD-0004,2023-04-05,,,,,,,,,,,2023,,95,,,,0,,неизвестно
EXT-ZGD-0004,2023-04-06,,,,,,,,,,,2023,,96,,,,0,,неизвестно
EXT-ZGD-0004,2023-04-07,,,,,,,,,,,2023,,97,,,,0,,неизвестно
EXT-ZGD-0004,2023-04-08,,,,,,,,,,,2023,,98,,,,0,,неизвестно
EXT-ZGD-0004,2023-04-09,,,,,,,,,,,2023,,99,,,,0,,неизвестно
EXT-ZGD-0004,2023-04-10,,,,,,,,,,,2023,,100,,,,0,,неизвестно
EXT-ZGD-0004,2023-04-11,,,,,,,,,,,2023,,101,,,,0,,неизвестно
EXT-ZGD-0004,2023-04-12,,,,,,,,,,,2023,,102,,,,0,,неизвестно
EXT-ZGD-0004,2023-04-13,,,,,,,,,,,2023,,103,,,,0,,неизвестно
EXT-ZGD-0004,2023-04-14,,,,,,,,,,,2023,,104,,,,0,,неизвестно
EXT-ZGD-0004,2023-04-15,,,,,,,,,,,2023,,105,,,,0,,неизвестно
EXT-ZGD-0004,2023-04-16,,,,,,,,,,,2023,,106,,,,0,,неизвестно
EXT-ZGD-0004,2023-04-17,,,,,,,,,,,2023,,107,,,,0,,неизвестно
EXT-ZGD-0004,2023-04-18,,,,,,,,,,,2023,,108,,,,0,,неизвестно
EXT-ZGD-0004,2023-04-19,,,,,,,,,,,2023,,109,,,,0,,неизвестно
EXT-ZGD-0004,2023-04-20,,,,,,,,,,,2023,,110,,,,0,,неизвестно
EXT-ZGD-0004,2023-04-21,,,,,,,,,,,2023,,111,,,,0,,неизвестно
EXT-ZGD-0004,2023-04-22,,,,,,,,,,,2023,,112,,,,0,,неизвестно
EXT-ZGD-0004,2023-04-23,,,,,,,,,,,2023,,113,,,,0,,неизвестно
EXT-ZGD-0004,2023-04-24,,,,,,,,,,,2023,,114,,,,0,,неизвестно
EXT-ZGD-0004,2023-04-25,,,,,,,,,,,2023,,115,,,,0,,неизвестно
EXT-ZGD-0004,2023-04-26,,,,,,,,,,,2023,,116,,,,0,,неизвестно
EXT-ZGD-0004,2023-04-27,,,,,,,,,,,2023,,117,,,,0,,неизвестно
EXT-ZGD-0004,2023-04-28,,,,,,,,,,,2023,,118,,,,0,,неизвестно
EXT-ZGD-0004,2023-04-29,,,,,,,,,,,2023,,119,,,,0,,неизвестно
EXT-ZGD-0004,2023-04-30,,,,,,,,,,,2023,,120,,,,0,,неизвестно
EXT-ZGD-0004,2023-05-01,,,,,,,,,,,2023,,121,,,,0,,неизвестно
EXT-ZGD-0004,2023-05-02,,,,,,,,,,,2023,,122,,,,0,,неизвестно
EXT-ZGD-0004,2023-05-03,,,,,,,,,,,2023,,123,,,,0,,неизвестно
EXT-ZGD-0004,2023-05-04,,,,,,,,,,,2023,,124,,,,0,,неизвестно
EXT-ZGD-0004,2023-05-05,0.5194611910519964,0.3359096265106021,-0.49423273918498456,,,,,,,,2023,0.5194611910519964,125,0.5406141486213661,0.14874887900840406,-0.14220582844308116,5,Штатное развитие,неизвестно
EXT-ZGD-0004,2023-05-06,,,,,,,,,,,2023,,126,,,,0,,неизвестно
EXT-ZGD-0004,2023-05-07,,,,,,,,,,,2023,,127,,,,0,,неизвестно
EXT-ZGD-0004,2023-05-08,,,,,,,,,,,2023,,128,,,,0,,неизвестно
EXT-ZGD-0004,2023-05-09,,,,,,,,,,,2023,,129,,,,0,,неизвестно
EXT-ZGD-0004,2023-05-10,,,,,,,,,,,2023,,130,,,,0,,неизвестно
EXT-ZGD-0004,2023-05-11,,,,,,,,,,,2023,,131,,,,0,,неизвестно
EXT-ZGD-0004,2023-05-12,,,,,,,,,,,2023,,132,,,,0,,неизвестно
EXT-ZGD-0004,2023-05-13,,,,,,,,,,,2023,,133,,,,0,,неизвестно
EXT-ZGD-0004,2023-05-14,,,,,,,,,,,2023,,134,,,,0,,неизвестно
EXT-ZGD-0004,2023-05-15,0.5255496698291792,0.39447691872772966,-0.4842280678051908,,,,,,,,2023,0.5255496698291792,135,0.5751177853725177,0.12873083922573325,-0.38505237627185346,5,Штатное развитие,неизвестно
EXT-ZGD-0004,2023-05-16,,,,,,,,,,,2023,,136,,,,0,,неизвестно
EXT-ZGD-0004,2023-05-17,,,,,,,,,,,2023,,137,,,,0,,неизвестно
EXT-ZGD-0004,2023-05-18,,,,,,,,,,,2023,,138,,,,0,,неизвестно
EXT-ZGD-0004,2023-05-19,,,,,,,,,,,2023,,139,,,,0,,неизвестно
EXT-ZGD-0004,2023-05-20,0.5370121531591684,0.4022626880491335,-0.5075753326062176,,,,,,,,2023,0.5370121531591684,140,0.5879959530403992,0.1432817482051597,-0.35582899092094433,5,Штатное развитие,неизвестно
EXT-ZGD-0004,2023-05-21,,,,,,,,,,,2023,,141,,,,0,,неизвестно
EXT-ZGD-0004,2023-05-22,,,,,,,,,,,2023,,142,,,,0,,неизвестно
EXT-ZGD-0004,2023-05-23,,,,,,,,,,,2023,,143,,,,0,,неизвестно
EXT-ZGD-0004,2023-05-24,,,,,,,,,,,2023,,144,,,,0,,неизвестно
EXT-ZGD-0004,2023-05-25,,,,,,,,,,,2023,,145,,,,0,,неизвестно
EXT-ZGD-0004,2023-05-26,,,,,,,,,,,2023,,146,,,,0,,неизвестно
EXT-ZGD-0004,2023-05-27,,,,,,,,,,,2023,,147,,,,0,,неизвестно
EXT-ZGD-0004,2023-05-28,,,,,,,,,,,2023,,148,,,,0,,неизвестно
EXT-ZGD-0004,2023-05-29,,,,,,,,,,,2023,,149,,,,0,,неизвестно
EXT-ZGD-0004,2023-05-30,,,,,,,,,,,2023,,150,,,,0,,неизвестно
EXT-ZGD-0004,2023-05-31,,,,,,,,,,,2023,,151,,,,0,,неизвестно
EXT-ZGD-0004,2023-06-01,,,,,,,,,,,2023,,152,,,,0,,неизвестно
EXT-ZGD-0004,2023-06-02,,,,,,,,,,,2023,,153,,,,0,,неизвестно
EXT-ZGD-0004,2023-06-03,,,,,,,,,,,2023,,154,,,,0,,неизвестно
EXT-ZGD-0004,2023-06-04,,,,,,,,,,,2023,,155,,,,0,,неизвестно
EXT-ZGD-0004,2023-06-05,,,,,,,,,,,2023,,156,,,,0,,неизвестно
EXT-ZGD-0004,2023-06-06,,,,,,,,,,,2023,,157,,,,0,,неизвестно
EXT-ZGD-0004,2023-06-07,,,,,,,,,,,2023,,158,,,,0,,неизвестно
EXT-ZGD-0004,2023-06-08,,,,,,,,,,,2023,,159,,,,0,,неизвестно
EXT-ZGD-0004,2023-06-09,0.4435790375032282,0.2940882481986223,-0.426929145423698,,,,,,,,2023,0.4435790375032282,160,0.4855836934251043,0.24555738486984374,-0.17105841041653239,5,Штатное развитие,неизвестно
EXT-ZGD-0004,2023-06-10,,,,,,,,,,,2023,,161,,,,0,,неизвестно
EXT-ZGD-0004,2023-06-11,,,,,,,,,,,2023,,162,,,,0,,неизвестно
EXT-ZGD-0004,2023-06-12,,,,,,,,,,,2023,,163,,,,0,,неизвестно
EXT-ZGD-0004,2023-06-13,,,,,,,,,,,2023,,164,,,,0,,неизвестно
EXT-ZGD-0004,2023-06-14,,,,,,,,,,,2023,,165,,,,0,,неизвестно
EXT-ZGD-0004,2023-06-15,,,,,,,,,,,2023,,166,,,,0,,неизвестно
EXT-ZGD-0004,2023-06-16,,,,,,,,,,,2023,,167,,,,0,,неизвестно
EXT-ZGD-0004,2023-06-17,,,,,,,,,,,2023,,168,,,,0,,неизвестно
EXT-ZGD-0004,2023-06-18,,,,,,,,,,,2023,,169,,,,0,,неизвестно
EXT-ZGD-0004,2023-06-19,0.7221052909955145,0.47671456799901835,-0.6312826856730446,,,,,,,,2023,0.7221052909955145,170,0.4221156889603993,0.24231145499223197,1.2380331010134549,5,Штатное развитие,неизвестно
EXT-ZGD-0004,2023-06-20,,,,,,,,,,,2023,,171,,,,0,,неизвестно
EXT-ZGD-0004,2023-06-21,,,,,,,,,,,2023,,172,,,,0,,неизвестно
EXT-ZGD-0004,2023-06-22,,,,,,,,,,,2023,,173,,,,0,,неизвестно
EXT-ZGD-0004,2023-06-23,,,,,,,,,,,2023,,174,,,,0,,неизвестно
EXT-ZGD-0004,2023-06-24,,,,,,,,,,,2023,,175,,,,0,,неизвестно
EXT-ZGD-0004,2023-06-25,,,,,,,,,,,2023,,176,,,,0,,неизвестно
EXT-ZGD-0004,2023-06-26,,,,,,,,,,,2023,,177,,,,0,,неизвестно
EXT-ZGD-0004,2023-06-27,,,,,,,,,,,2023,,178,,,,0,,неизвестно
EXT-ZGD-0004,2023-06-28,,,,,,,,,,,2023,,179,,,,0,,неизвестно
EXT-ZGD-0004,2023-06-29,,,,,,,,,,,2023,,180,,,,0,,неизвестно
EXT-ZGD-0004,2023-06-30,,,,,,,,,,,2023,,181,,,,0,,неизвестно
EXT-ZGD-0004,2023-07-01,,,,,,,,,,,2023,,182,,,,0,,неизвестно
EXT-ZGD-0004,2023-07-02,,,,,,,,,,,2023,,183,,,,0,,неизвестно
EXT-ZGD-0004,2023-07-03,,,,,,,,,,,2023,,184,,,,0,,неизвестно
EXT-ZGD-0004,2023-07-04,,,,,,,,,,,2023,,185,,,,0,,неизвестно
EXT-ZGD-0004,2023-07-05,,,,,,,,,,,2023,,186,,,,0,,неизвестно
EXT-ZGD-0004,2023-07-06,,,,,,,,,,,2023,,187,,,,0,,неизвестно
EXT-ZGD-0004,2023-07-07,,,,,,,,,,,2023,,188,,,,0,,неизвестно
EXT-ZGD-0004,2023-07-08,,,,,,,,,,,2023,,189,,,,0,,неизвестно
EXT-ZGD-0004,2023-07-09,,,,,,,,,,,2023,,190,,,,0,,неизвестно
EXT-ZGD-0004,2023-07-10,,,,,,,,,,,2023,,191,,,,0,,неизвестно
EXT-ZGD-0004,2023-07-11,,,,,,,,,,,2023,,192,,,,0,,неизвестно
EXT-ZGD-0004,2023-07-12,,,,,,,,,,,2023,,193,,,,0,,неизвестно
EXT-ZGD-0004,2023-07-13,,,,,,,,,,,2023,,194,,,,0,,неизвестно
EXT-ZGD-0004,2023-07-14,0.523423152422185,0.4549880333243013,-0.5469829754051594,,,,,,,,2023,0.523423152422185,195,0.24482431086308365,0.12233017799906885,2.2774334683075663,5,Штатное развитие,неизвестно
EXT-ZGD-0004,2023-07-15,,,,,,,,,,,2023,,196,,,,0,,неизвестно
EXT-ZGD-0004,2023-07-16,,,,,,,,,,,2023,,197,,,,0,,неизвестно
EXT-ZGD-0004,2023-07-17,,,,,,,,,,,2023,,198,,,,0,,неизвестно
EXT-ZGD-0004,2023-07-18,,,,,,,,,,,2023,,199,,,,0,,неизвестно
EXT-ZGD-0004,2023-07-19,,,,,,,,,,,2023,,200,,,,0,,неизвестно
EXT-ZGD-0004,2023-07-20,,,,,,,,,,,2023,,201,,,,0,,неизвестно
EXT-ZGD-0004,2023-07-21,,,,,,,,,,,2023,,202,,,,0,,неизвестно
EXT-ZGD-0004,2023-07-22,,,,,,,,,,,2023,,203,,,,0,,неизвестно
EXT-ZGD-0004,2023-07-23,,,,,,,,,,,2023,,204,,,,0,,неизвестно
EXT-ZGD-0004,2023-07-24,,,,,,,,,,,2023,,205,,,,0,,неизвестно
EXT-ZGD-0004,2023-07-25,,,,,,,,,,,2023,,206,,,,0,,неизвестно
EXT-ZGD-0004,2023-07-26,,,,,,,,,,,2023,,207,,,,0,,неизвестно
EXT-ZGD-0004,2023-07-27,,,,,,,,,,,2023,,208,,,,0,,неизвестно
EXT-ZGD-0004,2023-07-28,,,,,,,,,,,2023,,209,,,,0,,неизвестно
EXT-ZGD-0004,2023-07-29,,,,,,,,,,,2023,,210,,,,0,,неизвестно
EXT-ZGD-0004,2023-07-30,,,,,,,,,,,2023,,211,,,,0,,неизвестно
EXT-ZGD-0004,2023-07-31,,,,,,,,,,,2023,,212,,,,0,,неизвестно
EXT-ZGD-0004,2023-08-01,,,,,,,,,,,2023,,213,,,,0,,неизвестно
EXT-ZGD-0004,2023-08-02,,,,,,,,,,,2023,,214,,,,0,,неизвестно
EXT-ZGD-0004,2023-08-03,0.4647520464558278,0.42778371477192084,-0.4760864394274313,,,,,,,,2023,0.4647520464558278,215,0.2321117951082858,0.12081032474483278,1.9256653091439715,5,Штатное развитие,неизвестно
EXT-ZGD-0004,2023-08-04,,,,,,,,,,,2023,,216,,,,0,,неизвестно
EXT-ZGD-0004,2023-08-05,,,,,,,,,,,2023,,217,,,,0,,неизвестно
EXT-ZGD-0004,2023-08-06,,,,,,,,,,,2023,,218,,,,0,,неизвестно
EXT-ZGD-0004,2023-08-07,,,,,,,,,,,2023,,219,,,,0,,неизвестно
EXT-ZGD-0004,2023-08-08,0.5135485711573806,0.3945816279972218,-0.5155876096965678,,,,,,,,2023,0.5135485711573806,220,0.23100028276009024,0.11983876464266835,2.357736991363224,5,Штатное развитие,неизвестно
EXT-ZGD-0004,2023-08-09,,,,,,,,,,,2023,,221,,,,0,,неизвестно
EXT-ZGD-0004,2023-08-10,,,,,,,,,,,2023,,222,,,,0,,неизвестно
EXT-ZGD-0004,2023-08-11,,,,,,,,,,,2023,,223,,,,0,,неизвестно
EXT-ZGD-0004,2023-08-12,,,,,,,,,,,2023,,224,,,,0,,неизвестно
EXT-ZGD-0004,2023-08-13,0.47474178348079954,0.3533487920917017,-0.4765406893363857,,,,,,,,2023,0.47474178348079954,225,0.22604455981435992,0.11255085710962598,2.209643089827431,5,Штатное развитие,неизвестно
EXT-ZGD-0004,2023-08-14,,,,,,,,,,,2023,,226,,,,0,,неизвестно
EXT-ZGD-0004,2023-08-15,,,,,,,,,,,2023,,227,,,,0,,неизвестно
EXT-ZGD-0004,2023-08-16,,,,,,,,,,,2023,,228,,,,0,,неизвестно
EXT-ZGD-0004,2023-08-17,,,,,,,,,,,2023,,229,,,,0,,неизвестно
EXT-ZGD-0004,2023-08-18,0.40233899903831843,0.2837542287756034,-0.4172777490320845,,,,,,,,2023,0.40233899903831843,230,0.2262092147449803,0.11145418898717602,1.5802886001315188,5,Штатное развитие,неизвестно
EXT-ZGD-0004,2023-08-19,,,,,,,,,,,2023,,231,,,,0,,неизвестно
EXT-ZGD-0004,2023-08-20,,,,,,,,,,,2023,,232,,,,0,,неизвестно
EXT-ZGD-0004,2023-08-21,,,,,,,,,,,2023,,233,,,,0,,неизвестно
EXT-ZGD-0004,2023-08-22,,,,,,,,,,,2023,,234,,,,0,,неизвестно
EXT-ZGD-0004,2023-08-23,0.4701886640339777,0.3292034692158699,-0.4200386325434966,,,,,,,,2023,0.4701886640339777,235,0.20814002568614598,0.09517320515815354,2.7533867112321566,5,Штатное развитие,неизвестно
EXT-ZGD-0004,2023-08-24,,,,,,,,,,,2023,,236,,,,0,,неизвестно
EXT-ZGD-0004,2023-08-25,,,,,,,,,,,2023,,237,,,,0,,неизвестно
EXT-ZGD-0004,2023-08-26,,,,,,,,,,,2023,,238,,,,0,,неизвестно
EXT-ZGD-0004,2023-08-27,,,,,,,,,,,2023,,239,,,,0,,неизвестно
EXT-ZGD-0004,2023-08-28,0.2557103090493106,0.13402753508541015,-0.3479792970819262,,,,,,,,2023,0.2557103090493106,240,0.20406591777055155,0.09289420115453131,0.5559484944904965,5,Штатное развитие,неизвестно
EXT-ZGD-0004,2023-08-29,,,,,,,,,,,2023,,241,,,,0,,неизвестно
EXT-ZGD-0004,2023-08-30,,,,,,,,,,,2023,,242,,,,0,,неизвестно
EXT-ZGD-0004,2023-08-31,,,,,,,,,,,2023,,243,,,,0,,неизвестно
EXT-ZGD-0004,2023-09-01,,,,,,,,,,,2023,,244,,,,0,,неизвестно
EXT-ZGD-0004,2023-09-02,0.22458149397979404,0.12692416049171434,-0.34772766201548355,,,,,,,,2023,0.22458149397979404,245,0.19282568848537154,0.07722569248306736,0.4112077790870614,5,Штатное развитие,неизвестно
EXT-ZGD-0004,2023-09-03,,,,,,,,,,,2023,,246,,,,0,,неизвестно
EXT-ZGD-0004,2023-09-04,,,,,,,,,,,2023,,247,,,,0,,неизвестно
EXT-ZGD-0004,2023-09-05,,,,,,,,,,,2023,,248,,,,0,,неизвестно
EXT-ZGD-0004,2023-09-06,,,,,,,,,,,2023,,249,,,,0,,неизвестно
EXT-ZGD-0004,2023-09-07,,,,,,,,,,,2023,,250,,,,0,,неизвестно
EXT-ZGD-0004,2023-09-08,,,,,,,,,,,2023,,251,,,,0,,неизвестно
EXT-ZGD-0004,2023-09-09,,,,,,,,,,,2023,,252,,,,0,,неизвестно
EXT-ZGD-0004,2023-09-10,,,,,,,,,,,2023,,253,,,,0,,неизвестно
EXT-ZGD-0004,2023-09-11,,,,,,,,,,,2023,,254,,,,0,,неизвестно
EXT-ZGD-0004,2023-09-12,0.22472455667167854,0.1014753485201517,-0.3555057028975285,,,,,,,,2023,0.22472455667167854,255,0.18274382716839876,0.0586719831036415,0.7155157757173921,5,Штатное развитие,неизвестно
EXT-ZGD-0004,2023-09-13,,,,,,,,,,,2023,,256,,,,0,,неизвестно
EXT-ZGD-0004,2023-09-14,,,,,,,,,,,2023,,257,,,,0,,неизвестно
EXT-ZGD-0004,2023-09-15,,,,,,,,,,,2023,,258,,,,0,,неизвестно
EXT-ZGD-0004,2023-09-16,,,,,,,,,,,2023,,259,,,,0,,неизвестно
EXT-ZGD-0004,2023-09-17,0.24233254037318136,0.0809779715152517,-0.3652775057635156,,,,,,,,2023,0.24233254037318136,260,0.18013141302252184,0.04751232114861765,1.3091578320515127,5,Штатное развитие,неизвестно
EXT-ZGD-0004,2023-09-18,,,,,,,,,,,2023,,261,,,,0,,неизвестно
EXT-ZGD-0004,2023-09-19,,,,,,,,,,,2023,,262,,,,0,,неизвестно
EXT-ZGD-0004,2023-09-20,,,,,,,,,,,2023,,263,,,,0,,неизвестно
EXT-ZGD-0004,2023-09-21,,,,,,,,,,,2023,,264,,,,0,,неизвестно
EXT-ZGD-0004,2023-09-22,0.2324822453290468,0.09463011840557431,-0.3573563108201725,,,,,,,,2023,0.2324822453290468,265,0.1788621947836629,0.04585934557091735,1.1692284283138172,5,Штатное развитие,неизвестно
EXT-ZGD-0004,2023-09-23,,,,,,,,,,,2023,,266,,,,0,,неизвестно
EXT-ZGD-0004,2023-09-24,,,,,,,,,,,2023,,267,,,,0,,неизвестно
EXT-ZGD-0004,2023-09-25,,,,,,,,,,,2023,,268,,,,0,,неизвестно
EXT-ZGD-0004,2023-09-26,,,,,,,,,,,2023,,269,,,,0,,неизвестно
EXT-ZGD-0004,2023-09-27,0.2244668790352084,0.09364415121370209,-0.36417116079832823,,,,,,,,2023,0.2244668790352084,270,0.17649899952533982,0.045971326045779845,1.0434304083832713,5,Штатное развитие,неизвестно
EXT-ZGD-0004,2023-09-28,,,,,,,,,,,2023,,271,,,,0,,неизвестно
EXT-ZGD-0004,2023-09-29,,,,,,,,,,,2023,,272,,,,0,,неизвестно
EXT-ZGD-0004,2023-09-30,,,,,,,,,,,2023,,273,,,,0,,неизвестно
EXT-ZGD-0004,2023-10-01,,,,,,,,,,,2023,,274,,,,0,,неизвестно
EXT-ZGD-0004,2023-10-02,0.19090963730158206,0.0918026025380331,-0.32021990706947767,,,,,,,,2023,0.19090963730158206,275,0.18120470609850645,0.05153702907965485,0.1883098691637001,5,Штатное развитие,неизвестно
EXT-ZGD-0004,2023-10-03,,,,,,,,,,,2023,,276,,,,0,,неизвестно
EXT-ZGD-0004,2023-10-04,,,,,,,,,,,2023,,277,,,,0,,неизвестно
EXT-ZGD-0004,2023-10-05,,,,,,,,,,,2023,,278,,,,0,,неизвестно
EXT-ZGD-0004,2023-10-06,,,,,,,,,,,2023,,279,,,,0,,неизвестно
EXT-ZGD-0004,2023-10-07,0.21427112739368515,0.1162373583123501,-0.37308092467611187,,,,,,,,2023,0.21427112739368515,280,0.1927538310327259,0.0680987754877388,0.3159718542198083,5,Штатное развитие,неизвестно
EXT-ZGD-0004,2023-10-08,,,,,,,,,,,2023,,281,,,,0,,неизвестно
EXT-ZGD-0004,2023-10-09,,,,,,,,,,,2023,,282,,,,0,,неизвестно
EXT-ZGD-0004,2023-10-10,,,,,,,,,,,2023,,283,,,,0,,неизвестно
EXT-ZGD-0004,2023-10-11,,,,,,,,,,,2023,,284,,,,0,,неизвестно
EXT-ZGD-0004,2023-10-12,0.19874580599545255,0.1025005676257635,-0.343685235970858,,,,,,,,2023,0.19874580599545255,285,0.19625575923706362,0.07090298862286233,0.03511906630105049,5,Штатное развитие,неизвестно
EXT-ZGD-0004,2023-10-13,,,,,,,,,,,2023,,286,,,,0,,неизвестно
EXT-ZGD-0004,2023-10-14,,,,,,,,,,,2023,,287,,,,0,,неизвестно
EXT-ZGD-0004,2023-10-15,,,,,,,,,,,2023,,288,,,,0,,неизвестно
EXT-ZGD-0004,2023-10-16,,,,,,,,,,,2023,,289,,,,0,,неизвестно
EXT-ZGD-0004,2023-10-17,,,,,,,,,,,2023,,290,,,,0,,неизвестно
EXT-ZGD-0004,2023-10-18,,,,,,,,,,,2023,,291,,,,0,,неизвестно
EXT-ZGD-0004,2023-10-19,,,,,,,,,,,2023,,292,,,,0,,неизвестно
EXT-ZGD-0004,2023-10-20,,,,,,,,,,,2023,,293,,,,0,,неизвестно
EXT-ZGD-0004,2023-10-21,,,,,,,,,,,2023,,294,,,,0,,неизвестно
EXT-ZGD-0004,2023-10-22,,,,,,,,,,,2023,,295,,,,0,,неизвестно
EXT-ZGD-0004,2023-10-23,,,,,,,,,,,2023,,296,,,,0,,неизвестно
EXT-ZGD-0004,2023-10-24,,,,,,,,,,,2023,,297,,,,0,,неизвестно
EXT-ZGD-0004,2023-10-25,,,,,,,,,,,2023,,298,,,,0,,неизвестно
EXT-ZGD-0004,2023-10-26,,,,,,,,,,,2023,,299,,,,0,,неизвестно
EXT-ZGD-0004,2023-10-27,,,,,,,,,,,2023,,300,,,,0,,неизвестно
EXT-ZGD-0004,2023-10-28,,,,,,,,,,,2023,,301,,,,0,,неизвестно
EXT-ZGD-0004,2023-10-29,,,,,,,,,,,2023,,302,,,,0,,неизвестно
EXT-ZGD-0004,2023-10-30,,,,,,,,,,,2023,,303,,,,0,,неизвестно
EXT-ZGD-0004,2024-04-01,,,,,,,,,,,2024,,92,,,,0,,неизвестно
EXT-ZGD-0004,2024-04-02,,,,,,,,,,,2024,,93,,,,0,,неизвестно
EXT-ZGD-0004,2024-04-03,,,,,,,,,,,2024,,94,,,,0,,неизвестно
EXT-ZGD-0004,2024-04-04,0.21852754204703526,0.0554826344888582,-0.32154810214851987,,,,,,,,2024,0.21852754204703526,95,0.453220477187291,0.1084700693109408,-2.1636653929618492,4,Критическая аномалия,неизвестно
EXT-ZGD-0004,2024-04-05,,,,,,,,,,,2024,,96,,,,0,,неизвестно
EXT-ZGD-0004,2024-04-06,,,,,,,,,,,2024,,97,,,,0,,неизвестно
EXT-ZGD-0004,2024-04-07,,,,,,,,,,,2024,,98,,,,0,,неизвестно
EXT-ZGD-0004,2024-04-08,,,,,,,,,,,2024,,99,,,,0,,неизвестно
EXT-ZGD-0004,2024-04-09,0.24430786404334295,0.1077364261017413,-0.3209602719426137,,,,,,,,2024,0.24430786404334295,100,0.47289801387432095,0.11643063738436236,-1.9633161422654861,4,Угнетение биомассы,неизвестно
EXT-ZGD-0004,2024-04-10,,,,,,,,,,,2024,,101,,,,0,,неизвестно
EXT-ZGD-0004,2024-04-11,,,,,,,,,,,2024,,102,,,,0,,неизвестно
EXT-ZGD-0004,2024-04-12,,,,,,,,,,,2024,,103,,,,0,,неизвестно
EXT-ZGD-0004,2024-04-13,,,,,,,,,,,2024,,104,,,,0,,неизвестно
EXT-ZGD-0004,2024-04-14,0.287679222476722,0.1559321323385919,-0.3341740349970094,,,,,,,,2024,0.287679222476722,105,0.48799830962763474,0.10677762781994396,-1.8760398712800124,5,Угнетение биомассы,неизвестно
EXT-ZGD-0004,2024-04-15,,,,,,,,,,,2024,,106,,,,0,,неизвестно
EXT-ZGD-0004,2024-04-16,,,,,,,,,,,2024,,107,,,,0,,неизвестно
EXT-ZGD-0004,2024-04-17,,,,,,,,,,,2024,,108,,,,0,,неизвестно
EXT-ZGD-0004,2024-04-18,,,,,,,,,,,2024,,109,,,,0,,неизвестно
EXT-ZGD-0004,2024-04-19,,,,,,,,,,,2024,,110,,,,0,,неизвестно
EXT-ZGD-0004,2024-04-20,,,,,,,,,,,2024,,111,,,,0,,неизвестно
EXT-ZGD-0004,2024-04-21,,,,,,,,,,,2024,,112,,,,0,,неизвестно
EXT-ZGD-0004,2024-04-22,,,,,,,,,,,2024,,113,,,,0,,неизвестно
EXT-ZGD-0004,2024-04-23,,,,,,,,,,,2024,,114,,,,0,,неизвестно
EXT-ZGD-0004,2024-04-24,,,,,,,,,,,2024,,115,,,,0,,неизвестно
EXT-ZGD-0004,2024-04-25,,,,,,,,,,,2024,,116,,,,0,,неизвестно
EXT-ZGD-0004,2024-04-26,,,,,,,,,,,2024,,117,,,,0,,неизвестно
EXT-ZGD-0004,2024-04-27,,,,,,,,,,,2024,,118,,,,0,,неизвестно
EXT-ZGD-0004,2024-04-28,,,,,,,,,,,2024,,119,,,,0,,неизвестно
EXT-ZGD-0004,2024-04-29,,,,,,,,,,,2024,,120,,,,0,,неизвестно
EXT-ZGD-0004,2024-04-30,,,,,,,,,,,2024,,121,,,,0,,неизвестно
EXT-ZGD-0004,2024-05-01,,,,,,,,,,,2024,,122,,,,0,,неизвестно
EXT-ZGD-0004,2024-05-02,,,,,,,,,,,2024,,123,,,,0,,неизвестно
EXT-ZGD-0004,2024-05-03,,,,,,,,,,,2024,,124,,,,0,,неизвестно
EXT-ZGD-0004,2024-05-04,0.40073109116409017,0.22316753426305086,-0.4255301634123098,,,,,,,,2024,0.40073109116409017,125,0.566246982321576,0.12713353649380882,-1.301905820621502,5,Угнетение биомассы,неизвестно
EXT-ZGD-0004,2024-05-05,,,,,,,,,,,2024,,126,,,,0,,неизвестно
EXT-ZGD-0004,2024-05-06,,,,,,,,,,,2024,,127,,,,0,,неизвестно
EXT-ZGD-0004,2024-05-07,,,,,,,,,,,2024,,128,,,,0,,неизвестно
EXT-ZGD-0004,2024-05-08,,,,,,,,,,,2024,,129,,,,0,,неизвестно
EXT-ZGD-0004,2024-05-09,,,,,,,,,,,2024,,130,,,,0,,неизвестно
EXT-ZGD-0004,2024-05-10,,,,,,,,,,,2024,,131,,,,0,,неизвестно
EXT-ZGD-0004,2024-05-11,,,,,,,,,,,2024,,132,,,,0,,неизвестно
EXT-ZGD-0004,2024-05-12,,,,,,,,,,,2024,,133,,,,0,,неизвестно
EXT-ZGD-0004,2024-05-13,,,,,,,,,,,2024,,134,,,,0,,неизвестно
EXT-ZGD-0004,2024-05-14,,,,,,,,,,,2024,,135,,,,0,,неизвестно
EXT-ZGD-0004,2024-05-15,,,,,,,,,,,2024,,136,,,,0,,неизвестно
EXT-ZGD-0004,2024-05-16,,,,,,,,,,,2024,,137,,,,0,,неизвестно
EXT-ZGD-0004,2024-05-17,,,,,,,,,,,2024,,138,,,,0,,неизвестно
EXT-ZGD-0004,2024-05-18,,,,,,,,,,,2024,,139,,,,0,,неизвестно
EXT-ZGD-0004,2024-05-19,,,,,,,,,,,2024,,140,,,,0,,неизвестно
EXT-ZGD-0004,2024-05-20,,,,,,,,,,,2024,,141,,,,0,,неизвестно
EXT-ZGD-0004,2024-05-21,,,,,,,,,,,2024,,142,,,,0,,неизвестно
EXT-ZGD-0004,2024-05-22,,,,,,,,,,,2024,,143,,,,0,,неизвестно
EXT-ZGD-0004,2024-05-23,,,,,,,,,,,2024,,144,,,,0,,неизвестно
EXT-ZGD-0004,2024-05-24,0.4065888600955446,0.21747538840606365,-0.44610386434251875,,,,,,,,2024,0.4065888600955446,145,0.5973087577387964,0.14957086014673948,-1.2751139991850167,5,Угнетение биомассы,неизвестно
EXT-ZGD-0004,2024-05-25,,,,,,,,,,,2024,,146,,,,0,,неизвестно
EXT-ZGD-0004,2024-05-26,,,,,,,,,,,2024,,147,,,,0,,неизвестно
EXT-ZGD-0004,2024-05-27,,,,,,,,,,,2024,,148,,,,0,,неизвестно
EXT-ZGD-0004,2024-05-28,,,,,,,,,,,2024,,149,,,,0,,неизвестно
EXT-ZGD-0004,2024-05-29,,,,,,,,,,,2024,,150,,,,0,,неизвестно
EXT-ZGD-0004,2024-05-30,,,,,,,,,,,2024,,151,,,,0,,неизвестно
EXT-ZGD-0004,2024-05-31,,,,,,,,,,,2024,,152,,,,0,,неизвестно
EXT-ZGD-0004,2024-06-01,,,,,,,,,,,2024,,153,,,,0,,неизвестно
EXT-ZGD-0004,2024-06-02,,,,,,,,,,,2024,,154,,,,0,,неизвестно
EXT-ZGD-0004,2024-06-03,0.3881858876794815,0.20655068710585509,-0.45460629453403195,,,,,,,,2024,0.3881858876794815,155,0.5894340041290237,0.19546358439701528,-1.0295939116760373,5,Угнетение биомассы,неизвестно
EXT-ZGD-0004,2024-06-04,,,,,,,,,,,2024,,156,,,,0,,неизвестно
EXT-ZGD-0004,2024-06-05,,,,,,,,,,,2024,,157,,,,0,,неизвестно
EXT-ZGD-0004,2024-06-06,,,,,,,,,,,2024,,158,,,,0,,неизвестно
EXT-ZGD-0004,2024-06-07,,,,,,,,,,,2024,,159,,,,0,,неизвестно
EXT-ZGD-0004,2024-06-08,,,,,,,,,,,2024,,160,,,,0,,неизвестно
EXT-ZGD-0004,2024-06-09,,,,,,,,,,,2024,,161,,,,0,,неизвестно
EXT-ZGD-0004,2024-06-10,,,,,,,,,,,2024,,162,,,,0,,неизвестно
EXT-ZGD-0004,2024-06-11,,,,,,,,,,,2024,,163,,,,0,,неизвестно
EXT-ZGD-0004,2024-06-12,,,,,,,,,,,2024,,164,,,,0,,неизвестно
EXT-ZGD-0004,2024-06-13,0.1228256730190965,0.0658803857848676,-0.2400934040529208,,,,,,,,2024,0.1228256730190965,165,0.4865848533895532,0.2452105068201289,-1.4834567453395777,5,Угнетение биомассы,неизвестно
EXT-ZGD-0004,2024-06-14,,,,,,,,,,,2024,,166,,,,0,,неизвестно
EXT-ZGD-0004,2024-06-15,,,,,,,,,,,2024,,167,,,,0,,неизвестно
EXT-ZGD-0004,2024-06-16,,,,,,,,,,,2024,,168,,,,0,,неизвестно
EXT-ZGD-0004,2024-06-17,,,,,,,,,,,2024,,169,,,,0,,неизвестно
EXT-ZGD-0004,2024-06-18,,,,,,,,,,,2024,,170,,,,0,,неизвестно
EXT-ZGD-0004,2024-06-19,,,,,,,,,,,2024,,171,,,,0,,неизвестно
EXT-ZGD-0004,2024-06-20,,,,,,,,,,,2024,,172,,,,0,,неизвестно
EXT-ZGD-0004,2024-06-21,,,,,,,,,,,2024,,173,,,,0,,неизвестно
EXT-ZGD-0004,2024-06-22,,,,,,,,,,,2024,,174,,,,0,,неизвестно
EXT-ZGD-0004,2024-06-23,0.2102200733160033,0.10838139373406035,-0.33580133025503545,,,,,,,,2024,0.2102200733160033,175,0.470118577909425,0.2382826804694291,-1.090715045178308,5,Угнетение биомассы,неизвестно
EXT-ZGD-0004,2024-06-24,,,,,,,,,,,2024,,176,,,,0,,неизвестно
EXT-ZGD-0004,2024-06-25,,,,,,,,,,,2024,,177,,,,0,,неизвестно
EXT-ZGD-0004,2024-06-26,,,,,,,,,,,2024,,178,,,,0,,неизвестно
EXT-ZGD-0004,2024-06-27,,,,,,,,,,,2024,,179,,,,0,,неизвестно
EXT-ZGD-0004,2024-06-28,0.1678875692872166,0.0878293589256809,-0.3281159362995209,,,,,,,,2024,0.1678875692872166,180,0.4171167913897998,0.23232714293239237,-1.0727512031390554,5,Угнетение биомассы,неизвестно
EXT-ZGD-0004,2024-06-29,,,,,,,,,,,2024,,181,,,,0,,неизвестно
EXT-ZGD-0004,2024-06-30,,,,,,,,,,,2024,,182,,,,0,,неизвестно
EXT-ZGD-0004,2024-07-01,,,,,,,,,,,2024,,183,,,,0,,неизвестно
EXT-ZGD-0004,2024-07-02,,,,,,,,,,,2024,,184,,,,0,,неизвестно
EXT-ZGD-0004,2024-07-03,0.16997762376891623,0.1084203256354637,-0.31441367864875225,,,,,,,,2024,0.16997762376891623,185,0.36995410370834764,0.22794493299406882,-0.8773017119210754,5,Штатное развитие,неизвестно
EXT-ZGD-0004,2024-07-04,,,,,,,,,,,2024,,186,,,,0,,неизвестно
EXT-ZGD-0004,2024-07-05,,,,,,,,,,,2024,,187,,,,0,,неизвестно
EXT-ZGD-0004,2024-07-06,,,,,,,,,,,2024,,188,,,,0,,неизвестно
EXT-ZGD-0004,2024-07-07,,,,,,,,,,,2024,,189,,,,0,,неизвестно
EXT-ZGD-0004,2024-07-08,,,,,,,,,,,2024,,190,,,,0,,неизвестно
EXT-ZGD-0004,2024-07-09,,,,,,,,,,,2024,,191,,,,0,,неизвестно
EXT-ZGD-0004,2024-07-10,,,,,,,,,,,2024,,192,,,,0,,неизвестно
EXT-ZGD-0004,2024-07-11,,,,,,,,,,,2024,,193,,,,0,,неизвестно
EXT-ZGD-0004,2024-07-12,,,,,,,,,,,2024,,194,,,,0,,неизвестно
EXT-ZGD-0004,2024-07-13,0.15820833535260995,0.0926531730110734,-0.3027162044937528,,,,,,,,2024,0.15820833535260995,195,0.29082147779179063,0.14221909944968233,-0.9324566317205497,5,Штатное развитие,неизвестно
EXT-ZGD-0004,2024-07-14,,,,,,,,,,,2024,,196,,,,0,,неизвестно
EXT-ZGD-0004,2024-07-15,,,,,,,,,,,2024,,197,,,,0,,неизвестно
EXT-ZGD-0004,2024-07-16,,,,,,,,,,,2024,,198,,,,0,,неизвестно
EXT-ZGD-0004,2024-07-17,,,,,,,,,,,2024,,199,,,,0,,неизвестно
EXT-ZGD-0004,2024-07-18,0.14240835809708507,0.0848968527810737,-0.2886140253016557,,,,,,,,2024,0.14240835809708507,200,0.2995227322071972,0.1478806458886061,-1.062440410413554,5,Угнетение биомассы,неизвестно
EXT-ZGD-0004,2024-07-19,,,,,,,,,,,2024,,201,,,,0,,неизвестно
EXT-ZGD-0004,2024-07-20,,,,,,,,,,,2024,,202,,,,0,,неизвестно
EXT-ZGD-0004,2024-07-21,,,,,,,,,,,2024,,203,,,,0,,неизвестно
EXT-ZGD-0004,2024-07-22,,,,,,,,,,,2024,,204,,,,0,,неизвестно
EXT-ZGD-0004,2024-07-23,,,,,,,,,,,2024,,205,,,,0,,неизвестно
EXT-ZGD-0004,2024-07-24,,,,,,,,,,,2024,,206,,,,0,,неизвестно
EXT-ZGD-0004,2024-07-25,,,,,,,,,,,2024,,207,,,,0,,неизвестно
EXT-ZGD-0004,2024-07-26,,,,,,,,,,,2024,,208,,,,0,,неизвестно
EXT-ZGD-0004,2024-07-27,,,,,,,,,,,2024,,209,,,,0,,неизвестно
EXT-ZGD-0004,2024-07-28,,,,,,,,,,,2024,,210,,,,0,,неизвестно
EXT-ZGD-0004,2024-07-29,,,,,,,,,,,2024,,211,,,,0,,неизвестно
EXT-ZGD-0004,2024-07-30,,,,,,,,,,,2024,,212,,,,0,,неизвестно
EXT-ZGD-0004,2024-07-31,,,,,,,,,,,2024,,213,,,,0,,неизвестно
EXT-ZGD-0004,2024-08-01,,,,,,,,,,,2024,,214,,,,0,,неизвестно
EXT-ZGD-0004,2024-08-02,,,,,,,,,,,2024,,215,,,,0,,неизвестно
EXT-ZGD-0004,2024-08-03,,,,,,,,,,,2024,,216,,,,0,,неизвестно
EXT-ZGD-0004,2024-08-04,,,,,,,,,,,2024,,217,,,,0,,неизвестно
EXT-ZGD-0004,2024-08-05,,,,,,,,,,,2024,,218,,,,0,,неизвестно
EXT-ZGD-0004,2024-08-06,,,,,,,,,,,2024,,219,,,,0,,неизвестно
EXT-ZGD-0004,2024-08-07,,,,,,,,,,,2024,,220,,,,0,,неизвестно
EXT-ZGD-0004,2024-08-08,,,,,,,,,,,2024,,221,,,,0,,неизвестно
EXT-ZGD-0004,2024-08-09,,,,,,,,,,,2024,,222,,,,0,,неизвестно
EXT-ZGD-0004,2024-08-10,,,,,,,,,,,2024,,223,,,,0,,неизвестно
EXT-ZGD-0004,2024-08-11,,,,,,,,,,,2024,,224,,,,0,,неизвестно
EXT-ZGD-0004,2024-08-12,,,,,,,,,,,2024,,225,,,,0,,неизвестно
EXT-ZGD-0004,2024-08-13,,,,,,,,,,,2024,,226,,,,0,,неизвестно
EXT-ZGD-0004,2024-08-14,,,,,,,,,,,2024,,227,,,,0,,неизвестно
EXT-ZGD-0004,2024-08-15,,,,,,,,,,,2024,,228,,,,0,,неизвестно
EXT-ZGD-0004,2024-08-16,,,,,,,,,,,2024,,229,,,,0,,неизвестно
EXT-ZGD-0004,2024-08-17,0.1679485598720511,0.08000815927345835,-0.2890417698114345,,,,,,,,2024,0.1679485598720511,230,0.27743861335929415,0.1360031002245384,-0.8050555708397614,5,Штатное развитие,неизвестно
EXT-ZGD-0004,2024-08-18,,,,,,,,,,,2024,,231,,,,0,,неизвестно
EXT-ZGD-0004,2024-08-19,,,,,,,,,,,2024,,232,,,,0,,неизвестно
EXT-ZGD-0004,2024-08-20,,,,,,,,,,,2024,,233,,,,0,,неизвестно
EXT-ZGD-0004,2024-08-21,,,,,,,,,,,2024,,234,,,,0,,неизвестно
EXT-ZGD-0004,2024-08-22,0.15825007199040256,0.07521878315481184,-0.27726778393948753,,,,,,,,2024,0.15825007199040256,235,0.2601022588195495,0.1284031717040943,-0.7932217364837825,5,Штатное развитие,неизвестно
EXT-ZGD-0004,2024-08-23,,,,,,,,,,,2024,,236,,,,0,,неизвестно
EXT-ZGD-0004,2024-08-24,,,,,,,,,,,2024,,237,,,,0,,неизвестно
EXT-ZGD-0004,2024-08-25,,,,,,,,,,,2024,,238,,,,0,,неизвестно
EXT-ZGD-0004,2024-08-26,,,,,,,,,,,2024,,239,,,,0,,неизвестно
EXT-ZGD-0004,2024-08-27,,,,,,,,,,,2024,,240,,,,0,,неизвестно
EXT-ZGD-0004,2024-08-28,,,,,,,,,,,2024,,241,,,,0,,неизвестно
EXT-ZGD-0004,2024-08-29,,,,,,,,,,,2024,,242,,,,0,,неизвестно
EXT-ZGD-0004,2024-08-30,,,,,,,,,,,2024,,243,,,,0,,неизвестно
EXT-ZGD-0004,2024-08-31,,,,,,,,,,,2024,,244,,,,0,,неизвестно
EXT-ZGD-0004,2024-09-01,0.1909297793289178,0.0951118188158474,-0.305180211273134,,,,,,,,2024,0.1909297793289178,245,0.2346021670046572,0.10631703310642585,-0.4107750790225899,5,Штатное развитие,неизвестно
EXT-ZGD-0004,2024-09-02,,,,,,,,,,,2024,,246,,,,0,,неизвестно
EXT-ZGD-0004,2024-09-03,,,,,,,,,,,2024,,247,,,,0,,неизвестно
EXT-ZGD-0004,2024-09-04,,,,,,,,,,,2024,,248,,,,0,,неизвестно
EXT-ZGD-0004,2024-09-05,,,,,,,,,,,2024,,249,,,,0,,неизвестно
EXT-ZGD-0004,2024-09-06,0.175682650568307,0.08291666295723145,-0.29784685904367436,,,,,,,,2024,0.175682650568307,250,0.21283469855066783,0.08546971074549706,-0.4346808671552474,5,Штатное развитие,неизвестно
EXT-ZGD-0004,2024-09-07,,,,,,,,,,,2024,,251,,,,0,,неизвестно
EXT-ZGD-0004,2024-09-08,,,,,,,,,,,2024,,252,,,,0,,неизвестно
EXT-ZGD-0004,2024-09-09,,,,,,,,,,,2024,,253,,,,0,,неизвестно
EXT-ZGD-0004,2024-09-10,,,,,,,,,,,2024,,254,,,,0,,неизвестно
EXT-ZGD-0004,2024-09-11,0.1544882910468626,0.0672718855001871,-0.2685669523788442,,,,,,,,2024,0.1544882910468626,255,0.20897492843998428,0.07763228954514918,-0.7018553454028106,5,Штатное развитие,неизвестно
EXT-ZGD-0004,2024-09-12,,,,,,,,,,,2024,,256,,,,0,,неизвестно
EXT-ZGD-0004,2024-09-13,,,,,,,,,,,2024,,257,,,,0,,неизвестно
EXT-ZGD-0004,2024-09-14,,,,,,,,,,,2024,,258,,,,0,,неизвестно
EXT-ZGD-0004,2024-09-15,,,,,,,,,,,2024,,259,,,,0,,неизвестно
EXT-ZGD-0004,2024-09-16,0.1634707111105867,0.08002917855425225,-0.2880794386405924,,,,,,,,2024,0.1634707111105867,260,0.1979269947288069,0.04967746783969079,-0.6935998374436202,5,Штатное развитие,неизвестно
EXT-ZGD-0004,2024-09-17,,,,,,,,,,,2024,,261,,,,0,,неизвестно
EXT-ZGD-0004,2024-09-18,,,,,,,,,,,2024,,262,,,,0,,неизвестно
EXT-ZGD-0004,2024-09-19,,,,,,,,,,,2024,,263,,,,0,,неизвестно
EXT-ZGD-0004,2024-09-20,,,,,,,,,,,2024,,264,,,,0,,неизвестно
EXT-ZGD-0004,2024-09-21,0.1537634410136092,0.07347203229051535,-0.2812625811153333,,,,,,,,2024,0.1537634410136092,265,0.19610790128823674,0.04693021157734557,-0.9022857313319319,5,Штатное развитие,неизвестно
EXT-ZGD-0004,2024-09-22,,,,,,,,,,,2024,,266,,,,0,,неизвестно
EXT-ZGD-0004,2024-09-23,,,,,,,,,,,2024,,267,,,,0,,неизвестно
EXT-ZGD-0004,2024-09-24,,,,,,,,,,,2024,,268,,,,0,,неизвестно
EXT-ZGD-0004,2024-09-25,,,,,,,,,,,2024,,269,,,,0,,неизвестно
EXT-ZGD-0004,2024-09-26,0.15087703369342964,0.070515764920461,-0.2891059651624375,,,,,,,,2024,0.15087703369342964,270,0.19537943121748852,0.04683933602368123,-0.9501073521101829,5,Штатное развитие,неизвестно
EXT-ZGD-0004,2024-09-27,,,,,,,,,,,2024,,271,,,,0,,неизвестно
EXT-ZGD-0004,2024-09-28,,,,,,,,,,,2024,,272,,,,0,,неизвестно
EXT-ZGD-0004,2024-09-29,,,,,,,,,,,2024,,273,,,,0,,неизвестно
EXT-ZGD-0004,2024-09-30,,,,,,,,,,,2024,,274,,,,0,,неизвестно
EXT-ZGD-0004,2024-10-01,0.1572324101456844,0.07585052045938201,-0.29401314866429024,,,,,,,,2024,0.1572324101456844,275,0.19954974228794034,0.05012998062164917,-0.8441521743573296,5,Штатное развитие,неизвестно
EXT-ZGD-0004,2024-10-02,,,,,,,,,,,2024,,276,,,,0,,неизвестно
EXT-ZGD-0004,2024-10-03,,,,,,,,,,,2024,,277,,,,0,,неизвестно
EXT-ZGD-0004,2024-10-04,,,,,,,,,,,2024,,278,,,,0,,неизвестно
EXT-ZGD-0004,2024-10-05,,,,,,,,,,,2024,,279,,,,0,,неизвестно
EXT-ZGD-0004,2024-10-06,0.14696260274382225,0.07200652005734876,-0.2791921614831582,,,,,,,,2024,0.14696260274382225,280,0.2094100923012931,0.06612514090430475,-0.9443834629833734,5,Штатное развитие,неизвестно
EXT-ZGD-0004,2024-10-07,,,,,,,,,,,2024,,281,,,,0,,неизвестно
EXT-ZGD-0004,2024-10-08,,,,,,,,,,,2024,,282,,,,0,,неизвестно
EXT-ZGD-0004,2024-10-09,,,,,,,,,,,2024,,283,,,,0,,неизвестно
EXT-ZGD-0004,2024-10-10,,,,,,,,,,,2024,,284,,,,0,,неизвестно
EXT-ZGD-0004,2024-10-11,0.1378440725794297,0.06535765705955265,-0.2657207976206172,,,,,,,,2024,0.1378440725794297,285,0.2120364529437021,0.0681897715784255,-1.0880279937430684,5,Угнетение биомассы,неизвестно
EXT-ZGD-0004,2024-10-12,,,,,,,,,,,2024,,286,,,,0,,неизвестно
EXT-ZGD-0004,2024-10-13,,,,,,,,,,,2024,,287,,,,0,,неизвестно
EXT-ZGD-0004,2024-10-14,,,,,,,,,,,2024,,288,,,,0,,неизвестно
EXT-ZGD-0004,2024-10-15,,,,,,,,,,,2024,,289,,,,0,,неизвестно
EXT-ZGD-0004,2024-10-16,0.1308379225607679,0.0810548646813048,-0.1815152782572422,,,,,,,,2024,0.1308379225607679,290,0.21340932894999867,0.07011743591352211,-1.1776158855989616,5,Угнетение биомассы,неизвестно
EXT-ZGD-0004,2024-10-17,,,,,,,,,,,2024,,291,,,,0,,неизвестно
EXT-ZGD-0004,2024-10-18,,,,,,,,,,,2024,,292,,,,0,,неизвестно
EXT-ZGD-0004,2024-10-19,,,,,,,,,,,2024,,293,,,,0,,неизвестно
EXT-ZGD-0004,2024-10-20,,,,,,,,,,,2024,,294,,,,0,,неизвестно
EXT-ZGD-0004,2024-10-21,,,,,,,,,,,2024,,295,,,,0,,неизвестно
EXT-ZGD-0004,2024-10-22,,,,,,,,,,,2024,,296,,,,0,,неизвестно
EXT-ZGD-0004,2024-10-23,,,,,,,,,,,2024,,297,,,,0,,неизвестно
EXT-ZGD-0004,2024-10-24,,,,,,,,,,,2024,,298,,,,0,,неизвестно
EXT-ZGD-0004,2024-10-25,,,,,,,,,,,2024,,299,,,,0,,неизвестно
EXT-ZGD-0004,2024-10-26,0.1813523881263966,0.0595591257581488,-0.2714686909632839,,,,,,,,2024,0.1813523881263966,300,0.22478861810520362,0.07734742995705339,-0.5615730219210217,5,Штатное развитие,неизвестно
EXT-ZGD-0004,2024-10-27,,,,,,,,,,,2024,,301,,,,0,,неизвестно
EXT-ZGD-0004,2024-10-28,,,,,,,,,,,2024,,302,,,,0,,неизвестно
EXT-ZGD-0004,2024-10-29,,,,,,,,,,,2024,,303,,,,0,,неизвестно
EXT-ZGD-0004,2024-10-30,,,,,,,,,,,2024,,304,,,,0,,неизвестно
EXT-ZGD-0005,2019-04-01,0.29889119902464806,0.15773725657732873,-0.3945258660016082,,,,,,,,2019,0.29889119902464806,91,0.3054257467481939,0.012713682082701353,-0.5139775936694967,3,Штатное развитие,неизвестно
EXT-ZGD-0005,2019-04-02,,,,,,,,,,,2019,,92,,,,0,,неизвестно
EXT-ZGD-0005,2019-04-03,,,,,,,,,,,2019,,93,,,,0,,неизвестно
EXT-ZGD-0005,2019-04-04,,,,,,,,,,,2019,,94,,,,0,,неизвестно
EXT-ZGD-0005,2019-04-05,,,,,,,,,,,2019,,95,,,,0,,неизвестно
EXT-ZGD-0005,2019-04-06,0.3056528493918008,0.17871743613392588,-0.37211276270356064,,,,,,,,2019,0.3056528493918008,96,0.3465184338635899,0.06862676900520664,-0.595475862614028,4,Штатное развитие,неизвестно
EXT-ZGD-0005,2019-04-07,,,,,,,,,,,2019,,97,,,,0,,неизвестно
EXT-ZGD-0005,2019-04-08,,,,,,,,,,,2019,,98,,,,0,,неизвестно
EXT-ZGD-0005,2019-04-09,,,,,,,,,,,2019,,99,,,,0,,неизвестно
EXT-ZGD-0005,2019-04-10,,,,,,,,,,,2019,,100,,,,0,,неизвестно
EXT-ZGD-0005,2019-04-11,,,,,,,,,,,2019,,101,,,,0,,неизвестно
EXT-ZGD-0005,2019-04-12,,,,,,,,,,,2019,,102,,,,0,,неизвестно
EXT-ZGD-0005,2019-04-13,,,,,,,,,,,2019,,103,,,,0,,неизвестно
EXT-ZGD-0005,2019-04-14,,,,,,,,,,,2019,,104,,,,0,,неизвестно
EXT-ZGD-0005,2019-04-15,,,,,,,,,,,2019,,105,,,,0,,неизвестно
EXT-ZGD-0005,2019-04-16,,,,,,,,,,,2019,,106,,,,0,,неизвестно
EXT-ZGD-0005,2019-04-17,,,,,,,,,,,2019,,107,,,,0,,неизвестно
EXT-ZGD-0005,2019-04-18,,,,,,,,,,,2019,,108,,,,0,,неизвестно
EXT-ZGD-0005,2019-04-19,,,,,,,,,,,2019,,109,,,,0,,неизвестно
EXT-ZGD-0005,2019-04-20,,,,,,,,,,,2019,,110,,,,0,,неизвестно
EXT-ZGD-0005,2019-04-21,0.5059485622213554,0.2920192050426651,-0.5009469008631515,,,,,,,,2019,0.5059485622213554,111,0.485081827281034,0.16650011143672994,0.12532565149814204,5,Штатное развитие,неизвестно
EXT-ZGD-0005,2019-04-22,,,,,,,,,,,2019,,112,,,,0,,неизвестно
EXT-ZGD-0005,2019-04-23,,,,,,,,,,,2019,,113,,,,0,,неизвестно
EXT-ZGD-0005,2019-04-24,,,,,,,,,,,2019,,114,,,,0,,неизвестно
EXT-ZGD-0005,2019-04-25,,,,,,,,,,,2019,,115,,,,0,,неизвестно
EXT-ZGD-0005,2019-04-26,0.5107748842064697,0.3212505859548561,-0.49120978402671256,,,,,,,,2019,0.5107748842064697,116,0.5406363957117826,0.17585310547327263,-0.16980940669172015,5,Штатное развитие,неизвестно
EXT-ZGD-0005,2019-04-27,,,,,,,,,,,2019,,117,,,,0,,неизвестно
EXT-ZGD-0005,2019-04-28,,,,,,,,,,,2019,,118,,,,0,,неизвестно
EXT-ZGD-0005,2019-04-29,,,,,,,,,,,2019,,119,,,,0,,неизвестно
EXT-ZGD-0005,2019-04-30,,,,,,,,,,,2019,,120,,,,0,,неизвестно
EXT-ZGD-0005,2019-05-01,,,,,,,,,,,2019,,121,,,,0,,неизвестно
EXT-ZGD-0005,2019-05-02,,,,,,,,,,,2019,,122,,,,0,,неизвестно
EXT-ZGD-0005,2019-05-03,,,,,,,,,,,2019,,123,,,,0,,неизвестно
EXT-ZGD-0005,2019-05-04,,,,,,,,,,,2019,,124,,,,0,,неизвестно
EXT-ZGD-0005,2019-05-05,,,,,,,,,,,2019,,125,,,,0,,неизвестно
EXT-ZGD-0005,2019-05-06,0.6797072952319576,0.4610779938884536,-0.6055483966203858,,,,,,,,2019,0.6797072952319576,126,0.625615347135599,0.14647093206111758,0.3693015899822896,5,Штатное развитие,неизвестно
EXT-ZGD-0005,2019-05-07,,,,,,,,,,,2019,,127,,,,0,,неизвестно
EXT-ZGD-0005,2019-05-08,,,,,,,,,,,2019,,128,,,,0,,неизвестно
EXT-ZGD-0005,2019-05-09,,,,,,,,,,,2019,,129,,,,0,,неизвестно
EXT-ZGD-0005,2019-05-10,,,,,,,,,,,2019,,130,,,,0,,неизвестно
EXT-ZGD-0005,2019-05-11,0.7373585476040895,0.5146532210875252,-0.633757485475835,,,,,,,,2019,0.7373585476040895,131,0.6585652157917115,0.12388912623202243,0.635998769293215,5,Штатное развитие,неизвестно
EXT-ZGD-0005,2019-05-12,,,,,,,,,,,2019,,132,,,,0,,неизвестно
EXT-ZGD-0005,2019-05-13,,,,,,,,,,,2019,,133,,,,0,,неизвестно
EXT-ZGD-0005,2019-05-14,,,,,,,,,,,2019,,134,,,,0,,неизвестно
EXT-ZGD-0005,2019-05-15,,,,,,,,,,,2019,,135,,,,0,,неизвестно
EXT-ZGD-0005,2019-05-16,0.759856660533095,0.5400993156682172,-0.6572166104613326,,,,,,,,2019,0.759856660533095,136,0.6648695312615496,0.1203393150831793,0.7893274879110762,5,Штатное развитие,неизвестно
EXT-ZGD-0005,2019-05-17,,,,,,,,,,,2019,,137,,,,0,,неизвестно
EXT-ZGD-0005,2019-05-18,,,,,,,,,,,2019,,138,,,,0,,неизвестно
EXT-ZGD-0005,2019-05-19,,,,,,,,,,,2019,,139,,,,0,,неизвестно
EXT-ZGD-0005,2019-05-20,,,,,,,,,,,2019,,140,,,,0,,неизвестно
EXT-ZGD-0005,2019-05-21,0.7714341413874595,0.5410324603023748,-0.6797422218729658,,,,,,,,2019,0.7714341413874595,141,0.7063082294918546,0.09456074856075317,0.6887203505349047,5,Штатное развитие,неизвестно
EXT-ZGD-0005,2019-05-22,,,,,,,,,,,2019,,142,,,,0,,неизвестно
EXT-ZGD-0005,2019-05-23,,,,,,,,,,,2019,,143,,,,0,,неизвестно
EXT-ZGD-0005,2019-05-24,,,,,,,,,,,2019,,144,,,,0,,неизвестно
EXT-ZGD-0005,2019-05-25,,,,,,,,,,,2019,,145,,,,0,,неизвестно
EXT-ZGD-0005,2019-05-26,,,,,,,,,,,2019,,146,,,,0,,неизвестно
EXT-ZGD-0005,2019-05-27,,,,,,,,,,,2019,,147,,,,0,,неизвестно
EXT-ZGD-0005,2019-05-28,,,,,,,,,,,2019,,148,,,,0,,неизвестно
EXT-ZGD-0005,2019-05-29,,,,,,,,,,,2019,,149,,,,0,,неизвестно
EXT-ZGD-0005,2019-05-30,,,,,,,,,,,2019,,150,,,,0,,неизвестно
EXT-ZGD-0005,2019-05-31,0.7802611737114784,0.5668421765784846,-0.6611745792896749,,,,,,,,2019,0.7802611737114784,151,0.7413605609884356,0.07275910239996228,0.5346494313412937,5,Штатное развитие,неизвестно
EXT-ZGD-0005,2019-06-01,,,,,,,,,,,2019,,152,,,,0,,неизвестно
EXT-ZGD-0005,2019-06-02,,,,,,,,,,,2019,,153,,,,0,,неизвестно
EXT-ZGD-0005,2019-06-03,,,,,,,,,,,2019,,154,,,,0,,неизвестно
EXT-ZGD-0005,2019-06-04,,,,,,,,,,,2019,,155,,,,0,,неизвестно
EXT-ZGD-0005,2019-06-05,0.7715036484282927,0.5829297514571091,-0.654267094783722,,,,,,,,2019,0.7715036484282927,156,0.7462445487387858,0.06893232331668421,0.36643331421549885,5,Штатное развитие,неизвестно
EXT-ZGD-0005,2019-06-06,,,,,,,,,,,2019,,157,,,,0,,неизвестно
EXT-ZGD-0005,2019-06-07,,,,,,,,,,,2019,,158,,,,0,,неизвестно
EXT-ZGD-0005,2019-06-08,,,,,,,,,,,2019,,159,,,,0,,неизвестно
EXT-ZGD-0005,2019-06-09,,,,,,,,,,,2019,,160,,,,0,,неизвестно
EXT-ZGD-0005,2019-06-10,0.7832707993024974,0.5156551472540489,-0.6953188495553404,,,,,,,,2019,0.7832707993024974,161,0.7389790961180477,0.08024008131822821,0.5519897594419307,5,Штатное развитие,неизвестно
EXT-ZGD-0005,2019-06-11,,,,,,,,,,,2019,,162,,,,0,,неизвестно
EXT-ZGD-0005,2019-06-12,,,,,,,,,,,2019,,163,,,,0,,неизвестно
EXT-ZGD-0005,2019-06-13,,,,,,,,,,,2019,,164,,,,0,,неизвестно
EXT-ZGD-0005,2019-06-14,,,,,,,,,,,2019,,165,,,,0,,неизвестно
EXT-ZGD-0005,2019-06-15,0.7323020347929263,0.484262931217313,-0.6796793253243114,,,,,,,,2019,0.7323020347929263,166,0.7169205802719597,0.09073854404104824,0.16951401065029617,5,Штатное развитие,неизвестно
EXT-ZGD-0005,2019-06-16,,,,,,,,,,,2019,,167,,,,0,,неизвестно
EXT-ZGD-0005,2019-06-17,,,,,,,,,,,2019,,168,,,,0,,неизвестно
EXT-ZGD-0005,2019-06-18,,,,,,,,,,,2019,,169,,,,0,,неизвестно
EXT-ZGD-0005,2019-06-19,,,,,,,,,,,2019,,170,,,,0,,неизвестно
EXT-ZGD-0005,2019-06-20,0.6153478221511105,0.3925931503587755,-0.5956944804156725,,,,,,,,2019,0.6153478221511105,171,0.7017275526785951,0.09972412813066137,-0.8661868711883591,5,Штатное развитие,неизвестно
EXT-ZGD-0005,2019-06-21,,,,,,,,,,,2019,,172,,,,0,,неизвестно
EXT-ZGD-0005,2019-06-22,,,,,,,,,,,2019,,173,,,,0,,неизвестно
EXT-ZGD-0005,2019-06-23,,,,,,,,,,,2019,,174,,,,0,,неизвестно
EXT-ZGD-0005,2019-06-24,,,,,,,,,,,2019,,175,,,,0,,неизвестно
EXT-ZGD-0005,2019-06-25,0.5044253773283034,0.3924743412350457,-0.5176076294953715,,,,,,,,2019,0.5044253773283034,176,0.6832745706373023,0.10469005208527561,-1.7083685579152905,5,Угнетение биомассы,неизвестно
EXT-ZGD-0005,2019-06-26,,,,,,,,,,,2019,,177,,,,0,,неизвестно
EXT-ZGD-0005,2019-06-27,,,,,,,,,,,2019,,178,,,,0,,неизвестно
EXT-ZGD-0005,2019-06-28,,,,,,,,,,,2019,,179,,,,0,,неизвестно
EXT-ZGD-0005,2019-06-29,,,,,,,,,,,2019,,180,,,,0,,неизвестно
EXT-ZGD-0005,2019-06-30,0.5449777868590564,0.3505499222798007,-0.5644875406438854,,,,,,,,2019,0.5449777868590564,181,0.6577632616261628,0.11382341042557824,-0.990881175897023,5,Штатное развитие,неизвестно
EXT-ZGD-0005,2019-07-01,,,,,,,,,,,2019,,182,,,,0,,неизвестно
EXT-ZGD-0005,2019-07-02,,,,,,,,,,,2019,,183,,,,0,,неизвестно
EXT-ZGD-0005,2019-07-03,,,,,,,,,,,2019,,184,,,,0,,неизвестно
EXT-ZGD-0005,2019-07-04,,,,,,,,,,,2019,,185,,,,0,,неизвестно
EXT-ZGD-0005,2019-07-05,,,,,,,,,,,2019,,186,,,,0,,неизвестно
EXT-ZGD-0005,2019-07-06,,,,,,,,,,,2019,,187,,,,0,,неизвестно
EXT-ZGD-0005,2019-07-07,,,,,,,,,,,2019,,188,,,,0,,неизвестно
EXT-ZGD-0005,2019-07-08,,,,,,,,,,,2019,,189,,,,0,,неизвестно
EXT-ZGD-0005,2019-07-09,,,,,,,,,,,2019,,190,,,,0,,неизвестно
EXT-ZGD-0005,2019-07-10,,,,,,,,,,,2019,,191,,,,0,,неизвестно
EXT-ZGD-0005,2019-07-11,,,,,,,,,,,2019,,192,,,,0,,неизвестно
EXT-ZGD-0005,2019-07-12,,,,,,,,,,,2019,,193,,,,0,,неизвестно
EXT-ZGD-0005,2019-07-13,,,,,,,,,,,2019,,194,,,,0,,неизвестно
EXT-ZGD-0005,2019-07-14,,,,,,,,,,,2019,,195,,,,0,,неизвестно
EXT-ZGD-0005,2019-07-15,,,,,,,,,,,2019,,196,,,,0,,неизвестно
EXT-ZGD-0005,2019-07-16,,,,,,,,,,,2019,,197,,,,0,,неизвестно
EXT-ZGD-0005,2019-07-17,,,,,,,,,,,2019,,198,,,,0,,неизвестно
EXT-ZGD-0005,2019-07-18,,,,,,,,,,,2019,,199,,,,0,,неизвестно
EXT-ZGD-0005,2019-07-19,,,,,,,,,,,2019,,200,,,,0,,неизвестно
EXT-ZGD-0005,2019-07-20,0.5391121870924382,0.26561611073994207,-0.5087968875150924,,,,,,,,2019,0.5391121870924382,201,0.5649603895483888,0.06268536280350281,-0.4123482947203452,5,Штатное развитие,неизвестно
EXT-ZGD-0005,2019-07-21,,,,,,,,,,,2019,,202,,,,0,,неизвестно
EXT-ZGD-0005,2019-07-22,,,,,,,,,,,2019,,203,,,,0,,неизвестно
EXT-ZGD-0005,2019-07-23,,,,,,,,,,,2019,,204,,,,0,,неизвестно
EXT-ZGD-0005,2019-07-24,,,,,,,,,,,2019,,205,,,,0,,неизвестно
EXT-ZGD-0005,2019-07-25,,,,,,,,,,,2019,,206,,,,0,,неизвестно
EXT-ZGD-0005,2019-07-26,,,,,,,,,,,2019,,207,,,,0,,неизвестно
EXT-ZGD-0005,2019-07-27,,,,,,,,,,,2019,,208,,,,0,,неизвестно
EXT-ZGD-0005,2019-07-28,,,,,,,,,,,2019,,209,,,,0,,неизвестно
EXT-ZGD-0005,2019-07-29,,,,,,,,,,,2019,,210,,,,0,,неизвестно
EXT-ZGD-0005,2019-07-30,,,,,,,,,,,2019,,211,,,,0,,неизвестно
EXT-ZGD-0005,2019-07-31,,,,,,,,,,,2019,,212,,,,0,,неизвестно
EXT-ZGD-0005,2019-08-01,,,,,,,,,,,2019,,213,,,,0,,неизвестно
EXT-ZGD-0005,2019-08-02,,,,,,,,,,,2019,,214,,,,0,,неизвестно
EXT-ZGD-0005,2019-08-03,,,,,,,,,,,2019,,215,,,,0,,неизвестно
EXT-ZGD-0005,2019-08-04,,,,,,,,,,,2019,,216,,,,0,,неизвестно
EXT-ZGD-0005,2019-08-05,,,,,,,,,,,2019,,217,,,,0,,неизвестно
EXT-ZGD-0005,2019-08-06,,,,,,,,,,,2019,,218,,,,0,,неизвестно
EXT-ZGD-0005,2019-08-07,,,,,,,,,,,2019,,219,,,,0,,неизвестно
EXT-ZGD-0005,2019-08-08,,,,,,,,,,,2019,,220,,,,0,,неизвестно
EXT-ZGD-0005,2019-08-09,0.5682988578391879,0.29196619450103645,-0.5487886636092898,,,,,,,,2019,0.5682988578391879,221,0.5188738117530963,0.0492770123968395,1.0030041125070632,5,Штатное развитие,неизвестно
EXT-ZGD-0005,2019-08-10,,,,,,,,,,,2019,,222,,,,0,,неизвестно
EXT-ZGD-0005,2019-08-11,,,,,,,,,,,2019,,223,,,,0,,неизвестно
EXT-ZGD-0005,2019-08-12,,,,,,,,,,,2019,,224,,,,0,,неизвестно
EXT-ZGD-0005,2019-08-13,,,,,,,,,,,2019,,225,,,,0,,неизвестно
EXT-ZGD-0005,2019-08-14,0.5390238963239324,0.28615156275372144,-0.5350479256761782,,,,,,,,2019,0.5390238963239324,226,0.5046643132739048,0.05384601518672721,0.6381081855523656,5,Штатное развитие,неизвестно
EXT-ZGD-0005,2019-08-15,,,,,,,,,,,2019,,227,,,,0,,неизвестно
EXT-ZGD-0005,2019-08-16,,,,,,,,,,,2019,,228,,,,0,,неизвестно
EXT-ZGD-0005,2019-08-17,,,,,,,,,,,2019,,229,,,,0,,неизвестно
EXT-ZGD-0005,2019-08-18,,,,,,,,,,,2019,,230,,,,0,,неизвестно
EXT-ZGD-0005,2019-08-19,,,,,,,,,,,2019,,231,,,,0,,неизвестно
EXT-ZGD-0005,2019-08-20,,,,,,,,,,,2019,,232,,,,0,,неизвестно
EXT-ZGD-0005,2019-08-21,,,,,,,,,,,2019,,233,,,,0,,неизвестно
EXT-ZGD-0005,2019-08-22,,,,,,,,,,,2019,,234,,,,0,,неизвестно
EXT-ZGD-0005,2019-08-23,,,,,,,,,,,2019,,235,,,,0,,неизвестно
EXT-ZGD-0005,2019-08-24,,,,,,,,,,,2019,,236,,,,0,,неизвестно
EXT-ZGD-0005,2019-08-25,,,,,,,,,,,2019,,237,,,,0,,неизвестно
EXT-ZGD-0005,2019-08-26,,,,,,,,,,,2019,,238,,,,0,,неизвестно
EXT-ZGD-0005,2019-08-27,,,,,,,,,,,2019,,239,,,,0,,неизвестно
EXT-ZGD-0005,2019-08-28,,,,,,,,,,,2019,,240,,,,0,,неизвестно
EXT-ZGD-0005,2019-08-29,0.48142506507954574,0.23342621135158415,-0.5078322081980592,,,,,,,,2019,0.48142506507954574,241,0.46705796220129153,0.06354700373425769,0.22608623591971214,5,Штатное развитие,неизвестно
EXT-ZGD-0005,2019-08-30,,,,,,,,,,,2019,,242,,,,0,,неизвестно
EXT-ZGD-0005,2019-08-31,,,,,,,,,,,2019,,243,,,,0,,неизвестно
EXT-ZGD-0005,2019-09-01,,,,,,,,,,,2019,,244,,,,0,,неизвестно
EXT-ZGD-0005,2019-09-02,,,,,,,,,,,2019,,245,,,,0,,неизвестно
EXT-ZGD-0005,2019-09-03,0.406255170837274,0.20706686632870194,-0.4443607224027012,,,,,,,,2019,0.406255170837274,246,0.4469842875987579,0.058945359735423385,-0.6909639188614131,5,Штатное развитие,неизвестно
EXT-ZGD-0005,2019-09-04,,,,,,,,,,,2019,,247,,,,0,,неизвестно
EXT-ZGD-0005,2019-09-05,,,,,,,,,,,2019,,248,,,,0,,неизвестно
EXT-ZGD-0005,2019-09-06,,,,,,,,,,,2019,,249,,,,0,,неизвестно
EXT-ZGD-0005,2019-09-07,,,,,,,,,,,2019,,250,,,,0,,неизвестно
EXT-ZGD-0005,2019-09-08,,,,,,,,,,,2019,,251,,,,0,,неизвестно
EXT-ZGD-0005,2019-09-09,,,,,,,,,,,2019,,252,,,,0,,неизвестно
EXT-ZGD-0005,2019-09-10,,,,,,,,,,,2019,,253,,,,0,,неизвестно
EXT-ZGD-0005,2019-09-11,,,,,,,,,,,2019,,254,,,,0,,неизвестно
EXT-ZGD-0005,2019-09-12,,,,,,,,,,,2019,,255,,,,0,,неизвестно
EXT-ZGD-0005,2019-09-13,0.40433509494398095,0.20503806194798554,-0.46673309682638753,,,,,,,,2019,0.40433509494398095,256,0.40828305620866473,0.050760420603046696,-0.07777637020696423,5,Штатное развитие,неизвестно
EXT-ZGD-0005,2019-09-14,,,,,,,,,,,2019,,257,,,,0,,неизвестно
EXT-ZGD-0005,2019-09-15,,,,,,,,,,,2019,,258,,,,0,,неизвестно
EXT-ZGD-0005,2019-09-16,,,,,,,,,,,2019,,259,,,,0,,неизвестно
EXT-ZGD-0005,2019-09-17,,,,,,,,,,,2019,,260,,,,0,,неизвестно
EXT-ZGD-0005,2019-09-18,,,,,,,,,,,2019,,261,,,,0,,неизвестно
EXT-ZGD-0005,2019-09-19,,,,,,,,,,,2019,,262,,,,0,,неизвестно
EXT-ZGD-0005,2019-09-20,,,,,,,,,,,2019,,263,,,,0,,неизвестно
EXT-ZGD-0005,2019-09-21,,,,,,,,,,,2019,,264,,,,0,,неизвестно
EXT-ZGD-0005,2019-09-22,,,,,,,,,,,2019,,265,,,,0,,неизвестно
EXT-ZGD-0005,2019-09-23,,,,,,,,,,,2019,,266,,,,0,,неизвестно
EXT-ZGD-0005,2019-09-24,,,,,,,,,,,2019,,267,,,,0,,неизвестно
EXT-ZGD-0005,2019-09-25,,,,,,,,,,,2019,,268,,,,0,,неизвестно
EXT-ZGD-0005,2019-09-26,,,,,,,,,,,2019,,269,,,,0,,неизвестно
EXT-ZGD-0005,2019-09-27,,,,,,,,,,,2019,,270,,,,0,,неизвестно
EXT-ZGD-0005,2019-09-28,0.3769939217846195,0.1933088117906569,-0.42970590166377964,,,,,,,,2019,0.3769939217846195,271,0.365313775193098,0.056981594587767456,0.20498104126466374,5,Штатное развитие,неизвестно
EXT-ZGD-0005,2019-09-29,,,,,,,,,,,2019,,272,,,,0,,неизвестно
EXT-ZGD-0005,2019-09-30,,,,,,,,,,,2019,,273,,,,0,,неизвестно
EXT-ZGD-0005,2019-10-01,,,,,,,,,,,2019,,274,,,,0,,неизвестно
EXT-ZGD-0005,2019-10-02,,,,,,,,,,,2019,,275,,,,0,,неизвестно
EXT-ZGD-0005,2019-10-03,,,,,,,,,,,2019,,276,,,,0,,неизвестно
EXT-ZGD-0005,2019-10-04,,,,,,,,,,,2019,,277,,,,0,,неизвестно
EXT-ZGD-0005,2019-10-05,,,,,,,,,,,2019,,278,,,,0,,неизвестно
EXT-ZGD-0005,2019-10-06,,,,,,,,,,,2019,,279,,,,0,,неизвестно
EXT-ZGD-0005,2019-10-07,,,,,,,,,,,2019,,280,,,,0,,неизвестно
EXT-ZGD-0005,2019-10-08,,,,,,,,,,,2019,,281,,,,0,,неизвестно
EXT-ZGD-0005,2019-10-09,,,,,,,,,,,2019,,282,,,,0,,неизвестно
EXT-ZGD-0005,2019-10-10,,,,,,,,,,,2019,,283,,,,0,,неизвестно
EXT-ZGD-0005,2019-10-11,,,,,,,,,,,2019,,284,,,,0,,неизвестно
EXT-ZGD-0005,2019-10-12,,,,,,,,,,,2019,,285,,,,0,,неизвестно
EXT-ZGD-0005,2019-10-13,0.4072522944037432,0.17002438625255673,-0.4619482768427265,,,,,,,,2019,0.4072522944037432,286,0.34668799003082884,0.05530562991412303,1.0950838905000606,5,Штатное развитие,неизвестно
EXT-ZGD-0005,2019-10-14,,,,,,,,,,,2019,,287,,,,0,,неизвестно
EXT-ZGD-0005,2019-10-15,,,,,,,,,,,2019,,288,,,,0,,неизвестно
EXT-ZGD-0005,2019-10-16,,,,,,,,,,,2019,,289,,,,0,,неизвестно
EXT-ZGD-0005,2019-10-17,,,,,,,,,,,2019,,290,,,,0,,неизвестно
EXT-ZGD-0005,2019-10-18,,,,,,,,,,,2019,,291,,,,0,,неизвестно
EXT-ZGD-0005,2019-10-19,,,,,,,,,,,2019,,292,,,,0,,неизвестно
EXT-ZGD-0005,2019-10-20,,,,,,,,,,,2019,,293,,,,0,,неизвестно
EXT-ZGD-0005,2019-10-21,,,,,,,,,,,2019,,294,,,,0,,неизвестно
EXT-ZGD-0005,2019-10-22,,,,,,,,,,,2019,,295,,,,0,,неизвестно
EXT-ZGD-0005,2019-10-23,0.37882202161452905,0.1552597605665093,-0.41603545476761444,,,,,,,,2019,0.37882202161452905,296,0.33878159313991807,0.05837164455186475,0.6859568336991774,5,Штатное развитие,неизвестно
EXT-ZGD-0005,2019-10-24,,,,,,,,,,,2019,,297,,,,0,,неизвестно
EXT-ZGD-0005,2019-10-25,,,,,,,,,,,2019,,298,,,,0,,неизвестно
EXT-ZGD-0005,2019-10-26,,,,,,,,,,,2019,,299,,,,0,,неизвестно
EXT-ZGD-0005,2019-10-27,,,,,,,,,,,2019,,300,,,,0,,неизвестно
EXT-ZGD-0005,2019-10-28,0.3896343766878553,0.1506031687273535,-0.43445800196885487,,,,,,,,2019,0.3896343766878553,301,0.33119154667126427,0.0623738054778918,0.9369771423888171,5,Штатное развитие,неизвестно
EXT-ZGD-0005,2019-10-29,,,,,,,,,,,2019,,302,,,,0,,неизвестно
EXT-ZGD-0005,2019-10-30,,,,,,,,,,,2019,,303,,,,0,,неизвестно
EXT-ZGD-0005,2020-04-01,,,,,,,,,,,2020,,92,,,,0,,неизвестно
EXT-ZGD-0005,2020-04-02,,,,,,,,,,,2020,,93,,,,0,,неизвестно
EXT-ZGD-0005,2020-04-03,,,,,,,,,,,2020,,94,,,,0,,неизвестно
EXT-ZGD-0005,2020-04-04,,,,,,,,,,,2020,,95,,,,0,,неизвестно
EXT-ZGD-0005,2020-04-05,,,,,,,,,,,2020,,96,,,,0,,неизвестно
EXT-ZGD-0005,2020-04-06,,,,,,,,,,,2020,,97,,,,0,,неизвестно
EXT-ZGD-0005,2020-04-07,,,,,,,,,,,2020,,98,,,,0,,неизвестно
EXT-ZGD-0005,2020-04-08,,,,,,,,,,,2020,,99,,,,0,,неизвестно
EXT-ZGD-0005,2020-04-09,,,,,,,,,,,2020,,100,,,,0,,неизвестно
EXT-ZGD-0005,2020-04-10,0.30763618316981284,0.16595511071506985,-0.39164842638296693,,,,,,,,2020,0.30763618316981284,101,0.378081424922353,0.09659667048082174,-0.7292719449013138,4,Штатное развитие,неизвестно
EXT-ZGD-0005,2020-04-11,,,,,,,,,,,2020,,102,,,,0,,неизвестно
EXT-ZGD-0005,2020-04-12,,,,,,,,,,,2020,,103,,,,0,,неизвестно
EXT-ZGD-0005,2020-04-13,,,,,,,,,,,2020,,104,,,,0,,неизвестно
EXT-ZGD-0005,2020-04-14,,,,,,,,,,,2020,,105,,,,0,,неизвестно
EXT-ZGD-0005,2020-04-15,,,,,,,,,,,2020,,106,,,,0,,неизвестно
EXT-ZGD-0005,2020-04-16,,,,,,,,,,,2020,,107,,,,0,,неизвестно
EXT-ZGD-0005,2020-04-17,,,,,,,,,,,2020,,108,,,,0,,неизвестно
EXT-ZGD-0005,2020-04-18,,,,,,,,,,,2020,,109,,,,0,,неизвестно
EXT-ZGD-0005,2020-04-19,,,,,,,,,,,2020,,110,,,,0,,неизвестно
EXT-ZGD-0005,2020-04-20,,,,,,,,,,,2020,,111,,,,0,,неизвестно
EXT-ZGD-0005,2020-04-21,,,,,,,,,,,2020,,112,,,,0,,неизвестно
EXT-ZGD-0005,2020-04-22,,,,,,,,,,,2020,,113,,,,0,,неизвестно
EXT-ZGD-0005,2020-04-23,,,,,,,,,,,2020,,114,,,,0,,неизвестно
EXT-ZGD-0005,2020-04-24,,,,,,,,,,,2020,,115,,,,0,,неизвестно
EXT-ZGD-0005,2020-04-25,0.36809051547717614,0.1943417938608662,-0.4404035125340121,,,,,,,,2020,0.36809051547717614,116,0.5806238634986685,0.17029390957688428,-1.2480384562757236,5,Угнетение биомассы,неизвестно
EXT-ZGD-0005,2020-04-26,,,,,,,,,,,2020,,117,,,,0,,неизвестно
EXT-ZGD-0005,2020-04-27,,,,,,,,,,,2020,,118,,,,0,,неизвестно
EXT-ZGD-0005,2020-04-28,,,,,,,,,,,2020,,119,,,,0,,неизвестно
EXT-ZGD-0005,2020-04-29,,,,,,,,,,,2020,,120,,,,0,,неизвестно
EXT-ZGD-0005,2020-04-30,0.407267187786033,0.2344162550939496,-0.4610346844913772,,,,,,,,2020,0.407267187786033,121,0.6430395027905267,0.14790691667581102,-1.594058751973513,5,Угнетение биомассы,неизвестно
EXT-ZGD-0005,2020-05-01,,,,,,,,,,,2020,,122,,,,0,,неизвестно
EXT-ZGD-0005,2020-05-02,,,,,,,,,,,2020,,123,,,,0,,неизвестно
EXT-ZGD-0005,2020-05-03,,,,,,,,,,,2020,,124,,,,0,,неизвестно
EXT-ZGD-0005,2020-05-04,,,,,,,,,,,2020,,125,,,,0,,неизвестно
EXT-ZGD-0005,2020-05-05,,,,,,,,,,,2020,,126,,,,0,,неизвестно
EXT-ZGD-0005,2020-05-06,,,,,,,,,,,2020,,127,,,,0,,неизвестно
EXT-ZGD-0005,2020-05-07,,,,,,,,,,,2020,,128,,,,0,,неизвестно
EXT-ZGD-0005,2020-05-08,,,,,,,,,,,2020,,129,,,,0,,неизвестно
EXT-ZGD-0005,2020-05-09,,,,,,,,,,,2020,,130,,,,0,,неизвестно
EXT-ZGD-0005,2020-05-10,,,,,,,,,,,2020,,131,,,,0,,неизвестно
EXT-ZGD-0005,2020-05-11,,,,,,,,,,,2020,,132,,,,0,,неизвестно
EXT-ZGD-0005,2020-05-12,,,,,,,,,,,2020,,133,,,,0,,неизвестно
EXT-ZGD-0005,2020-05-13,,,,,,,,,,,2020,,134,,,,0,,неизвестно
EXT-ZGD-0005,2020-05-14,,,,,,,,,,,2020,,135,,,,0,,неизвестно
EXT-ZGD-0005,2020-05-15,0.6152577011682381,0.41405616810177936,-0.547887300363204,,,,,,,,2020,0.6152577011682381,136,0.7015333376616216,0.08733443072624844,-0.9878765542517394,5,Штатное развитие,неизвестно
EXT-ZGD-0005,2020-05-16,,,,,,,,,,,2020,,137,,,,0,,неизвестно
EXT-ZGD-0005,2020-05-17,,,,,,,,,,,2020,,138,,,,0,,неизвестно
EXT-ZGD-0005,2020-05-18,,,,,,,,,,,2020,,139,,,,0,,неизвестно
EXT-ZGD-0005,2020-05-19,,,,,,,,,,,2020,,140,,,,0,,неизвестно
EXT-ZGD-0005,2020-05-20,0.6660158981948829,0.45305354773633855,-0.5859098418905894,,,,,,,,2020,0.6660158981948829,141,0.7324067560499304,0.06168042304755714,-1.0763683933208192,5,Угнетение биомассы,неизвестно
EXT-ZGD-0005,2020-05-21,,,,,,,,,,,2020,,142,,,,0,,неизвестно
EXT-ZGD-0005,2020-05-22,,,,,,,,,,,2020,,143,,,,0,,неизвестно
EXT-ZGD-0005,2020-05-23,,,,,,,,,,,2020,,144,,,,0,,неизвестно
EXT-ZGD-0005,2020-05-24,,,,,,,,,,,2020,,145,,,,0,,неизвестно
EXT-ZGD-0005,2020-05-25,,,,,,,,,,,2020,,146,,,,0,,неизвестно
EXT-ZGD-0005,2020-05-26,,,,,,,,,,,2020,,147,,,,0,,неизвестно
EXT-ZGD-0005,2020-05-27,,,,,,,,,,,2020,,148,,,,0,,неизвестно
EXT-ZGD-0005,2020-05-28,,,,,,,,,,,2020,,149,,,,0,,неизвестно
EXT-ZGD-0005,2020-05-29,,,,,,,,,,,2020,,150,,,,0,,неизвестно
EXT-ZGD-0005,2020-05-30,0.7421527624994357,0.5780616718879701,-0.6122548971547782,,,,,,,,2020,0.7421527624994357,151,0.746749166011567,0.06831869129349928,-0.06727885773433528,5,Штатное развитие,неизвестно
EXT-ZGD-0005,2020-05-31,,,,,,,,,,,2020,,152,,,,0,,неизвестно
EXT-ZGD-0005,2020-06-01,,,,,,,,,,,2020,,153,,,,0,,неизвестно
EXT-ZGD-0005,2020-06-02,,,,,,,,,,,2020,,154,,,,0,,неизвестно
EXT-ZGD-0005,2020-06-03,,,,,,,,,,,2020,,155,,,,0,,неизвестно
EXT-ZGD-0005,2020-06-04,0.777302820314016,0.5795474566490086,-0.6309185307052789,,,,,,,,2020,0.777302820314016,156,0.7417451312305277,0.08083747556855035,0.4398663965370286,5,Штатное развитие,неизвестно
EXT-ZGD-0005,2020-06-05,,,,,,,,,,,2020,,157,,,,0,,неизвестно
EXT-ZGD-0005,2020-06-06,,,,,,,,,,,2020,,158,,,,0,,неизвестно
EXT-ZGD-0005,2020-06-07,,,,,,,,,,,2020,,159,,,,0,,неизвестно
EXT-ZGD-0005,2020-06-08,,,,,,,,,,,2020,,160,,,,0,,неизвестно
EXT-ZGD-0005,2020-06-09,0.7949200824667435,0.5684459143694376,-0.665067762411294,,,,,,,,2020,0.7949200824667435,161,0.7257662621222107,0.09741391929835291,0.7098967051385441,5,Штатное развитие,неизвестно
EXT-ZGD-0005,2020-06-10,,,,,,,,,,,2020,,162,,,,0,,неизвестно
EXT-ZGD-0005,2020-06-11,,,,,,,,,,,2020,,163,,,,0,,неизвестно
EXT-ZGD-0005,2020-06-12,,,,,,,,,,,2020,,164,,,,0,,неизвестно
EXT-ZGD-0005,2020-06-13,,,,,,,,,,,2020,,165,,,,0,,неизвестно
EXT-ZGD-0005,2020-06-14,0.7382493157124745,0.4982359762328882,-0.6250842083424724,,,,,,,,2020,0.7382493157124745,166,0.7037895448732663,0.10393355144385924,0.33155579079602654,5,Штатное развитие,неизвестно
EXT-ZGD-0005,2020-06-15,,,,,,,,,,,2020,,167,,,,0,,неизвестно
EXT-ZGD-0005,2020-06-16,,,,,,,,,,,2020,,168,,,,0,,неизвестно
EXT-ZGD-0005,2020-06-17,,,,,,,,,,,2020,,169,,,,0,,неизвестно
EXT-ZGD-0005,2020-06-18,,,,,,,,,,,2020,,170,,,,0,,неизвестно
EXT-ZGD-0005,2020-06-19,,,,,,,,,,,2020,,171,,,,0,,неизвестно
EXT-ZGD-0005,2020-06-20,,,,,,,,,,,2020,,172,,,,0,,неизвестно
EXT-ZGD-0005,2020-06-21,,,,,,,,,,,2020,,173,,,,0,,неизвестно
EXT-ZGD-0005,2020-06-22,,,,,,,,,,,2020,,174,,,,0,,неизвестно
EXT-ZGD-0005,2020-06-23,,,,,,,,,,,2020,,175,,,,0,,неизвестно
EXT-ZGD-0005,2020-06-24,,,,,,,,,,,2020,,176,,,,0,,неизвестно
EXT-ZGD-0005,2020-06-25,,,,,,,,,,,2020,,177,,,,0,,неизвестно
EXT-ZGD-0005,2020-06-26,,,,,,,,,,,2020,,178,,,,0,,неизвестно
EXT-ZGD-0005,2020-06-27,,,,,,,,,,,2020,,179,,,,0,,неизвестно
EXT-ZGD-0005,2020-06-28,,,,,,,,,,,2020,,180,,,,0,,неизвестно
EXT-ZGD-0005,2020-06-29,0.5976060604458895,0.43160495892357725,-0.53813764453853,,,,,,,,2020,0.5976060604458895,181,0.6464480013101892,0.11765638983319833,-0.4151235724089701,5,Штатное развитие,неизвестно
EXT-ZGD-0005,2020-06-30,,,,,,,,,,,2020,,182,,,,0,,неизвестно
EXT-ZGD-0005,2020-07-01,,,,,,,,,,,2020,,183,,,,0,,неизвестно
EXT-ZGD-0005,2020-07-02,,,,,,,,,,,2020,,184,,,,0,,неизвестно
EXT-ZGD-0005,2020-07-03,,,,,,,,,,,2020,,185,,,,0,,неизвестно
EXT-ZGD-0005,2020-07-04,0.6406887642357078,0.37796980972786454,-0.5791443854046798,,,,,,,,2020,0.6406887642357078,186,0.6255844728043336,0.11024302782754458,0.137009040199822,5,Штатное развитие,неизвестно
EXT-ZGD-0005,2020-07-05,,,,,,,,,,,2020,,187,,,,0,,неизвестно
EXT-ZGD-0005,2020-07-06,,,,,,,,,,,2020,,188,,,,0,,неизвестно
EXT-ZGD-0005,2020-07-07,,,,,,,,,,,2020,,189,,,,0,,неизвестно
EXT-ZGD-0005,2020-07-08,,,,,,,,,,,2020,,190,,,,0,,неизвестно
EXT-ZGD-0005,2020-07-09,,,,,,,,,,,2020,,191,,,,0,,неизвестно
EXT-ZGD-0005,2020-07-10,,,,,,,,,,,2020,,192,,,,0,,неизвестно
EXT-ZGD-0005,2020-07-11,,,,,,,,,,,2020,,193,,,,0,,неизвестно
EXT-ZGD-0005,2020-07-12,,,,,,,,,,,2020,,194,,,,0,,неизвестно
EXT-ZGD-0005,2020-07-13,,,,,,,,,,,2020,,195,,,,0,,неизвестно
EXT-ZGD-0005,2020-07-14,,,,,,,,,,,2020,,196,,,,0,,неизвестно
EXT-ZGD-0005,2020-07-15,,,,,,,,,,,2020,,197,,,,0,,неизвестно
EXT-ZGD-0005,2020-07-16,,,,,,,,,,,2020,,198,,,,0,,неизвестно
EXT-ZGD-0005,2020-07-17,,,,,,,,,,,2020,,199,,,,0,,неизвестно
EXT-ZGD-0005,2020-07-18,,,,,,,,,,,2020,,200,,,,0,,неизвестно
EXT-ZGD-0005,2020-07-19,0.5957205515706432,0.32615290580912676,-0.5449285394432408,,,,,,,,2020,0.5957205515706432,201,0.5571701019166139,0.06281988589183245,0.6136663431768741,5,Штатное развитие,неизвестно
EXT-ZGD-0005,2020-07-20,,,,,,,,,,,2020,,202,,,,0,,неизвестно
EXT-ZGD-0005,2020-07-21,,,,,,,,,,,2020,,203,,,,0,,неизвестно
EXT-ZGD-0005,2020-07-22,,,,,,,,,,,2020,,204,,,,0,,неизвестно
EXT-ZGD-0005,2020-07-23,,,,,,,,,,,2020,,205,,,,0,,неизвестно
EXT-ZGD-0005,2020-07-24,0.6142516327821982,0.31717064077113266,-0.5790830379853085,,,,,,,,2020,0.6142516327821982,206,0.5531153310084884,0.06242428620697489,0.9793672541325557,5,Штатное развитие,неизвестно
EXT-ZGD-0005,2020-07-25,,,,,,,,,,,2020,,207,,,,0,,неизвестно
EXT-ZGD-0005,2020-07-26,,,,,,,,,,,2020,,208,,,,0,,неизвестно
EXT-ZGD-0005,2020-07-27,,,,,,,,,,,2020,,209,,,,0,,неизвестно
EXT-ZGD-0005,2020-07-28,,,,,,,,,,,2020,,210,,,,0,,неизвестно
EXT-ZGD-0005,2020-07-29,,,,,,,,,,,2020,,211,,,,0,,неизвестно
EXT-ZGD-0005,2020-07-30,,,,,,,,,,,2020,,212,,,,0,,неизвестно
EXT-ZGD-0005,2020-07-31,,,,,,,,,,,2020,,213,,,,0,,неизвестно
EXT-ZGD-0005,2020-08-01,,,,,,,,,,,2020,,214,,,,0,,неизвестно
EXT-ZGD-0005,2020-08-02,,,,,,,,,,,2020,,215,,,,0,,неизвестно
EXT-ZGD-0005,2020-08-03,0.539128450872943,0.33009726243361526,-0.5097569533548618,,,,,,,,2020,0.539128450872943,216,0.5274195233956714,0.05411797194502607,0.2163593175510293,5,Штатное развитие,неизвестно
EXT-ZGD-0005,2020-08-04,,,,,,,,,,,2020,,217,,,,0,,неизвестно
EXT-ZGD-0005,2020-08-05,,,,,,,,,,,2020,,218,,,,0,,неизвестно
EXT-ZGD-0005,2020-08-06,,,,,,,,,,,2020,,219,,,,0,,неизвестно
EXT-ZGD-0005,2020-08-07,,,,,,,,,,,2020,,220,,,,0,,неизвестно
EXT-ZGD-0005,2020-08-08,0.562422018954612,0.30960717020581735,-0.5321812398552455,,,,,,,,2020,0.562422018954612,221,0.5135746442178767,0.04599665581767815,1.0619766560933654,5,Штатное развитие,неизвестно
EXT-ZGD-0005,2020-08-09,,,,,,,,,,,2020,,222,,,,0,,неизвестно
EXT-ZGD-0005,2020-08-10,,,,,,,,,,,2020,,223,,,,0,,неизвестно
EXT-ZGD-0005,2020-08-11,,,,,,,,,,,2020,,224,,,,0,,неизвестно
EXT-ZGD-0005,2020-08-12,,,,,,,,,,,2020,,225,,,,0,,неизвестно
EXT-ZGD-0005,2020-08-13,0.5019155797378844,0.3475604398906551,-0.4735230380809082,,,,,,,,2020,0.5019155797378844,226,0.49993439307641185,0.05272667415466596,0.03757465634303031,5,Штатное развитие,неизвестно
EXT-ZGD-0005,2020-08-14,,,,,,,,,,,2020,,227,,,,0,,неизвестно
EXT-ZGD-0005,2020-08-15,,,,,,,,,,,2020,,228,,,,0,,неизвестно
EXT-ZGD-0005,2020-08-16,,,,,,,,,,,2020,,229,,,,0,,неизвестно
EXT-ZGD-0005,2020-08-17,,,,,,,,,,,2020,,230,,,,0,,неизвестно
EXT-ZGD-0005,2020-08-18,0.5058452544443868,0.2763912234504529,-0.5126854506294012,,,,,,,,2020,0.5058452544443868,231,0.49296487037817355,0.053207905858251685,0.24207650833932765,5,Штатное развитие,неизвестно
EXT-ZGD-0005,2020-08-19,,,,,,,,,,,2020,,232,,,,0,,неизвестно
EXT-ZGD-0005,2020-08-20,,,,,,,,,,,2020,,233,,,,0,,неизвестно
EXT-ZGD-0005,2020-08-21,,,,,,,,,,,2020,,234,,,,0,,неизвестно
EXT-ZGD-0005,2020-08-22,,,,,,,,,,,2020,,235,,,,0,,неизвестно
EXT-ZGD-0005,2020-08-23,,,,,,,,,,,2020,,236,,,,0,,неизвестно
EXT-ZGD-0005,2020-08-24,,,,,,,,,,,2020,,237,,,,0,,неизвестно
EXT-ZGD-0005,2020-08-25,,,,,,,,,,,2020,,238,,,,0,,неизвестно
EXT-ZGD-0005,2020-08-26,,,,,,,,,,,2020,,239,,,,0,,неизвестно
EXT-ZGD-0005,2020-08-27,,,,,,,,,,,2020,,240,,,,0,,неизвестно
EXT-ZGD-0005,2020-08-28,,,,,,,,,,,2020,,241,,,,0,,неизвестно
EXT-ZGD-0005,2020-08-29,,,,,,,,,,,2020,,242,,,,0,,неизвестно
EXT-ZGD-0005,2020-08-30,,,,,,,,,,,2020,,243,,,,0,,неизвестно
EXT-ZGD-0005,2020-08-31,,,,,,,,,,,2020,,244,,,,0,,неизвестно
EXT-ZGD-0005,2020-09-01,,,,,,,,,,,2020,,245,,,,0,,неизвестно
EXT-ZGD-0005,2020-09-02,0.4179363655630194,0.20507018954904893,-0.48637006576123326,,,,,,,,2020,0.4179363655630194,246,0.45809759456440474,0.05349382993740263,-0.750763761883963,5,Штатное развитие,неизвестно
EXT-ZGD-0005,2020-09-03,,,,,,,,,,,2020,,247,,,,0,,неизвестно
EXT-ZGD-0005,2020-09-04,,,,,,,,,,,2020,,248,,,,0,,неизвестно
EXT-ZGD-0005,2020-09-05,,,,,,,,,,,2020,,249,,,,0,,неизвестно
EXT-ZGD-0005,2020-09-06,,,,,,,,,,,2020,,250,,,,0,,неизвестно
EXT-ZGD-0005,2020-09-07,0.37202345582990964,0.19089667288307166,-0.43994567007230484,,,,,,,,2020,0.37202345582990964,251,0.43517056984433583,0.04618797235866059,-1.3671765784406777,5,Угнетение биомассы,неизвестно
EXT-ZGD-0005,2020-09-08,,,,,,,,,,,2020,,252,,,,0,,неизвестно
EXT-ZGD-0005,2020-09-09,,,,,,,,,,,2020,,253,,,,0,,неизвестно
EXT-ZGD-0005,2020-09-10,,,,,,,,,,,2020,,254,,,,0,,неизвестно
EXT-ZGD-0005,2020-09-11,,,,,,,,,,,2020,,255,,,,0,,неизвестно
EXT-ZGD-0005,2020-09-12,0.36624121515834773,0.17552131051037725,-0.4580133177935925,,,,,,,,2020,0.36624121515834773,256,0.42011638738941864,0.04498717897476706,-1.1975672504668287,5,Угнетение биомассы,неизвестно
EXT-ZGD-0005,2020-09-13,,,,,,,,,,,2020,,257,,,,0,,неизвестно
EXT-ZGD-0005,2020-09-14,,,,,,,,,,,2020,,258,,,,0,,неизвестно
EXT-ZGD-0005,2020-09-15,,,,,,,,,,,2020,,259,,,,0,,неизвестно
EXT-ZGD-0005,2020-09-16,,,,,,,,,,,2020,,260,,,,0,,неизвестно
EXT-ZGD-0005,2020-09-17,0.3564738149082096,0.18261669783872836,-0.46142874167232706,,,,,,,,2020,0.3564738149082096,261,0.40627153159200263,0.0466041917036791,-1.0685244151517344,5,Угнетение биомассы,неизвестно
EXT-ZGD-0005,2020-09-18,,,,,,,,,,,2020,,262,,,,0,,неизвестно
EXT-ZGD-0005,2020-09-19,,,,,,,,,,,2020,,263,,,,0,,неизвестно
EXT-ZGD-0005,2020-09-20,,,,,,,,,,,2020,,264,,,,0,,неизвестно
EXT-ZGD-0005,2020-09-21,,,,,,,,,,,2020,,265,,,,0,,неизвестно
EXT-ZGD-0005,2020-09-22,0.3514971162667859,0.17337140402560552,-0.46972959722039787,,,,,,,,2020,0.3514971162667859,266,0.39235740512766665,0.03990383275372326,-1.023969028565764,5,Угнетение биомассы,неизвестно
EXT-ZGD-0005,2020-09-23,,,,,,,,,,,2020,,267,,,,0,,неизвестно
EXT-ZGD-0005,2020-09-24,,,,,,,,,,,2020,,268,,,,0,,неизвестно
EXT-ZGD-0005,2020-09-25,,,,,,,,,,,2020,,269,,,,0,,неизвестно
EXT-ZGD-0005,2020-09-26,,,,,,,,,,,2020,,270,,,,0,,неизвестно
EXT-ZGD-0005,2020-09-27,0.29007012427536827,0.147938986080952,-0.41770251502202393,,,,,,,,2020,0.29007012427536827,271,0.38362616866753574,0.047568768390716915,-1.9667535561089913,5,Угнетение биомассы,неизвестно
EXT-ZGD-0005,2020-09-28,,,,,,,,,,,2020,,272,,,,0,,неизвестно
EXT-ZGD-0005,2020-09-29,,,,,,,,,,,2020,,273,,,,0,,неизвестно
EXT-ZGD-0005,2020-09-30,,,,,,,,,,,2020,,274,,,,0,,неизвестно
EXT-ZGD-0005,2020-10-01,,,,,,,,,,,2020,,275,,,,0,,неизвестно
EXT-ZGD-0005,2020-10-02,,,,,,,,,,,2020,,276,,,,0,,неизвестно
EXT-ZGD-0005,2020-10-03,,,,,,,,,,,2020,,277,,,,0,,неизвестно
EXT-ZGD-0005,2020-10-04,,,,,,,,,,,2020,,278,,,,0,,неизвестно
EXT-ZGD-0005,2020-10-05,,,,,,,,,,,2020,,279,,,,0,,неизвестно
EXT-ZGD-0005,2020-10-06,,,,,,,,,,,2020,,280,,,,0,,неизвестно
EXT-ZGD-0005,2020-10-07,0.3027312292975649,0.15915572410565845,-0.4492379725183844,,,,,,,,2020,0.3027312292975649,281,0.3715181323913902,0.045074714876433206,-1.5260640756662829,5,Угнетение биомассы,неизвестно
EXT-ZGD-0005,2020-10-08,,,,,,,,,,,2020,,282,,,,0,,неизвестно
EXT-ZGD-0005,2020-10-09,,,,,,,,,,,2020,,283,,,,0,,неизвестно
EXT-ZGD-0005,2020-10-10,,,,,,,,,,,2020,,284,,,,0,,неизвестно
EXT-ZGD-0005,2020-10-11,,,,,,,,,,,2020,,285,,,,0,,неизвестно
EXT-ZGD-0005,2020-10-12,0.2539172320900339,0.12890543885479533,-0.39404309959731043,,,,,,,,2020,0.2539172320900339,286,0.3674323211596817,0.04532850492739492,-2.504276045536268,5,Критическая аномалия,неизвестно
EXT-ZGD-0005,2020-10-13,,,,,,,,,,,2020,,287,,,,0,,неизвестно
EXT-ZGD-0005,2020-10-14,,,,,,,,,,,2020,,288,,,,0,,неизвестно
EXT-ZGD-0005,2020-10-15,,,,,,,,,,,2020,,289,,,,0,,неизвестно
EXT-ZGD-0005,2020-10-16,,,,,,,,,,,2020,,290,,,,0,,неизвестно
EXT-ZGD-0005,2020-10-17,0.24607376893623256,0.1311160812962178,-0.3896443790369432,,,,,,,,2020,0.24607376893623256,291,0.3646081917920157,0.04597533073203324,-2.578217947939512,5,Критическая аномалия,неизвестно
EXT-ZGD-0005,2020-10-18,,,,,,,,,,,2020,,292,,,,0,,неизвестно
EXT-ZGD-0005,2020-10-19,,,,,,,,,,,2020,,293,,,,0,,неизвестно
EXT-ZGD-0005,2020-10-20,,,,,,,,,,,2020,,294,,,,0,,неизвестно
EXT-ZGD-0005,2020-10-21,,,,,,,,,,,2020,,295,,,,0,,неизвестно
EXT-ZGD-0005,2020-10-22,,,,,,,,,,,2020,,296,,,,0,,неизвестно
EXT-ZGD-0005,2020-10-23,,,,,,,,,,,2020,,297,,,,0,,неизвестно
EXT-ZGD-0005,2020-10-24,,,,,,,,,,,2020,,298,,,,0,,неизвестно
EXT-ZGD-0005,2020-10-25,,,,,,,,,,,2020,,299,,,,0,,неизвестно
EXT-ZGD-0005,2020-10-26,,,,,,,,,,,2020,,300,,,,0,,неизвестно
EXT-ZGD-0005,2020-10-27,0.28318084546509636,0.12842942786181694,-0.4452282805783796,,,,,,,,2020,0.28318084546509636,301,0.3592580242438286,0.05511808493296153,-1.3802580200539005,5,Угнетение биомассы,неизвестно
EXT-ZGD-0005,2020-10-28,,,,,,,,,,,2020,,302,,,,0,,неизвестно
EXT-ZGD-0005,2020-10-29,,,,,,,,,,,2020,,303,,,,0,,неизвестно
EXT-ZGD-0005,2020-10-30,,,,,,,,,,,2020,,304,,,,0,,неизвестно
EXT-ZGD-0005,2021-04-01,,,,,,,,,,,2021,,91,,,,0,,неизвестно
EXT-ZGD-0005,2021-04-02,,,,,,,,,,,2021,,92,,,,0,,неизвестно
EXT-ZGD-0005,2021-04-03,,,,,,,,,,,2021,,93,,,,0,,неизвестно
EXT-ZGD-0005,2021-04-04,,,,,,,,,,,2021,,94,,,,0,,неизвестно
EXT-ZGD-0005,2021-04-05,,,,,,,,,,,2021,,95,,,,0,,неизвестно
EXT-ZGD-0005,2021-04-06,,,,,,,,,,,2021,,96,,,,0,,неизвестно
EXT-ZGD-0005,2021-04-07,,,,,,,,,,,2021,,97,,,,0,,неизвестно
EXT-ZGD-0005,2021-04-08,,,,,,,,,,,2021,,98,,,,0,,неизвестно
EXT-ZGD-0005,2021-04-09,,,,,,,,,,,2021,,99,,,,0,,неизвестно
EXT-ZGD-0005,2021-04-10,,,,,,,,,,,2021,,100,,,,0,,неизвестно
EXT-ZGD-0005,2021-04-11,,,,,,,,,,,2021,,101,,,,0,,неизвестно
EXT-ZGD-0005,2021-04-12,,,,,,,,,,,2021,,102,,,,0,,неизвестно
EXT-ZGD-0005,2021-04-13,,,,,,,,,,,2021,,103,,,,0,,неизвестно
EXT-ZGD-0005,2021-04-14,,,,,,,,,,,2021,,104,,,,0,,неизвестно
EXT-ZGD-0005,2021-04-15,0.30079981848296156,0.16016837656691252,-0.3359122498126005,,,,,,,,2021,0.30079981848296156,105,0.4539449854586123,0.15556399665647522,-0.984451224365456,5,Штатное развитие,неизвестно
EXT-ZGD-0005,2021-04-16,,,,,,,,,,,2021,,106,,,,0,,неизвестно
EXT-ZGD-0005,2021-04-17,,,,,,,,,,,2021,,107,,,,0,,неизвестно
EXT-ZGD-0005,2021-04-18,,,,,,,,,,,2021,,108,,,,0,,неизвестно
EXT-ZGD-0005,2021-04-19,,,,,,,,,,,2021,,109,,,,0,,неизвестно
EXT-ZGD-0005,2021-04-20,,,,,,,,,,,2021,,110,,,,0,,неизвестно
EXT-ZGD-0005,2021-04-21,,,,,,,,,,,2021,,111,,,,0,,неизвестно
EXT-ZGD-0005,2021-04-22,,,,,,,,,,,2021,,112,,,,0,,неизвестно
EXT-ZGD-0005,2021-04-23,,,,,,,,,,,2021,,113,,,,0,,неизвестно
EXT-ZGD-0005,2021-04-24,,,,,,,,,,,2021,,114,,,,0,,неизвестно
EXT-ZGD-0005,2021-04-25,,,,,,,,,,,2021,,115,,,,0,,неизвестно
EXT-ZGD-0005,2021-04-26,,,,,,,,,,,2021,,116,,,,0,,неизвестно
EXT-ZGD-0005,2021-04-27,,,,,,,,,,,2021,,117,,,,0,,неизвестно
EXT-ZGD-0005,2021-04-28,,,,,,,,,,,2021,,118,,,,0,,неизвестно
EXT-ZGD-0005,2021-04-29,,,,,,,,,,,2021,,119,,,,0,,неизвестно
EXT-ZGD-0005,2021-04-30,,,,,,,,,,,2021,,120,,,,0,,неизвестно
EXT-ZGD-0005,2021-05-01,,,,,,,,,,,2021,,121,,,,0,,неизвестно
EXT-ZGD-0005,2021-05-02,,,,,,,,,,,2021,,122,,,,0,,неизвестно
EXT-ZGD-0005,2021-05-03,,,,,,,,,,,2021,,123,,,,0,,неизвестно
EXT-ZGD-0005,2021-05-04,,,,,,,,,,,2021,,124,,,,0,,неизвестно
EXT-ZGD-0005,2021-05-05,0.652233401466803,0.3837706416941776,-0.5732918752507559,,,,,,,,2021,0.652233401466803,125,0.6388850644493909,0.1260061809060284,0.10593398610633951,5,Штатное развитие,неизвестно
EXT-ZGD-0005,2021-05-06,,,,,,,,,,,2021,,126,,,,0,,неизвестно
EXT-ZGD-0005,2021-05-07,,,,,,,,,,,2021,,127,,,,0,,неизвестно
EXT-ZGD-0005,2021-05-08,,,,,,,,,,,2021,,128,,,,0,,неизвестно
EXT-ZGD-0005,2021-05-09,,,,,,,,,,,2021,,129,,,,0,,неизвестно
EXT-ZGD-0005,2021-05-10,,,,,,,,,,,2021,,130,,,,0,,неизвестно
EXT-ZGD-0005,2021-05-11,,,,,,,,,,,2021,,131,,,,0,,неизвестно
EXT-ZGD-0005,2021-05-12,,,,,,,,,,,2021,,132,,,,0,,неизвестно
EXT-ZGD-0005,2021-05-13,,,,,,,,,,,2021,,133,,,,0,,неизвестно
EXT-ZGD-0005,2021-05-14,,,,,,,,,,,2021,,134,,,,0,,неизвестно
EXT-ZGD-0005,2021-05-15,0.7186920964385618,0.4921654289165891,-0.5996157750381186,,,,,,,,2021,0.7186920964385618,135,0.6728067511194005,0.11966787454481288,0.38343912678066594,5,Штатное развитие,неизвестно
EXT-ZGD-0005,2021-05-16,,,,,,,,,,,2021,,136,,,,0,,неизвестно
EXT-ZGD-0005,2021-05-17,,,,,,,,,,,2021,,137,,,,0,,неизвестно
EXT-ZGD-0005,2021-05-18,,,,,,,,,,,2021,,138,,,,0,,неизвестно
EXT-ZGD-0005,2021-05-19,,,,,,,,,,,2021,,139,,,,0,,неизвестно
EXT-ZGD-0005,2021-05-20,0.7899994515628579,0.5430130143339591,-0.6503484415574783,,,,,,,,2021,0.7899994515628579,140,0.7181976054423838,0.0891255536356892,0.8056258075430568,5,Штатное развитие,неизвестно
EXT-ZGD-0005,2021-05-21,,,,,,,,,,,2021,,141,,,,0,,неизвестно
EXT-ZGD-0005,2021-05-22,,,,,,,,,,,2021,,142,,,,0,,неизвестно
EXT-ZGD-0005,2021-05-23,,,,,,,,,,,2021,,143,,,,0,,неизвестно
EXT-ZGD-0005,2021-05-24,,,,,,,,,,,2021,,144,,,,0,,неизвестно
EXT-ZGD-0005,2021-05-25,,,,,,,,,,,2021,,145,,,,0,,неизвестно
EXT-ZGD-0005,2021-05-26,,,,,,,,,,,2021,,146,,,,0,,неизвестно
EXT-ZGD-0005,2021-05-27,,,,,,,,,,,2021,,147,,,,0,,неизвестно
EXT-ZGD-0005,2021-05-28,,,,,,,,,,,2021,,148,,,,0,,неизвестно
EXT-ZGD-0005,2021-05-29,,,,,,,,,,,2021,,149,,,,0,,неизвестно
EXT-ZGD-0005,2021-05-30,,,,,,,,,,,2021,,150,,,,0,,неизвестно
EXT-ZGD-0005,2021-05-31,,,,,,,,,,,2021,,151,,,,0,,неизвестно
EXT-ZGD-0005,2021-06-01,,,,,,,,,,,2021,,152,,,,0,,неизвестно
EXT-ZGD-0005,2021-06-02,,,,,,,,,,,2021,,153,,,,0,,неизвестно
EXT-ZGD-0005,2021-06-03,,,,,,,,,,,2021,,154,,,,0,,неизвестно
EXT-ZGD-0005,2021-06-04,,,,,,,,,,,2021,,155,,,,0,,неизвестно
EXT-ZGD-0005,2021-06-05,,,,,,,,,,,2021,,156,,,,0,,неизвестно
EXT-ZGD-0005,2021-06-06,,,,,,,,,,,2021,,157,,,,0,,неизвестно
EXT-ZGD-0005,2021-06-07,,,,,,,,,,,2021,,158,,,,0,,неизвестно
EXT-ZGD-0005,2021-06-08,,,,,,,,,,,2021,,159,,,,0,,неизвестно
EXT-ZGD-0005,2021-06-09,,,,,,,,,,,2021,,160,,,,0,,неизвестно
EXT-ZGD-0005,2021-06-10,,,,,,,,,,,2021,,161,,,,0,,неизвестно
EXT-ZGD-0005,2021-06-11,,,,,,,,,,,2021,,162,,,,0,,неизвестно
EXT-ZGD-0005,2021-06-12,,,,,,,,,,,2021,,163,,,,0,,неизвестно
EXT-ZGD-0005,2021-06-13,,,,,,,,,,,2021,,164,,,,0,,неизвестно
EXT-ZGD-0005,2021-06-14,0.8261885229236149,0.6582642620727708,-0.6816207193098329,,,,,,,,2021,0.8261885229236149,165,0.6966472068186925,0.0952371576844633,1.3601972093089392,5,Штатное развитие,неизвестно
EXT-ZGD-0005,2021-06-15,,,,,,,,,,,2021,,166,,,,0,,неизвестно
EXT-ZGD-0005,2021-06-16,,,,,,,,,,,2021,,167,,,,0,,неизвестно
EXT-ZGD-0005,2021-06-17,,,,,,,,,,,2021,,168,,,,0,,неизвестно
EXT-ZGD-0005,2021-06-18,,,,,,,,,,,2021,,169,,,,0,,неизвестно
EXT-ZGD-0005,2021-06-19,0.8281315546219322,0.6035482613508397,-0.6904329818853918,,,,,,,,2021,0.8281315546219322,170,0.6858976432964506,0.10184717267333818,1.3965425607019915,5,Штатное развитие,неизвестно
EXT-ZGD-0005,2021-06-20,,,,,,,,,,,2021,,171,,,,0,,неизвестно
EXT-ZGD-0005,2021-06-21,,,,,,,,,,,2021,,172,,,,0,,неизвестно
EXT-ZGD-0005,2021-06-22,,,,,,,,,,,2021,,173,,,,0,,неизвестно
EXT-ZGD-0005,2021-06-23,,,,,,,,,,,2021,,174,,,,0,,неизвестно
EXT-ZGD-0005,2021-06-24,,,,,,,,,,,2021,,175,,,,0,,неизвестно
EXT-ZGD-0005,2021-06-25,,,,,,,,,,,2021,,176,,,,0,,неизвестно
EXT-ZGD-0005,2021-06-26,,,,,,,,,,,2021,,177,,,,0,,неизвестно
EXT-ZGD-0005,2021-06-27,,,,,,,,,,,2021,,178,,,,0,,неизвестно
EXT-ZGD-0005,2021-06-28,,,,,,,,,,,2021,,179,,,,0,,неизвестно
EXT-ZGD-0005,2021-06-29,,,,,,,,,,,2021,,180,,,,0,,неизвестно
EXT-ZGD-0005,2021-06-30,,,,,,,,,,,2021,,181,,,,0,,неизвестно
EXT-ZGD-0005,2021-07-01,,,,,,,,,,,2021,,182,,,,0,,неизвестно
EXT-ZGD-0005,2021-07-02,,,,,,,,,,,2021,,183,,,,0,,неизвестно
EXT-ZGD-0005,2021-07-03,,,,,,,,,,,2021,,184,,,,0,,неизвестно
EXT-ZGD-0005,2021-07-04,,,,,,,,,,,2021,,185,,,,0,,неизвестно
EXT-ZGD-0005,2021-07-05,,,,,,,,,,,2021,,186,,,,0,,неизвестно
EXT-ZGD-0005,2021-07-06,,,,,,,,,,,2021,,187,,,,0,,неизвестно
EXT-ZGD-0005,2021-07-07,,,,,,,,,,,2021,,188,,,,0,,неизвестно
EXT-ZGD-0005,2021-07-08,,,,,,,,,,,2021,,189,,,,0,,неизвестно
EXT-ZGD-0005,2021-07-09,0.6982659076316342,0.44144124946691704,-0.606461247934367,,,,,,,,2021,0.6982659076316342,190,0.5887671258577071,0.09505189212433449,1.151989500963275,5,Штатное развитие,неизвестно
EXT-ZGD-0005,2021-07-10,,,,,,,,,,,2021,,191,,,,0,,неизвестно
EXT-ZGD-0005,2021-07-11,,,,,,,,,,,2021,,192,,,,0,,неизвестно
EXT-ZGD-0005,2021-07-12,,,,,,,,,,,2021,,193,,,,0,,неизвестно
EXT-ZGD-0005,2021-07-13,,,,,,,,,,,2021,,194,,,,0,,неизвестно
EXT-ZGD-0005,2021-07-14,0.6308285769609043,0.4101873906467521,-0.571279787891586,,,,,,,,2021,0.6308285769609043,195,0.55867589711041,0.06473845466658744,1.1145258289233386,5,Штатное развитие,неизвестно
EXT-ZGD-0005,2021-07-15,,,,,,,,,,,2021,,196,,,,0,,неизвестно
EXT-ZGD-0005,2021-07-16,,,,,,,,,,,2021,,197,,,,0,,неизвестно
EXT-ZGD-0005,2021-07-17,,,,,,,,,,,2021,,198,,,,0,,неизвестно
EXT-ZGD-0005,2021-07-18,,,,,,,,,,,2021,,199,,,,0,,неизвестно
EXT-ZGD-0005,2021-07-19,0.5800843178299302,0.3349778849196081,-0.5586066823252982,,,,,,,,2021,0.5800843178299302,200,0.5583702345010737,0.05943026636495331,0.3653707892795434,5,Штатное развитие,неизвестно
EXT-ZGD-0005,2021-07-20,,,,,,,,,,,2021,,201,,,,0,,неизвестно
EXT-ZGD-0005,2021-07-21,,,,,,,,,,,2021,,202,,,,0,,неизвестно
EXT-ZGD-0005,2021-07-22,,,,,,,,,,,2021,,203,,,,0,,неизвестно
EXT-ZGD-0005,2021-07-23,,,,,,,,,,,2021,,204,,,,0,,неизвестно
EXT-ZGD-0005,2021-07-24,0.5663563118557052,0.33600151693912905,-0.5410299135603032,,,,,,,,2021,0.5663563118557052,205,0.5505322963046131,0.059482026602304575,0.26603020197834104,5,Штатное развитие,неизвестно
EXT-ZGD-0005,2021-07-25,,,,,,,,,,,2021,,206,,,,0,,неизвестно
EXT-ZGD-0005,2021-07-26,,,,,,,,,,,2021,,207,,,,0,,неизвестно
EXT-ZGD-0005,2021-07-27,,,,,,,,,,,2021,,208,,,,0,,неизвестно
EXT-ZGD-0005,2021-07-28,,,,,,,,,,,2021,,209,,,,0,,неизвестно
EXT-ZGD-0005,2021-07-29,0.5175504426647894,0.30270184203738537,-0.5166273846757548,,,,,,,,2021,0.5175504426647894,210,0.5389517119262174,0.05825836526969628,-0.3673510089470368,5,Штатное развитие,неизвестно
EXT-ZGD-0005,2021-07-30,,,,,,,,,,,2021,,211,,,,0,,неизвестно
EXT-ZGD-0005,2021-07-31,,,,,,,,,,,2021,,212,,,,0,,неизвестно
EXT-ZGD-0005,2021-08-01,,,,,,,,,,,2021,,213,,,,0,,неизвестно
EXT-ZGD-0005,2021-08-02,,,,,,,,,,,2021,,214,,,,0,,неизвестно
EXT-ZGD-0005,2021-08-03,0.5428763794370983,0.29398362765106595,-0.5429970599865952,,,,,,,,2021,0.5428763794370983,215,0.5274639542327966,0.05357830001228516,0.2876617063394654,5,Штатное развитие,неизвестно
EXT-ZGD-0005,2021-08-04,,,,,,,,,,,2021,,216,,,,0,,неизвестно
EXT-ZGD-0005,2021-08-05,,,,,,,,,,,2021,,217,,,,0,,неизвестно
EXT-ZGD-0005,2021-08-06,,,,,,,,,,,2021,,218,,,,0,,неизвестно
EXT-ZGD-0005,2021-08-07,,,,,,,,,,,2021,,219,,,,0,,неизвестно
EXT-ZGD-0005,2021-08-08,0.5410223297870482,0.26466749353779084,-0.5498699695298084,,,,,,,,2021,0.5410223297870482,220,0.5183201061431122,0.049647949612347184,0.4572640727602196,5,Штатное развитие,неизвестно
EXT-ZGD-0005,2021-08-09,,,,,,,,,,,2021,,221,,,,0,,неизвестно
EXT-ZGD-0005,2021-08-10,,,,,,,,,,,2021,,222,,,,0,,неизвестно
EXT-ZGD-0005,2021-08-11,,,,,,,,,,,2021,,223,,,,0,,неизвестно
EXT-ZGD-0005,2021-08-12,,,,,,,,,,,2021,,224,,,,0,,неизвестно
EXT-ZGD-0005,2021-08-13,,,,,,,,,,,2021,,225,,,,0,,неизвестно
EXT-ZGD-0005,2021-08-14,,,,,,,,,,,2021,,226,,,,0,,неизвестно
EXT-ZGD-0005,2021-08-15,,,,,,,,,,,2021,,227,,,,0,,неизвестно
EXT-ZGD-0005,2021-08-16,,,,,,,,,,,2021,,228,,,,0,,неизвестно
EXT-ZGD-0005,2021-08-17,,,,,,,,,,,2021,,229,,,,0,,неизвестно
EXT-ZGD-0005,2021-08-18,0.46678502062048555,0.2539361252385285,-0.4776024999807995,,,,,,,,2021,0.46678502062048555,230,0.4882152473470854,0.05834864630915745,-0.3672789016055801,5,Штатное развитие,неизвестно
EXT-ZGD-0005,2021-08-19,,,,,,,,,,,2021,,231,,,,0,,неизвестно
EXT-ZGD-0005,2021-08-20,,,,,,,,,,,2021,,232,,,,0,,неизвестно
EXT-ZGD-0005,2021-08-21,,,,,,,,,,,2021,,233,,,,0,,неизвестно
EXT-ZGD-0005,2021-08-22,,,,,,,,,,,2021,,234,,,,0,,неизвестно
EXT-ZGD-0005,2021-08-23,,,,,,,,,,,2021,,235,,,,0,,неизвестно
EXT-ZGD-0005,2021-08-24,,,,,,,,,,,2021,,236,,,,0,,неизвестно
EXT-ZGD-0005,2021-08-25,,,,,,,,,,,2021,,237,,,,0,,неизвестно
EXT-ZGD-0005,2021-08-26,,,,,,,,,,,2021,,238,,,,0,,неизвестно
EXT-ZGD-0005,2021-08-27,,,,,,,,,,,2021,,239,,,,0,,неизвестно
EXT-ZGD-0005,2021-08-28,0.48531039647889224,0.20901262720321545,-0.5292860485006453,,,,,,,,2021,0.48531039647889224,240,0.468607904735972,0.06532733187256884,0.25567386979007545,5,Штатное развитие,неизвестно
EXT-ZGD-0005,2021-08-29,,,,,,,,,,,2021,,241,,,,0,,неизвестно
EXT-ZGD-0005,2021-08-30,,,,,,,,,,,2021,,242,,,,0,,неизвестно
EXT-ZGD-0005,2021-08-31,,,,,,,,,,,2021,,243,,,,0,,неизвестно
EXT-ZGD-0005,2021-09-01,,,,,,,,,,,2021,,244,,,,0,,неизвестно
EXT-ZGD-0005,2021-09-02,,,,,,,,,,,2021,,245,,,,0,,неизвестно
EXT-ZGD-0005,2021-09-03,,,,,,,,,,,2021,,246,,,,0,,неизвестно
EXT-ZGD-0005,2021-09-04,,,,,,,,,,,2021,,247,,,,0,,неизвестно
EXT-ZGD-0005,2021-09-05,,,,,,,,,,,2021,,248,,,,0,,неизвестно
EXT-ZGD-0005,2021-09-06,,,,,,,,,,,2021,,249,,,,0,,неизвестно
EXT-ZGD-0005,2021-09-07,,,,,,,,,,,2021,,250,,,,0,,неизвестно
EXT-ZGD-0005,2021-09-08,,,,,,,,,,,2021,,251,,,,0,,неизвестно
EXT-ZGD-0005,2021-09-09,,,,,,,,,,,2021,,252,,,,0,,неизвестно
EXT-ZGD-0005,2021-09-10,,,,,,,,,,,2021,,253,,,,0,,неизвестно
EXT-ZGD-0005,2021-09-11,,,,,,,,,,,2021,,254,,,,0,,неизвестно
EXT-ZGD-0005,2021-09-12,,,,,,,,,,,2021,,255,,,,0,,неизвестно
EXT-ZGD-0005,2021-09-13,,,,,,,,,,,2021,,256,,,,0,,неизвестно
EXT-ZGD-0005,2021-09-14,,,,,,,,,,,2021,,257,,,,0,,неизвестно
EXT-ZGD-0005,2021-09-15,,,,,,,,,,,2021,,258,,,,0,,неизвестно
EXT-ZGD-0005,2021-09-16,,,,,,,,,,,2021,,259,,,,0,,неизвестно
EXT-ZGD-0005,2021-09-17,0.3895642148264258,0.17137097193715178,-0.485789078411216,,,,,,,,2021,0.3895642148264258,260,0.3975488784642668,0.04678796385299275,-0.17065636074544147,5,Штатное развитие,неизвестно
EXT-ZGD-0005,2021-09-18,,,,,,,,,,,2021,,261,,,,0,,неизвестно
EXT-ZGD-0005,2021-09-19,,,,,,,,,,,2021,,262,,,,0,,неизвестно
EXT-ZGD-0005,2021-09-20,,,,,,,,,,,2021,,263,,,,0,,неизвестно
EXT-ZGD-0005,2021-09-21,,,,,,,,,,,2021,,264,,,,0,,неизвестно
EXT-ZGD-0005,2021-09-22,,,,,,,,,,,2021,,265,,,,0,,неизвестно
EXT-ZGD-0005,2021-09-23,,,,,,,,,,,2021,,266,,,,0,,неизвестно
EXT-ZGD-0005,2021-09-24,,,,,,,,,,,2021,,267,,,,0,,неизвестно
EXT-ZGD-0005,2021-09-25,,,,,,,,,,,2021,,268,,,,0,,неизвестно
EXT-ZGD-0005,2021-09-26,,,,,,,,,,,2021,,269,,,,0,,неизвестно
EXT-ZGD-0005,2021-09-27,0.37503810683909705,0.17765271990464426,-0.4374601328530173,,,,,,,,2021,0.37503810683909705,270,0.3694595411174088,0.055896550497418956,0.09980160979604344,5,Штатное развитие,неизвестно
EXT-ZGD-0005,2021-09-28,,,,,,,,,,,2021,,271,,,,0,,неизвестно
EXT-ZGD-0005,2021-09-29,,,,,,,,,,,2021,,272,,,,0,,неизвестно
EXT-ZGD-0005,2021-09-30,,,,,,,,,,,2021,,273,,,,0,,неизвестно
EXT-ZGD-0005,2021-10-01,,,,,,,,,,,2021,,274,,,,0,,неизвестно
EXT-ZGD-0005,2021-10-02,0.39154517450870535,0.16842730614116175,-0.4638759979096686,,,,,,,,2021,0.39154517450870535,275,0.36641227482228866,0.05479775446726887,0.4586483502974336,5,Штатное развитие,неизвестно
EXT-ZGD-0005,2021-10-03,,,,,,,,,,,2021,,276,,,,0,,неизвестно
EXT-ZGD-0005,2021-10-04,,,,,,,,,,,2021,,277,,,,0,,неизвестно
EXT-ZGD-0005,2021-10-05,,,,,,,,,,,2021,,278,,,,0,,неизвестно
EXT-ZGD-0005,2021-10-06,,,,,,,,,,,2021,,279,,,,0,,неизвестно
EXT-ZGD-0005,2021-10-07,0.2733746124218899,0.13524059763175725,-0.33625385735851,,,,,,,,2021,0.2733746124218899,280,0.3591000315884186,0.054574274120693406,-1.570802737145769,5,Угнетение биомассы,неизвестно
EXT-ZGD-0005,2021-10-08,,,,,,,,,,,2021,,281,,,,0,,неизвестно
EXT-ZGD-0005,2021-10-09,,,,,,,,,,,2021,,282,,,,0,,неизвестно
EXT-ZGD-0005,2021-10-10,,,,,,,,,,,2021,,283,,,,0,,неизвестно
EXT-ZGD-0005,2021-10-11,,,,,,,,,,,2021,,284,,,,0,,неизвестно
EXT-ZGD-0005,2021-10-12,,,,,,,,,,,2021,,285,,,,0,,неизвестно
EXT-ZGD-0005,2021-10-13,,,,,,,,,,,2021,,286,,,,0,,неизвестно
EXT-ZGD-0005,2021-10-14,,,,,,,,,,,2021,,287,,,,0,,неизвестно
EXT-ZGD-0005,2021-10-15,,,,,,,,,,,2021,,288,,,,0,,неизвестно
EXT-ZGD-0005,2021-10-16,,,,,,,,,,,2021,,289,,,,0,,неизвестно
EXT-ZGD-0005,2021-10-17,,,,,,,,,,,2021,,290,,,,0,,неизвестно
EXT-ZGD-0005,2021-10-18,,,,,,,,,,,2021,,291,,,,0,,неизвестно
EXT-ZGD-0005,2021-10-19,,,,,,,,,,,2021,,292,,,,0,,неизвестно
EXT-ZGD-0005,2021-10-20,,,,,,,,,,,2021,,293,,,,0,,неизвестно
EXT-ZGD-0005,2021-10-21,,,,,,,,,,,2021,,294,,,,0,,неизвестно
EXT-ZGD-0005,2021-10-22,0.3173625819350553,0.13770275578889515,-0.45215115528111305,,,,,,,,2021,0.3173625819350553,295,0.3496522081597859,0.0594201656582863,-0.5434119186139927,5,Штатное развитие,неизвестно
EXT-ZGD-0005,2021-10-23,,,,,,,,,,,2021,,296,,,,0,,неизвестно
EXT-ZGD-0005,2021-10-24,,,,,,,,,,,2021,,297,,,,0,,неизвестно
EXT-ZGD-0005,2021-10-25,,,,,,,,,,,2021,,298,,,,0,,неизвестно
EXT-ZGD-0005,2021-10-26,,,,,,,,,,,2021,,299,,,,0,,неизвестно
EXT-ZGD-0005,2021-10-27,0.3256662316029062,0.1327844211145668,-0.4741191038983881,,,,,,,,2021,0.3256662316029062,300,0.3473981258429066,0.06420198158574007,-0.33849257769369634,5,Штатное развитие,неизвестно
EXT-ZGD-0005,2021-10-28,,,,,,,,,,,2021,,301,,,,0,,неизвестно
EXT-ZGD-0005,2021-10-29,,,,,,,,,,,2021,,302,,,,0,,неизвестно
EXT-ZGD-0005,2021-10-30,,,,,,,,,,,2021,,303,,,,0,,неизвестно
EXT-ZGD-0005,2022-04-01,,,,,,,,,,,2022,,91,,,,0,,неизвестно
EXT-ZGD-0005,2022-04-02,,,,,,,,,,,2022,,92,,,,0,,неизвестно
EXT-ZGD-0005,2022-04-03,,,,,,,,,,,2022,,93,,,,0,,неизвестно
EXT-ZGD-0005,2022-04-04,,,,,,,,,,,2022,,94,,,,0,,неизвестно
EXT-ZGD-0005,2022-04-05,,,,,,,,,,,2022,,95,,,,0,,неизвестно
EXT-ZGD-0005,2022-04-06,,,,,,,,,,,2022,,96,,,,0,,неизвестно
EXT-ZGD-0005,2022-04-07,,,,,,,,,,,2022,,97,,,,0,,неизвестно
EXT-ZGD-0005,2022-04-08,,,,,,,,,,,2022,,98,,,,0,,неизвестно
EXT-ZGD-0005,2022-04-09,,,,,,,,,,,2022,,99,,,,0,,неизвестно
EXT-ZGD-0005,2022-04-10,,,,,,,,,,,2022,,100,,,,0,,неизвестно
EXT-ZGD-0005,2022-04-11,,,,,,,,,,,2022,,101,,,,0,,неизвестно
EXT-ZGD-0005,2022-04-12,,,,,,,,,,,2022,,102,,,,0,,неизвестно
EXT-ZGD-0005,2022-04-13,,,,,,,,,,,2022,,103,,,,0,,неизвестно
EXT-ZGD-0005,2022-04-14,,,,,,,,,,,2022,,104,,,,0,,неизвестно
EXT-ZGD-0005,2022-04-15,,,,,,,,,,,2022,,105,,,,0,,неизвестно
EXT-ZGD-0005,2022-04-16,,,,,,,,,,,2022,,106,,,,0,,неизвестно
EXT-ZGD-0005,2022-04-17,,,,,,,,,,,2022,,107,,,,0,,неизвестно
EXT-ZGD-0005,2022-04-18,,,,,,,,,,,2022,,108,,,,0,,неизвестно
EXT-ZGD-0005,2022-04-19,,,,,,,,,,,2022,,109,,,,0,,неизвестно
EXT-ZGD-0005,2022-04-20,,,,,,,,,,,2022,,110,,,,0,,неизвестно
EXT-ZGD-0005,2022-04-21,,,,,,,,,,,2022,,111,,,,0,,неизвестно
EXT-ZGD-0005,2022-04-22,,,,,,,,,,,2022,,112,,,,0,,неизвестно
EXT-ZGD-0005,2022-04-23,,,,,,,,,,,2022,,113,,,,0,,неизвестно
EXT-ZGD-0005,2022-04-24,,,,,,,,,,,2022,,114,,,,0,,неизвестно
EXT-ZGD-0005,2022-04-25,0.48931710071158746,0.2890742738282497,-0.47955414820659936,,,,,,,,2022,0.48931710071158746,115,0.5400292249547382,0.1783588759211752,-0.28432632792305024,5,Штатное развитие,неизвестно
EXT-ZGD-0005,2022-04-26,,,,,,,,,,,2022,,116,,,,0,,неизвестно
EXT-ZGD-0005,2022-04-27,,,,,,,,,,,2022,,117,,,,0,,неизвестно
EXT-ZGD-0005,2022-04-28,,,,,,,,,,,2022,,118,,,,0,,неизвестно
EXT-ZGD-0005,2022-04-29,,,,,,,,,,,2022,,119,,,,0,,неизвестно
EXT-ZGD-0005,2022-04-30,,,,,,,,,,,2022,,120,,,,0,,неизвестно
EXT-ZGD-0005,2022-05-01,,,,,,,,,,,2022,,121,,,,0,,неизвестно
EXT-ZGD-0005,2022-05-02,,,,,,,,,,,2022,,122,,,,0,,неизвестно
EXT-ZGD-0005,2022-05-03,,,,,,,,,,,2022,,123,,,,0,,неизвестно
EXT-ZGD-0005,2022-05-04,,,,,,,,,,,2022,,124,,,,0,,неизвестно
EXT-ZGD-0005,2022-05-05,,,,,,,,,,,2022,,125,,,,0,,неизвестно
EXT-ZGD-0005,2022-05-06,,,,,,,,,,,2022,,126,,,,0,,неизвестно
EXT-ZGD-0005,2022-05-07,,,,,,,,,,,2022,,127,,,,0,,неизвестно
EXT-ZGD-0005,2022-05-08,,,,,,,,,,,2022,,128,,,,0,,неизвестно
EXT-ZGD-0005,2022-05-09,,,,,,,,,,,2022,,129,,,,0,,неизвестно
EXT-ZGD-0005,2022-05-10,0.6845785568339644,0.5000081455580847,-0.6054415273465446,,,,,,,,2022,0.6845785568339644,130,0.6634871073228711,0.12319958483552719,0.17119740735531405,5,Штатное развитие,неизвестно
EXT-ZGD-0005,2022-05-11,,,,,,,,,,,2022,,131,,,,0,,неизвестно
EXT-ZGD-0005,2022-05-12,,,,,,,,,,,2022,,132,,,,0,,неизвестно
EXT-ZGD-0005,2022-05-13,,,,,,,,,,,2022,,133,,,,0,,неизвестно
EXT-ZGD-0005,2022-05-14,,,,,,,,,,,2022,,134,,,,0,,неизвестно
EXT-ZGD-0005,2022-05-15,0.7150301988917152,0.5723133448659441,-0.6152543718359744,,,,,,,,2022,0.7150301988917152,135,0.6800870035203226,0.1165094093879401,0.299917367661204,5,Штатное развитие,неизвестно
EXT-ZGD-0005,2022-05-16,,,,,,,,,,,2022,,136,,,,0,,неизвестно
EXT-ZGD-0005,2022-05-17,,,,,,,,,,,2022,,137,,,,0,,неизвестно
EXT-ZGD-0005,2022-05-18,,,,,,,,,,,2022,,138,,,,0,,неизвестно
EXT-ZGD-0005,2022-05-19,,,,,,,,,,,2022,,139,,,,0,,неизвестно
EXT-ZGD-0005,2022-05-20,,,,,,,,,,,2022,,140,,,,0,,неизвестно
EXT-ZGD-0005,2022-05-21,,,,,,,,,,,2022,,141,,,,0,,неизвестно
EXT-ZGD-0005,2022-05-22,,,,,,,,,,,2022,,142,,,,0,,неизвестно
EXT-ZGD-0005,2022-05-23,,,,,,,,,,,2022,,143,,,,0,,неизвестно
EXT-ZGD-0005,2022-05-24,,,,,,,,,,,2022,,144,,,,0,,неизвестно
EXT-ZGD-0005,2022-05-25,,,,,,,,,,,2022,,145,,,,0,,неизвестно
EXT-ZGD-0005,2022-05-26,,,,,,,,,,,2022,,146,,,,0,,неизвестно
EXT-ZGD-0005,2022-05-27,,,,,,,,,,,2022,,147,,,,0,,неизвестно
EXT-ZGD-0005,2022-05-28,,,,,,,,,,,2022,,148,,,,0,,неизвестно
EXT-ZGD-0005,2022-05-29,,,,,,,,,,,2022,,149,,,,0,,неизвестно
EXT-ZGD-0005,2022-05-30,0.7773600389291468,0.5742960136769104,-0.6640270894696835,,,,,,,,2022,0.7773600389291468,150,0.7407772975739972,0.07192268706058741,0.5086398026860764,5,Штатное развитие,неизвестно
EXT-ZGD-0005,2022-05-31,,,,,,,,,,,2022,,151,,,,0,,неизвестно
EXT-ZGD-0005,2022-06-01,,,,,,,,,,,2022,,152,,,,0,,неизвестно
EXT-ZGD-0005,2022-06-02,,,,,,,,,,,2022,,153,,,,0,,неизвестно
EXT-ZGD-0005,2022-06-03,,,,,,,,,,,2022,,154,,,,0,,неизвестно
EXT-ZGD-0005,2022-06-04,,,,,,,,,,,2022,,155,,,,0,,неизвестно
EXT-ZGD-0005,2022-06-05,,,,,,,,,,,2022,,156,,,,0,,неизвестно
EXT-ZGD-0005,2022-06-06,,,,,,,,,,,2022,,157,,,,0,,неизвестно
EXT-ZGD-0005,2022-06-07,,,,,,,,,,,2022,,158,,,,0,,неизвестно
EXT-ZGD-0005,2022-06-08,,,,,,,,,,,2022,,159,,,,0,,неизвестно
EXT-ZGD-0005,2022-06-09,0.7860851601743458,0.5547508839170467,-0.691181359352464,,,,,,,,2022,0.7860851601743458,160,0.7227708031103678,0.0935017106150985,0.6771465104484852,5,Штатное развитие,неизвестно
EXT-ZGD-0005,2022-06-10,,,,,,,,,,,2022,,161,,,,0,,неизвестно
EXT-ZGD-0005,2022-06-11,,,,,,,,,,,2022,,162,,,,0,,неизвестно
EXT-ZGD-0005,2022-06-12,,,,,,,,,,,2022,,163,,,,0,,неизвестно
EXT-ZGD-0005,2022-06-13,,,,,,,,,,,2022,,164,,,,0,,неизвестно
EXT-ZGD-0005,2022-06-14,,,,,,,,,,,2022,,165,,,,0,,неизвестно
EXT-ZGD-0005,2022-06-15,,,,,,,,,,,2022,,166,,,,0,,неизвестно
EXT-ZGD-0005,2022-06-16,,,,,,,,,,,2022,,167,,,,0,,неизвестно
EXT-ZGD-0005,2022-06-17,,,,,,,,,,,2022,,168,,,,0,,неизвестно
EXT-ZGD-0005,2022-06-18,,,,,,,,,,,2022,,169,,,,0,,неизвестно
EXT-ZGD-0005,2022-06-19,0.7793640388918686,0.5079079315771586,-0.7011450261415201,,,,,,,,2022,0.7793640388918686,170,0.6981459595427841,0.10435493229683761,0.7782869248389678,5,Штатное развитие,неизвестно
EXT-ZGD-0005,2022-06-20,,,,,,,,,,,2022,,171,,,,0,,неизвестно
EXT-ZGD-0005,2022-06-21,,,,,,,,,,,2022,,172,,,,0,,неизвестно
EXT-ZGD-0005,2022-06-22,,,,,,,,,,,2022,,173,,,,0,,неизвестно
EXT-ZGD-0005,2022-06-23,,,,,,,,,,,2022,,174,,,,0,,неизвестно
EXT-ZGD-0005,2022-06-24,,,,,,,,,,,2022,,175,,,,0,,неизвестно
EXT-ZGD-0005,2022-06-25,,,,,,,,,,,2022,,176,,,,0,,неизвестно
EXT-ZGD-0005,2022-06-26,,,,,,,,,,,2022,,177,,,,0,,неизвестно
EXT-ZGD-0005,2022-06-27,,,,,,,,,,,2022,,178,,,,0,,неизвестно
EXT-ZGD-0005,2022-06-28,,,,,,,,,,,2022,,179,,,,0,,неизвестно
EXT-ZGD-0005,2022-06-29,0.593796193677888,0.4101301668071431,-0.5409902814723655,,,,,,,,2022,0.593796193677888,180,0.6521921492520634,0.11540077225004544,-0.5060274245621639,5,Штатное развитие,неизвестно
EXT-ZGD-0005,2022-06-30,,,,,,,,,,,2022,,181,,,,0,,неизвестно
EXT-ZGD-0005,2022-07-01,,,,,,,,,,,2022,,182,,,,0,,неизвестно
EXT-ZGD-0005,2022-07-02,,,,,,,,,,,2022,,183,,,,0,,неизвестно
EXT-ZGD-0005,2022-07-03,,,,,,,,,,,2022,,184,,,,0,,неизвестно
EXT-ZGD-0005,2022-07-04,0.6133442767148091,0.4057090182801685,-0.5684038188707987,,,,,,,,2022,0.6133442767148091,185,0.6299171350310673,0.10577839315569587,-0.15667527007963258,5,Штатное развитие,неизвестно
EXT-ZGD-0005,2022-07-05,,,,,,,,,,,2022,,186,,,,0,,неизвестно
EXT-ZGD-0005,2022-07-06,,,,,,,,,,,2022,,187,,,,0,,неизвестно
EXT-ZGD-0005,2022-07-07,,,,,,,,,,,2022,,188,,,,0,,неизвестно
EXT-ZGD-0005,2022-07-08,,,,,,,,,,,2022,,189,,,,0,,неизвестно
EXT-ZGD-0005,2022-07-09,0.5663696167664709,0.3505464735452646,-0.5522869506418017,,,,,,,,2022,0.5663696167664709,190,0.599671204144956,0.10021009250845407,-0.33231769919457627,5,Штатное развитие,неизвестно
EXT-ZGD-0005,2022-07-10,,,,,,,,,,,2022,,191,,,,0,,неизвестно
EXT-ZGD-0005,2022-07-11,,,,,,,,,,,2022,,192,,,,0,,неизвестно
EXT-ZGD-0005,2022-07-12,,,,,,,,,,,2022,,193,,,,0,,неизвестно
EXT-ZGD-0005,2022-07-13,,,,,,,,,,,2022,,194,,,,0,,неизвестно
EXT-ZGD-0005,2022-07-14,,,,,,,,,,,2022,,195,,,,0,,неизвестно
EXT-ZGD-0005,2022-07-15,,,,,,,,,,,2022,,196,,,,0,,неизвестно
EXT-ZGD-0005,2022-07-16,,,,,,,,,,,2022,,197,,,,0,,неизвестно
EXT-ZGD-0005,2022-07-17,,,,,,,,,,,2022,,198,,,,0,,неизвестно
EXT-ZGD-0005,2022-07-18,,,,,,,,,,,2022,,199,,,,0,,неизвестно
EXT-ZGD-0005,2022-07-19,0.5253256430275339,0.29197646201339356,-0.5419764238253018,,,,,,,,2022,0.5253256430275339,200,0.5697726486007586,0.06070962027459821,-0.7321245853982379,5,Штатное развитие,неизвестно
EXT-ZGD-0005,2022-07-20,,,,,,,,,,,2022,,201,,,,0,,неизвестно
EXT-ZGD-0005,2022-07-21,,,,,,,,,,,2022,,202,,,,0,,неизвестно
EXT-ZGD-0005,2022-07-22,,,,,,,,,,,2022,,203,,,,0,,неизвестно
EXT-ZGD-0005,2022-07-23,,,,,,,,,,,2022,,204,,,,0,,неизвестно
EXT-ZGD-0005,2022-07-24,,,,,,,,,,,2022,,205,,,,0,,неизвестно
EXT-ZGD-0005,2022-07-25,,,,,,,,,,,2022,,206,,,,0,,неизвестно
EXT-ZGD-0005,2022-07-26,,,,,,,,,,,2022,,207,,,,0,,неизвестно
EXT-ZGD-0005,2022-07-27,,,,,,,,,,,2022,,208,,,,0,,неизвестно
EXT-ZGD-0005,2022-07-28,,,,,,,,,,,2022,,209,,,,0,,неизвестно
EXT-ZGD-0005,2022-07-29,0.4922235418795994,0.2852123338465876,-0.4697285769903492,,,,,,,,2022,0.4922235418795994,210,0.5506097993381852,0.06421817010651022,-0.9091859416384528,5,Штатное развитие,неизвестно
EXT-ZGD-0005,2022-07-30,,,,,,,,,,,2022,,211,,,,0,,неизвестно
EXT-ZGD-0005,2022-07-31,,,,,,,,,,,2022,,212,,,,0,,неизвестно
EXT-ZGD-0005,2022-08-01,,,,,,,,,,,2022,,213,,,,0,,неизвестно
EXT-ZGD-0005,2022-08-02,,,,,,,,,,,2022,,214,,,,0,,неизвестно
EXT-ZGD-0005,2022-08-03,0.455999367673668,0.26469970865243225,-0.4287227469334859,,,,,,,,2022,0.455999367673668,215,0.5363513085084536,0.05579866433643462,-1.440033409228373,5,Угнетение биомассы,неизвестно
EXT-ZGD-0005,2022-08-04,,,,,,,,,,,2022,,216,,,,0,,неизвестно
EXT-ZGD-0005,2022-08-05,,,,,,,,,,,2022,,217,,,,0,,неизвестно
EXT-ZGD-0005,2022-08-06,,,,,,,,,,,2022,,218,,,,0,,неизвестно
EXT-ZGD-0005,2022-08-07,,,,,,,,,,,2022,,219,,,,0,,неизвестно
EXT-ZGD-0005,2022-08-08,0.5448652739350188,0.2695489385241179,-0.5409527336756208,,,,,,,,2022,0.5448652739350188,220,0.5249787694978788,0.049008993865697535,0.4057725504758631,5,Штатное развитие,неизвестно
EXT-ZGD-0005,2022-08-09,,,,,,,,,,,2022,,221,,,,0,,неизвестно
EXT-ZGD-0005,2022-08-10,,,,,,,,,,,2022,,222,,,,0,,неизвестно
EXT-ZGD-0005,2022-08-11,,,,,,,,,,,2022,,223,,,,0,,неизвестно
EXT-ZGD-0005,2022-08-12,,,,,,,,,,,2022,,224,,,,0,,неизвестно
EXT-ZGD-0005,2022-08-13,0.542997884705803,0.26756452638181927,-0.5527520894954767,,,,,,,,2022,0.542997884705803,225,0.5072228574870701,0.05757386790453525,0.6213761298450966,5,Штатное развитие,неизвестно
EXT-ZGD-0005,2022-08-14,,,,,,,,,,,2022,,226,,,,0,,неизвестно
EXT-ZGD-0005,2022-08-15,,,,,,,,,,,2022,,227,,,,0,,неизвестно
EXT-ZGD-0005,2022-08-16,,,,,,,,,,,2022,,228,,,,0,,неизвестно
EXT-ZGD-0005,2022-08-17,,,,,,,,,,,2022,,229,,,,0,,неизвестно
EXT-ZGD-0005,2022-08-18,,,,,,,,,,,2022,,230,,,,0,,неизвестно
EXT-ZGD-0005,2022-08-19,,,,,,,,,,,2022,,231,,,,0,,неизвестно
EXT-ZGD-0005,2022-08-20,,,,,,,,,,,2022,,232,,,,0,,неизвестно
EXT-ZGD-0005,2022-08-21,,,,,,,,,,,2022,,233,,,,0,,неизвестно
EXT-ZGD-0005,2022-08-22,,,,,,,,,,,2022,,234,,,,0,,неизвестно
EXT-ZGD-0005,2022-08-23,0.5077817939831438,0.24510136031909605,-0.5395460897639313,,,,,,,,2022,0.5077817939831438,235,0.4822071523522347,0.06409904574672057,0.39898630834480964,5,Штатное развитие,неизвестно
EXT-ZGD-0005,2022-08-24,,,,,,,,,,,2022,,236,,,,0,,неизвестно
EXT-ZGD-0005,2022-08-25,,,,,,,,,,,2022,,237,,,,0,,неизвестно
EXT-ZGD-0005,2022-08-26,,,,,,,,,,,2022,,238,,,,0,,неизвестно
EXT-ZGD-0005,2022-08-27,,,,,,,,,,,2022,,239,,,,0,,неизвестно
EXT-ZGD-0005,2022-08-28,0.44434911953571843,0.23044357609086646,-0.4917032001413334,,,,,,,,2022,0.44434911953571843,240,0.46416132680271605,0.06571568704213653,-0.3014836815796226,5,Штатное развитие,неизвестно
EXT-ZGD-0005,2022-08-29,,,,,,,,,,,2022,,241,,,,0,,неизвестно
EXT-ZGD-0005,2022-08-30,,,,,,,,,,,2022,,242,,,,0,,неизвестно
EXT-ZGD-0005,2022-08-31,,,,,,,,,,,2022,,243,,,,0,,неизвестно
EXT-ZGD-0005,2022-09-01,,,,,,,,,,,2022,,244,,,,0,,неизвестно
EXT-ZGD-0005,2022-09-02,0.4491397102200741,0.2139067636615499,-0.5116693540450061,,,,,,,,2022,0.4491397102200741,245,0.44320997822342434,0.058883510548930734,0.10070275942060718,5,Штатное развитие,неизвестно
EXT-ZGD-0005,2022-09-03,,,,,,,,,,,2022,,246,,,,0,,неизвестно
EXT-ZGD-0005,2022-09-04,,,,,,,,,,,2022,,247,,,,0,,неизвестно
EXT-ZGD-0005,2022-09-05,,,,,,,,,,,2022,,248,,,,0,,неизвестно
EXT-ZGD-0005,2022-09-06,,,,,,,,,,,2022,,249,,,,0,,неизвестно
EXT-ZGD-0005,2022-09-07,,,,,,,,,,,2022,,250,,,,0,,неизвестно
EXT-ZGD-0005,2022-09-08,,,,,,,,,,,2022,,251,,,,0,,неизвестно
EXT-ZGD-0005,2022-09-09,,,,,,,,,,,2022,,252,,,,0,,неизвестно
EXT-ZGD-0005,2022-09-10,,,,,,,,,,,2022,,253,,,,0,,неизвестно
EXT-ZGD-0005,2022-09-11,,,,,,,,,,,2022,,254,,,,0,,неизвестно
EXT-ZGD-0005,2022-09-12,,,,,,,,,,,2022,,255,,,,0,,неизвестно
EXT-ZGD-0005,2022-09-13,,,,,,,,,,,2022,,256,,,,0,,неизвестно
EXT-ZGD-0005,2022-09-14,,,,,,,,,,,2022,,257,,,,0,,неизвестно
EXT-ZGD-0005,2022-09-15,,,,,,,,,,,2022,,258,,,,0,,неизвестно
EXT-ZGD-0005,2022-09-16,,,,,,,,,,,2022,,259,,,,0,,неизвестно
EXT-ZGD-0005,2022-09-17,,,,,,,,,,,2022,,260,,,,0,,неизвестно
EXT-ZGD-0005,2022-09-18,,,,,,,,,,,2022,,261,,,,0,,неизвестно
EXT-ZGD-0005,2022-09-19,,,,,,,,,,,2022,,262,,,,0,,неизвестно
EXT-ZGD-0005,2022-09-20,,,,,,,,,,,2022,,263,,,,0,,неизвестно
EXT-ZGD-0005,2022-09-21,,,,,,,,,,,2022,,264,,,,0,,неизвестно
EXT-ZGD-0005,2022-09-22,,,,,,,,,,,2022,,265,,,,0,,неизвестно
EXT-ZGD-0005,2022-09-23,,,,,,,,,,,2022,,266,,,,0,,неизвестно
EXT-ZGD-0005,2022-09-24,,,,,,,,,,,2022,,267,,,,0,,неизвестно
EXT-ZGD-0005,2022-09-25,,,,,,,,,,,2022,,268,,,,0,,неизвестно
EXT-ZGD-0005,2022-09-26,,,,,,,,,,,2022,,269,,,,0,,неизвестно
EXT-ZGD-0005,2022-09-27,,,,,,,,,,,2022,,270,,,,0,,неизвестно
EXT-ZGD-0005,2022-09-28,,,,,,,,,,,2022,,271,,,,0,,неизвестно
EXT-ZGD-0005,2022-09-29,,,,,,,,,,,2022,,272,,,,0,,неизвестно
EXT-ZGD-0005,2022-09-30,,,,,,,,,,,2022,,273,,,,0,,неизвестно
EXT-ZGD-0005,2022-10-01,,,,,,,,,,,2022,,274,,,,0,,неизвестно
EXT-ZGD-0005,2022-10-02,0.37892103841812225,0.19333247787837676,-0.4198911035518304,,,,,,,,2022,0.37892103841812225,275,0.3571549724266912,0.052897697498837916,0.4114747336953412,5,Штатное развитие,неизвестно
EXT-ZGD-0005,2022-10-03,,,,,,,,,,,2022,,276,,,,0,,неизвестно
EXT-ZGD-0005,2022-10-04,,,,,,,,,,,2022,,277,,,,0,,неизвестно
EXT-ZGD-0005,2022-10-05,,,,,,,,,,,2022,,278,,,,0,,неизвестно
EXT-ZGD-0005,2022-10-06,,,,,,,,,,,2022,,279,,,,0,,неизвестно
EXT-ZGD-0005,2022-10-07,0.4530964228173596,0.20708421792139792,-0.504904615425113,,,,,,,,2022,0.4530964228173596,280,0.34929872098778736,0.050780629302440344,2.044041266431964,5,Штатное развитие,неизвестно
EXT-ZGD-0005,2022-10-08,,,,,,,,,,,2022,,281,,,,0,,неизвестно
EXT-ZGD-0005,2022-10-09,,,,,,,,,,,2022,,282,,,,0,,неизвестно
EXT-ZGD-0005,2022-10-10,,,,,,,,,,,2022,,283,,,,0,,неизвестно
EXT-ZGD-0005,2022-10-11,,,,,,,,,,,2022,,284,,,,0,,неизвестно
EXT-ZGD-0005,2022-10-12,,,,,,,,,,,2022,,285,,,,0,,неизвестно
EXT-ZGD-0005,2022-10-13,,,,,,,,,,,2022,,286,,,,0,,неизвестно
EXT-ZGD-0005,2022-10-14,,,,,,,,,,,2022,,287,,,,0,,неизвестно
EXT-ZGD-0005,2022-10-15,,,,,,,,,,,2022,,288,,,,0,,неизвестно
EXT-ZGD-0005,2022-10-16,,,,,,,,,,,2022,,289,,,,0,,неизвестно
EXT-ZGD-0005,2022-10-17,0.43359783181687317,0.2070385051791533,-0.48681818701857493,,,,,,,,2022,0.43359783181687317,290,0.33765708848766024,0.049968454646526966,1.9200262247029736,5,Штатное развитие,неизвестно
EXT-ZGD-0005,2022-10-18,,,,,,,,,,,2022,,291,,,,0,,неизвестно
EXT-ZGD-0005,2022-10-19,,,,,,,,,,,2022,,292,,,,0,,неизвестно
EXT-ZGD-0005,2022-10-20,,,,,,,,,,,2022,,293,,,,0,,неизвестно
EXT-ZGD-0005,2022-10-21,,,,,,,,,,,2022,,294,,,,0,,неизвестно
EXT-ZGD-0005,2022-10-22,0.3925761945244559,0.20024016147690843,-0.4658592057133588,,,,,,,,2022,0.3925761945244559,295,0.33121837199619353,0.050976041131129135,1.2036600168778797,5,Штатное развитие,неизвестно
EXT-ZGD-0005,2022-10-23,,,,,,,,,,,2022,,296,,,,0,,неизвестно
EXT-ZGD-0005,2022-10-24,,,,,,,,,,,2022,,297,,,,0,,неизвестно
EXT-ZGD-0005,2022-10-25,,,,,,,,,,,2022,,298,,,,0,,неизвестно
EXT-ZGD-0005,2022-10-26,,,,,,,,,,,2022,,299,,,,0,,неизвестно
EXT-ZGD-0005,2022-10-27,,,,,,,,,,,2022,,300,,,,0,,неизвестно
EXT-ZGD-0005,2022-10-28,,,,,,,,,,,2022,,301,,,,0,,неизвестно
EXT-ZGD-0005,2022-10-29,,,,,,,,,,,2022,,302,,,,0,,неизвестно
EXT-ZGD-0005,2022-10-30,,,,,,,,,,,2022,,303,,,,0,,неизвестно
EXT-ZGD-0005,2023-04-01,,,,,,,,,,,2023,,91,,,,0,,неизвестно
EXT-ZGD-0005,2023-04-02,,,,,,,,,,,2023,,92,,,,0,,неизвестно
EXT-ZGD-0005,2023-04-03,,,,,,,,,,,2023,,93,,,,0,,неизвестно
EXT-ZGD-0005,2023-04-04,,,,,,,,,,,2023,,94,,,,0,,неизвестно
EXT-ZGD-0005,2023-04-05,,,,,,,,,,,2023,,95,,,,0,,неизвестно
EXT-ZGD-0005,2023-04-06,,,,,,,,,,,2023,,96,,,,0,,неизвестно
EXT-ZGD-0005,2023-04-07,,,,,,,,,,,2023,,97,,,,0,,неизвестно
EXT-ZGD-0005,2023-04-08,,,,,,,,,,,2023,,98,,,,0,,неизвестно
EXT-ZGD-0005,2023-04-09,,,,,,,,,,,2023,,99,,,,0,,неизвестно
EXT-ZGD-0005,2023-04-10,,,,,,,,,,,2023,,100,,,,0,,неизвестно
EXT-ZGD-0005,2023-04-11,,,,,,,,,,,2023,,101,,,,0,,неизвестно
EXT-ZGD-0005,2023-04-12,,,,,,,,,,,2023,,102,,,,0,,неизвестно
EXT-ZGD-0005,2023-04-13,,,,,,,,,,,2023,,103,,,,0,,неизвестно
EXT-ZGD-0005,2023-04-14,,,,,,,,,,,2023,,104,,,,0,,неизвестно
EXT-ZGD-0005,2023-04-15,,,,,,,,,,,2023,,105,,,,0,,неизвестно
EXT-ZGD-0005,2023-04-16,,,,,,,,,,,2023,,106,,,,0,,неизвестно
EXT-ZGD-0005,2023-04-17,,,,,,,,,,,2023,,107,,,,0,,неизвестно
EXT-ZGD-0005,2023-04-18,,,,,,,,,,,2023,,108,,,,0,,неизвестно
EXT-ZGD-0005,2023-04-19,,,,,,,,,,,2023,,109,,,,0,,неизвестно
EXT-ZGD-0005,2023-04-20,,,,,,,,,,,2023,,110,,,,0,,неизвестно
EXT-ZGD-0005,2023-04-21,,,,,,,,,,,2023,,111,,,,0,,неизвестно
EXT-ZGD-0005,2023-04-22,,,,,,,,,,,2023,,112,,,,0,,неизвестно
EXT-ZGD-0005,2023-04-23,,,,,,,,,,,2023,,113,,,,0,,неизвестно
EXT-ZGD-0005,2023-04-24,,,,,,,,,,,2023,,114,,,,0,,неизвестно
EXT-ZGD-0005,2023-04-25,,,,,,,,,,,2023,,115,,,,0,,неизвестно
EXT-ZGD-0005,2023-04-26,,,,,,,,,,,2023,,116,,,,0,,неизвестно
EXT-ZGD-0005,2023-04-27,,,,,,,,,,,2023,,117,,,,0,,неизвестно
EXT-ZGD-0005,2023-04-28,,,,,,,,,,,2023,,118,,,,0,,неизвестно
EXT-ZGD-0005,2023-04-29,,,,,,,,,,,2023,,119,,,,0,,неизвестно
EXT-ZGD-0005,2023-04-30,,,,,,,,,,,2023,,120,,,,0,,неизвестно
EXT-ZGD-0005,2023-05-01,,,,,,,,,,,2023,,121,,,,0,,неизвестно
EXT-ZGD-0005,2023-05-02,,,,,,,,,,,2023,,122,,,,0,,неизвестно
EXT-ZGD-0005,2023-05-03,,,,,,,,,,,2023,,123,,,,0,,неизвестно
EXT-ZGD-0005,2023-05-04,,,,,,,,,,,2023,,124,,,,0,,неизвестно
EXT-ZGD-0005,2023-05-05,0.766513182475425,0.5546067384475472,-0.6493472499684876,,,,,,,,2023,0.766513182475425,125,0.6127001384170253,0.13592008612430545,1.1316432209859717,5,Штатное развитие,неизвестно
EXT-ZGD-0005,2023-05-06,,,,,,,,,,,2023,,126,,,,0,,неизвестно
EXT-ZGD-0005,2023-05-07,,,,,,,,,,,2023,,127,,,,0,,неизвестно
EXT-ZGD-0005,2023-05-08,,,,,,,,,,,2023,,128,,,,0,,неизвестно
EXT-ZGD-0005,2023-05-09,,,,,,,,,,,2023,,129,,,,0,,неизвестно
EXT-ZGD-0005,2023-05-10,,,,,,,,,,,2023,,130,,,,0,,неизвестно
EXT-ZGD-0005,2023-05-11,,,,,,,,,,,2023,,131,,,,0,,неизвестно
EXT-ZGD-0005,2023-05-12,,,,,,,,,,,2023,,132,,,,0,,неизвестно
EXT-ZGD-0005,2023-05-13,,,,,,,,,,,2023,,133,,,,0,,неизвестно
EXT-ZGD-0005,2023-05-14,,,,,,,,,,,2023,,134,,,,0,,неизвестно
EXT-ZGD-0005,2023-05-15,0.7802204075175987,0.5840429743523758,-0.6504414389438502,,,,,,,,2023,0.7802204075175987,135,0.6650728646743637,0.11584290696865937,0.9939973525905003,5,Штатное развитие,неизвестно
EXT-ZGD-0005,2023-05-16,,,,,,,,,,,2023,,136,,,,0,,неизвестно
EXT-ZGD-0005,2023-05-17,,,,,,,,,,,2023,,137,,,,0,,неизвестно
EXT-ZGD-0005,2023-05-18,,,,,,,,,,,2023,,138,,,,0,,неизвестно
EXT-ZGD-0005,2023-05-19,,,,,,,,,,,2023,,139,,,,0,,неизвестно
EXT-ZGD-0005,2023-05-20,0.7998046341560807,0.6210711550871882,-0.6787781656281164,,,,,,,,2023,0.7998046341560807,140,0.7065767622388787,0.08739438632557034,1.0667489736686315,5,Штатное развитие,неизвестно
EXT-ZGD-0005,2023-05-21,,,,,,,,,,,2023,,141,,,,0,,неизвестно
EXT-ZGD-0005,2023-05-22,,,,,,,,,,,2023,,142,,,,0,,неизвестно
EXT-ZGD-0005,2023-05-23,,,,,,,,,,,2023,,143,,,,0,,неизвестно
EXT-ZGD-0005,2023-05-24,,,,,,,,,,,2023,,144,,,,0,,неизвестно
EXT-ZGD-0005,2023-05-25,,,,,,,,,,,2023,,145,,,,0,,неизвестно
EXT-ZGD-0005,2023-05-26,,,,,,,,,,,2023,,146,,,,0,,неизвестно
EXT-ZGD-0005,2023-05-27,,,,,,,,,,,2023,,147,,,,0,,неизвестно
EXT-ZGD-0005,2023-05-28,,,,,,,,,,,2023,,148,,,,0,,неизвестно
EXT-ZGD-0005,2023-05-29,,,,,,,,,,,2023,,149,,,,0,,неизвестно
EXT-ZGD-0005,2023-05-30,,,,,,,,,,,2023,,150,,,,0,,неизвестно
EXT-ZGD-0005,2023-05-31,,,,,,,,,,,2023,,151,,,,0,,неизвестно
EXT-ZGD-0005,2023-06-01,,,,,,,,,,,2023,,152,,,,0,,неизвестно
EXT-ZGD-0005,2023-06-02,,,,,,,,,,,2023,,153,,,,0,,неизвестно
EXT-ZGD-0005,2023-06-03,,,,,,,,,,,2023,,154,,,,0,,неизвестно
EXT-ZGD-0005,2023-06-04,,,,,,,,,,,2023,,155,,,,0,,неизвестно
EXT-ZGD-0005,2023-06-05,,,,,,,,,,,2023,,156,,,,0,,неизвестно
EXT-ZGD-0005,2023-06-06,,,,,,,,,,,2023,,157,,,,0,,неизвестно
EXT-ZGD-0005,2023-06-07,,,,,,,,,,,2023,,158,,,,0,,неизвестно
EXT-ZGD-0005,2023-06-08,,,,,,,,,,,2023,,159,,,,0,,неизвестно
EXT-ZGD-0005,2023-06-09,0.811484567645628,0.650497910742792,-0.6865067782791325,,,,,,,,2023,0.811484567645628,160,0.7124367673432404,0.08968719079176113,1.1043695251015315,5,Штатное развитие,неизвестно
EXT-ZGD-0005,2023-06-10,,,,,,,,,,,2023,,161,,,,0,,неизвестно
EXT-ZGD-0005,2023-06-11,,,,,,,,,,,2023,,162,,,,0,,неизвестно
EXT-ZGD-0005,2023-06-12,,,,,,,,,,,2023,,163,,,,0,,неизвестно
EXT-ZGD-0005,2023-06-13,,,,,,,,,,,2023,,164,,,,0,,неизвестно
EXT-ZGD-0005,2023-06-14,,,,,,,,,,,2023,,165,,,,0,,неизвестно
EXT-ZGD-0005,2023-06-15,,,,,,,,,,,2023,,166,,,,0,,неизвестно
EXT-ZGD-0005,2023-06-16,,,,,,,,,,,2023,,167,,,,0,,неизвестно
EXT-ZGD-0005,2023-06-17,,,,,,,,,,,2023,,168,,,,0,,неизвестно
EXT-ZGD-0005,2023-06-18,,,,,,,,,,,2023,,169,,,,0,,неизвестно
EXT-ZGD-0005,2023-06-19,0.8608963209393612,0.6113675922540103,-0.738296063555367,,,,,,,,2023,0.8608963209393612,170,0.685373431031993,0.10067480176038965,1.74346397348882,5,Штатное развитие,неизвестно
EXT-ZGD-0005,2023-06-20,,,,,,,,,,,2023,,171,,,,0,,неизвестно
EXT-ZGD-0005,2023-06-21,,,,,,,,,,,2023,,172,,,,0,,неизвестно
EXT-ZGD-0005,2023-06-22,,,,,,,,,,,2023,,173,,,,0,,неизвестно
EXT-ZGD-0005,2023-06-23,,,,,,,,,,,2023,,174,,,,0,,неизвестно
EXT-ZGD-0005,2023-06-24,,,,,,,,,,,2023,,175,,,,0,,неизвестно
EXT-ZGD-0005,2023-06-25,,,,,,,,,,,2023,,176,,,,0,,неизвестно
EXT-ZGD-0005,2023-06-26,,,,,,,,,,,2023,,177,,,,0,,неизвестно
EXT-ZGD-0005,2023-06-27,,,,,,,,,,,2023,,178,,,,0,,неизвестно
EXT-ZGD-0005,2023-06-28,,,,,,,,,,,2023,,179,,,,0,,неизвестно
EXT-ZGD-0005,2023-06-29,,,,,,,,,,,2023,,180,,,,0,,неизвестно
EXT-ZGD-0005,2023-06-30,,,,,,,,,,,2023,,181,,,,0,,неизвестно
EXT-ZGD-0005,2023-07-01,,,,,,,,,,,2023,,182,,,,0,,неизвестно
EXT-ZGD-0005,2023-07-02,,,,,,,,,,,2023,,183,,,,0,,неизвестно
EXT-ZGD-0005,2023-07-03,,,,,,,,,,,2023,,184,,,,0,,неизвестно
EXT-ZGD-0005,2023-07-04,,,,,,,,,,,2023,,185,,,,0,,неизвестно
EXT-ZGD-0005,2023-07-05,,,,,,,,,,,2023,,186,,,,0,,неизвестно
EXT-ZGD-0005,2023-07-06,,,,,,,,,,,2023,,187,,,,0,,неизвестно
EXT-ZGD-0005,2023-07-07,,,,,,,,,,,2023,,188,,,,0,,неизвестно
EXT-ZGD-0005,2023-07-08,,,,,,,,,,,2023,,189,,,,0,,неизвестно
EXT-ZGD-0005,2023-07-09,0.694358827732552,0.4228713249549671,-0.6142789464154443,,,,,,,,2023,0.694358827732552,190,0.5829299398476082,0.08648913907453291,1.288357001552747,5,Штатное развитие,неизвестно
EXT-ZGD-0005,2023-07-10,,,,,,,,,,,2023,,191,,,,0,,неизвестно
EXT-ZGD-0005,2023-07-11,,,,,,,,,,,2023,,192,,,,0,,неизвестно
EXT-ZGD-0005,2023-07-12,,,,,,,,,,,2023,,193,,,,0,,неизвестно
EXT-ZGD-0005,2023-07-13,,,,,,,,,,,2023,,194,,,,0,,неизвестно
EXT-ZGD-0005,2023-07-14,0.6514274215824325,0.43262438945767157,-0.5636023358271872,,,,,,,,2023,0.6514274215824325,195,0.5565899699367928,0.06086685604307599,1.5581131967539519,5,Штатное развитие,неизвестно
EXT-ZGD-0005,2023-07-15,,,,,,,,,,,2023,,196,,,,0,,неизвестно
EXT-ZGD-0005,2023-07-16,,,,,,,,,,,2023,,197,,,,0,,неизвестно
EXT-ZGD-0005,2023-07-17,,,,,,,,,,,2023,,198,,,,0,,неизвестно
EXT-ZGD-0005,2023-07-18,,,,,,,,,,,2023,,199,,,,0,,неизвестно
EXT-ZGD-0005,2023-07-19,,,,,,,,,,,2023,,200,,,,0,,неизвестно
EXT-ZGD-0005,2023-07-20,,,,,,,,,,,2023,,201,,,,0,,неизвестно
EXT-ZGD-0005,2023-07-21,,,,,,,,,,,2023,,202,,,,0,,неизвестно
EXT-ZGD-0005,2023-07-22,,,,,,,,,,,2023,,203,,,,0,,неизвестно
EXT-ZGD-0005,2023-07-23,,,,,,,,,,,2023,,204,,,,0,,неизвестно
EXT-ZGD-0005,2023-07-24,,,,,,,,,,,2023,,205,,,,0,,неизвестно
EXT-ZGD-0005,2023-07-25,,,,,,,,,,,2023,,206,,,,0,,неизвестно
EXT-ZGD-0005,2023-07-26,,,,,,,,,,,2023,,207,,,,0,,неизвестно
EXT-ZGD-0005,2023-07-27,,,,,,,,,,,2023,,208,,,,0,,неизвестно
EXT-ZGD-0005,2023-07-28,,,,,,,,,,,2023,,209,,,,0,,неизвестно
EXT-ZGD-0005,2023-07-29,,,,,,,,,,,2023,,210,,,,0,,неизвестно
EXT-ZGD-0005,2023-07-30,,,,,,,,,,,2023,,211,,,,0,,неизвестно
EXT-ZGD-0005,2023-07-31,,,,,,,,,,,2023,,212,,,,0,,неизвестно
EXT-ZGD-0005,2023-08-01,,,,,,,,,,,2023,,213,,,,0,,неизвестно
EXT-ZGD-0005,2023-08-02,,,,,,,,,,,2023,,214,,,,0,,неизвестно
EXT-ZGD-0005,2023-08-03,0.5683821022478948,0.33005118001946376,-0.5380453809874627,,,,,,,,2023,0.5683821022478948,215,0.523053445975295,0.051201142893949364,0.8853055559030579,5,Штатное развитие,неизвестно
EXT-ZGD-0005,2023-08-04,,,,,,,,,,,2023,,216,,,,0,,неизвестно
EXT-ZGD-0005,2023-08-05,,,,,,,,,,,2023,,217,,,,0,,неизвестно
EXT-ZGD-0005,2023-08-06,,,,,,,,,,,2023,,218,,,,0,,неизвестно
EXT-ZGD-0005,2023-08-07,,,,,,,,,,,2023,,219,,,,0,,неизвестно
EXT-ZGD-0005,2023-08-08,0.5722753116430874,0.2860932287272856,-0.5791358422941104,,,,,,,,2023,0.5722753116430874,220,0.5148151622368515,0.048581939167866774,1.1827471358788695,5,Штатное развитие,неизвестно
EXT-ZGD-0005,2023-08-09,,,,,,,,,,,2023,,221,,,,0,,неизвестно
EXT-ZGD-0005,2023-08-10,,,,,,,,,,,2023,,222,,,,0,,неизвестно
EXT-ZGD-0005,2023-08-11,,,,,,,,,,,2023,,223,,,,0,,неизвестно
EXT-ZGD-0005,2023-08-12,,,,,,,,,,,2023,,224,,,,0,,неизвестно
EXT-ZGD-0005,2023-08-13,0.5849650343353419,0.29392421159211396,-0.5830043158195067,,,,,,,,2023,0.5849650343353419,225,0.49688962112434204,0.05438961599484465,1.6193424351322518,5,Штатное развитие,неизвестно
EXT-ZGD-0005,2023-08-14,,,,,,,,,,,2023,,226,,,,0,,неизвестно
EXT-ZGD-0005,2023-08-15,,,,,,,,,,,2023,,227,,,,0,,неизвестно
EXT-ZGD-0005,2023-08-16,,,,,,,,,,,2023,,228,,,,0,,неизвестно
EXT-ZGD-0005,2023-08-17,,,,,,,,,,,2023,,229,,,,0,,неизвестно
EXT-ZGD-0005,2023-08-18,0.5449870105109487,0.2714110886073454,-0.5620147979210638,,,,,,,,2023,0.5449870105109487,230,0.48335542112048235,0.05319033637393,1.1586989966973322,5,Штатное развитие,неизвестно
EXT-ZGD-0005,2023-08-19,,,,,,,,,,,2023,,231,,,,0,,неизвестно
EXT-ZGD-0005,2023-08-20,,,,,,,,,,,2023,,232,,,,0,,неизвестно
EXT-ZGD-0005,2023-08-21,,,,,,,,,,,2023,,233,,,,0,,неизвестно
EXT-ZGD-0005,2023-08-22,,,,,,,,,,,2023,,234,,,,0,,неизвестно
EXT-ZGD-0005,2023-08-23,0.5194967758135006,0.3145025599303281,-0.5488095093872816,,,,,,,,2023,0.5194967758135006,235,0.47447527402370887,0.05956648288041793,0.7558193737940546,5,Штатное развитие,неизвестно
EXT-ZGD-0005,2023-08-24,,,,,,,,,,,2023,,236,,,,0,,неизвестно
EXT-ZGD-0005,2023-08-25,,,,,,,,,,,2023,,237,,,,0,,неизвестно
EXT-ZGD-0005,2023-08-26,,,,,,,,,,,2023,,238,,,,0,,неизвестно
EXT-ZGD-0005,2023-08-27,,,,,,,,,,,2023,,239,,,,0,,неизвестно
EXT-ZGD-0005,2023-08-28,0.49320223126162305,0.2304453804349192,-0.56638678558915,,,,,,,,2023,0.49320223126162305,240,0.4595374627437125,0.06356002315221164,0.5296531821156072,5,Штатное развитие,неизвестно
EXT-ZGD-0005,2023-08-29,,,,,,,,,,,2023,,241,,,,0,,неизвестно
EXT-ZGD-0005,2023-08-30,,,,,,,,,,,2023,,242,,,,0,,неизвестно
EXT-ZGD-0005,2023-08-31,,,,,,,,,,,2023,,243,,,,0,,неизвестно
EXT-ZGD-0005,2023-09-01,,,,,,,,,,,2023,,244,,,,0,,неизвестно
EXT-ZGD-0005,2023-09-02,0.44337884427701524,0.2314818865181142,-0.5165469168059227,,,,,,,,2023,0.44337884427701524,245,0.4370870847531656,0.05564283705130196,0.1130740245693928,5,Штатное развитие,неизвестно
EXT-ZGD-0005,2023-09-03,,,,,,,,,,,2023,,246,,,,0,,неизвестно
EXT-ZGD-0005,2023-09-04,,,,,,,,,,,2023,,247,,,,0,,неизвестно
EXT-ZGD-0005,2023-09-05,,,,,,,,,,,2023,,248,,,,0,,неизвестно
EXT-ZGD-0005,2023-09-06,,,,,,,,,,,2023,,249,,,,0,,неизвестно
EXT-ZGD-0005,2023-09-07,0.42757813528504407,0.24012596713340773,-0.47658703233012495,,,,,,,,2023,0.42757813528504407,250,0.41146921146521054,0.05176178464727475,0.3112126818966174,5,Штатное развитие,неизвестно
EXT-ZGD-0005,2023-09-08,,,,,,,,,,,2023,,251,,,,0,,неизвестно
EXT-ZGD-0005,2023-09-09,,,,,,,,,,,2023,,252,,,,0,,неизвестно
EXT-ZGD-0005,2023-09-10,,,,,,,,,,,2023,,253,,,,0,,неизвестно
EXT-ZGD-0005,2023-09-11,,,,,,,,,,,2023,,254,,,,0,,неизвестно
EXT-ZGD-0005,2023-09-12,0.4462498766058741,0.2177997147880266,-0.5253516618582429,,,,,,,,2023,0.4462498766058741,255,0.3998310234685672,0.04644319007292715,0.9994759848412219,5,Штатное развитие,неизвестно
EXT-ZGD-0005,2023-09-13,,,,,,,,,,,2023,,256,,,,0,,неизвестно
EXT-ZGD-0005,2023-09-14,,,,,,,,,,,2023,,257,,,,0,,неизвестно
EXT-ZGD-0005,2023-09-15,,,,,,,,,,,2023,,258,,,,0,,неизвестно
EXT-ZGD-0005,2023-09-16,,,,,,,,,,,2023,,259,,,,0,,неизвестно
EXT-ZGD-0005,2023-09-17,0.4384901994512832,0.19434172002315414,-0.5048766830546226,,,,,,,,2023,0.4384901994512832,260,0.3867792115806749,0.050564922158160094,1.0226652324088124,5,Штатное развитие,неизвестно
EXT-ZGD-0005,2023-09-18,,,,,,,,,,,2023,,261,,,,0,,неизвестно
EXT-ZGD-0005,2023-09-19,,,,,,,,,,,2023,,262,,,,0,,неизвестно
EXT-ZGD-0005,2023-09-20,,,,,,,,,,,2023,,263,,,,0,,неизвестно
EXT-ZGD-0005,2023-09-21,,,,,,,,,,,2023,,264,,,,0,,неизвестно
EXT-ZGD-0005,2023-09-22,0.4150426287776976,0.1938274737990645,-0.49223849291338373,,,,,,,,2023,0.4150426287776976,265,0.3709036626479577,0.04815511651494036,0.9165997161702549,5,Штатное развитие,неизвестно
EXT-ZGD-0005,2023-09-23,,,,,,,,,,,2023,,266,,,,0,,неизвестно
EXT-ZGD-0005,2023-09-24,,,,,,,,,,,2023,,267,,,,0,,неизвестно
EXT-ZGD-0005,2023-09-25,,,,,,,,,,,2023,,268,,,,0,,неизвестно
EXT-ZGD-0005,2023-09-26,,,,,,,,,,,2023,,269,,,,0,,неизвестно
EXT-ZGD-0005,2023-09-27,0.3945367436298463,0.18211596144052639,-0.4882645602860788,,,,,,,,2023,0.3945367436298463,270,0.35669954542024407,0.05600714139893001,0.6755781006585189,5,Штатное развитие,неизвестно
EXT-ZGD-0005,2023-09-28,,,,,,,,,,,2023,,271,,,,0,,неизвестно
EXT-ZGD-0005,2023-09-29,,,,,,,,,,,2023,,272,,,,0,,неизвестно
EXT-ZGD-0005,2023-09-30,,,,,,,,,,,2023,,273,,,,0,,неизвестно
EXT-ZGD-0005,2023-10-01,,,,,,,,,,,2023,,274,,,,0,,неизвестно
EXT-ZGD-0005,2023-10-02,0.3437499170893009,0.17964705309298656,-0.433590122042247,,,,,,,,2023,0.3437499170893009,275,0.3541221716470576,0.05414252622800134,-0.1915731547892273,5,Штатное развитие,неизвестно
EXT-ZGD-0005,2023-10-03,,,,,,,,,,,2023,,276,,,,0,,неизвестно
EXT-ZGD-0005,2023-10-04,,,,,,,,,,,2023,,277,,,,0,,неизвестно
EXT-ZGD-0005,2023-10-05,,,,,,,,,,,2023,,278,,,,0,,неизвестно
EXT-ZGD-0005,2023-10-06,,,,,,,,,,,2023,,279,,,,0,,неизвестно
EXT-ZGD-0005,2023-10-07,0.3935804484113749,0.17526159261785923,-0.5019438114867822,,,,,,,,2023,0.3935804484113749,280,0.3490055065136932,0.05359991977011444,0.8316232951254381,5,Штатное развитие,неизвестно
EXT-ZGD-0005,2023-10-08,,,,,,,,,,,2023,,281,,,,0,,неизвестно
EXT-ZGD-0005,2023-10-09,,,,,,,,,,,2023,,282,,,,0,,неизвестно
EXT-ZGD-0005,2023-10-10,,,,,,,,,,,2023,,283,,,,0,,неизвестно
EXT-ZGD-0005,2023-10-11,,,,,,,,,,,2023,,284,,,,0,,неизвестно
EXT-ZGD-0005,2023-10-12,0.37989221194161216,0.18403735145565325,-0.48583769487621953,,,,,,,,2023,0.37989221194161216,285,0.34563370751820355,0.05538255107126696,0.6185793857585999,5,Штатное развитие,неизвестно
EXT-ZGD-0005,2023-10-13,,,,,,,,,,,2023,,286,,,,0,,неизвестно
EXT-ZGD-0005,2023-10-14,,,,,,,,,,,2023,,287,,,,0,,неизвестно
EXT-ZGD-0005,2023-10-15,,,,,,,,,,,2023,,288,,,,0,,неизвестно
EXT-ZGD-0005,2023-10-16,,,,,,,,,,,2023,,289,,,,0,,неизвестно
EXT-ZGD-0005,2023-10-17,,,,,,,,,,,2023,,290,,,,0,,неизвестно
EXT-ZGD-0005,2023-10-18,,,,,,,,,,,2023,,291,,,,0,,неизвестно
EXT-ZGD-0005,2023-10-19,,,,,,,,,,,2023,,292,,,,0,,неизвестно
EXT-ZGD-0005,2023-10-20,,,,,,,,,,,2023,,293,,,,0,,неизвестно
EXT-ZGD-0005,2023-10-21,,,,,,,,,,,2023,,294,,,,0,,неизвестно
EXT-ZGD-0005,2023-10-22,,,,,,,,,,,2023,,295,,,,0,,неизвестно
EXT-ZGD-0005,2023-10-23,,,,,,,,,,,2023,,296,,,,0,,неизвестно
EXT-ZGD-0005,2023-10-24,,,,,,,,,,,2023,,297,,,,0,,неизвестно
EXT-ZGD-0005,2023-10-25,,,,,,,,,,,2023,,298,,,,0,,неизвестно
EXT-ZGD-0005,2023-10-26,,,,,,,,,,,2023,,299,,,,0,,неизвестно
EXT-ZGD-0005,2023-10-27,,,,,,,,,,,2023,,300,,,,0,,неизвестно
EXT-ZGD-0005,2023-10-28,,,,,,,,,,,2023,,301,,,,0,,неизвестно
EXT-ZGD-0005,2023-10-29,,,,,,,,,,,2023,,302,,,,0,,неизвестно
EXT-ZGD-0005,2023-10-30,,,,,,,,,,,2023,,303,,,,0,,неизвестно
EXT-ZGD-0005,2024-04-01,,,,,,,,,,,2024,,92,,,,0,,неизвестно
EXT-ZGD-0005,2024-04-02,,,,,,,,,,,2024,,93,,,,0,,неизвестно
EXT-ZGD-0005,2024-04-03,,,,,,,,,,,2024,,94,,,,0,,неизвестно
EXT-ZGD-0005,2024-04-04,0.2890643676706214,0.15671302211529436,-0.39938295305262494,,,,,,,,2024,0.2890643676706214,95,0.3858888890857265,0.0924628776961998,-1.0471718361744713,4,Угнетение биомассы,неизвестно
EXT-ZGD-0005,2024-04-05,,,,,,,,,,,2024,,96,,,,0,,неизвестно
EXT-ZGD-0005,2024-04-06,,,,,,,,,,,2024,,97,,,,0,,неизвестно
EXT-ZGD-0005,2024-04-07,,,,,,,,,,,2024,,98,,,,0,,неизвестно
EXT-ZGD-0005,2024-04-08,,,,,,,,,,,2024,,99,,,,0,,неизвестно
EXT-ZGD-0005,2024-04-09,0.32420261766937997,0.1938653081101073,-0.4067240825884617,,,,,,,,2024,0.32420261766937997,100,0.3882642556079828,0.087433352633867,-0.7326910842234907,4,Штатное развитие,неизвестно
EXT-ZGD-0005,2024-04-10,,,,,,,,,,,2024,,101,,,,0,,неизвестно
EXT-ZGD-0005,2024-04-11,,,,,,,,,,,2024,,102,,,,0,,неизвестно
EXT-ZGD-0005,2024-04-12,,,,,,,,,,,2024,,103,,,,0,,неизвестно
EXT-ZGD-0005,2024-04-13,,,,,,,,,,,2024,,104,,,,0,,неизвестно
EXT-ZGD-0005,2024-04-14,,,,,,,,,,,2024,,105,,,,0,,неизвестно
EXT-ZGD-0005,2024-04-15,,,,,,,,,,,2024,,106,,,,0,,неизвестно
EXT-ZGD-0005,2024-04-16,,,,,,,,,,,2024,,107,,,,0,,неизвестно
EXT-ZGD-0005,2024-04-17,,,,,,,,,,,2024,,108,,,,0,,неизвестно
EXT-ZGD-0005,2024-04-18,,,,,,,,,,,2024,,109,,,,0,,неизвестно
EXT-ZGD-0005,2024-04-19,,,,,,,,,,,2024,,110,,,,0,,неизвестно
EXT-ZGD-0005,2024-04-20,,,,,,,,,,,2024,,111,,,,0,,неизвестно
EXT-ZGD-0005,2024-04-21,,,,,,,,,,,2024,,112,,,,0,,неизвестно
EXT-ZGD-0005,2024-04-22,,,,,,,,,,,2024,,113,,,,0,,неизвестно
EXT-ZGD-0005,2024-04-23,,,,,,,,,,,2024,,114,,,,0,,неизвестно
EXT-ZGD-0005,2024-04-24,,,,,,,,,,,2024,,115,,,,0,,неизвестно
EXT-ZGD-0005,2024-04-25,,,,,,,,,,,2024,,116,,,,0,,неизвестно
EXT-ZGD-0005,2024-04-26,,,,,,,,,,,2024,,117,,,,0,,неизвестно
EXT-ZGD-0005,2024-04-27,,,,,,,,,,,2024,,118,,,,0,,неизвестно
EXT-ZGD-0005,2024-04-28,,,,,,,,,,,2024,,119,,,,0,,неизвестно
EXT-ZGD-0005,2024-04-29,,,,,,,,,,,2024,,120,,,,0,,неизвестно
EXT-ZGD-0005,2024-04-30,,,,,,,,,,,2024,,121,,,,0,,неизвестно
EXT-ZGD-0005,2024-05-01,,,,,,,,,,,2024,,122,,,,0,,неизвестно
EXT-ZGD-0005,2024-05-02,,,,,,,,,,,2024,,123,,,,0,,неизвестно
EXT-ZGD-0005,2024-05-03,,,,,,,,,,,2024,,124,,,,0,,неизвестно
EXT-ZGD-0005,2024-05-04,0.6482188659256922,0.4276783440772046,-0.6112630558822448,,,,,,,,2024,0.6482188659256922,125,0.6359450121174156,0.14863545861171495,0.08257688927606423,5,Штатное развитие,неизвестно
EXT-ZGD-0005,2024-05-05,,,,,,,,,,,2024,,126,,,,0,,неизвестно
EXT-ZGD-0005,2024-05-06,,,,,,,,,,,2024,,127,,,,0,,неизвестно
EXT-ZGD-0005,2024-05-07,,,,,,,,,,,2024,,128,,,,0,,неизвестно
EXT-ZGD-0005,2024-05-08,,,,,,,,,,,2024,,129,,,,0,,неизвестно
EXT-ZGD-0005,2024-05-09,0.5830601297029515,0.4247750077205339,-0.5555859826721716,,,,,,,,2024,0.5830601297029515,130,0.6689942908638823,0.12749394543558104,-0.674025428167103,5,Штатное развитие,неизвестно
EXT-ZGD-0005,2024-05-10,,,,,,,,,,,2024,,131,,,,0,,неизвестно
EXT-ZGD-0005,2024-05-11,,,,,,,,,,,2024,,132,,,,0,,неизвестно
EXT-ZGD-0005,2024-05-12,,,,,,,,,,,2024,,133,,,,0,,неизвестно
EXT-ZGD-0005,2024-05-13,,,,,,,,,,,2024,,134,,,,0,,неизвестно
EXT-ZGD-0005,2024-05-14,,,,,,,,,,,2024,,135,,,,0,,неизвестно
EXT-ZGD-0005,2024-05-15,,,,,,,,,,,2024,,136,,,,0,,неизвестно
EXT-ZGD-0005,2024-05-16,,,,,,,,,,,2024,,137,,,,0,,неизвестно
EXT-ZGD-0005,2024-05-17,,,,,,,,,,,2024,,138,,,,0,,неизвестно
EXT-ZGD-0005,2024-05-18,,,,,,,,,,,2024,,139,,,,0,,неизвестно
EXT-ZGD-0005,2024-05-19,,,,,,,,,,,2024,,140,,,,0,,неизвестно
EXT-ZGD-0005,2024-05-20,,,,,,,,,,,2024,,141,,,,0,,неизвестно
EXT-ZGD-0005,2024-05-21,,,,,,,,,,,2024,,142,,,,0,,неизвестно
EXT-ZGD-0005,2024-05-22,,,,,,,,,,,2024,,143,,,,0,,неизвестно
EXT-ZGD-0005,2024-05-23,,,,,,,,,,,2024,,144,,,,0,,неизвестно
EXT-ZGD-0005,2024-05-24,0.6503617545126537,0.43948661843786735,-0.6025022793433414,,,,,,,,2024,0.6503617545126537,145,0.7483762730908974,0.051702720522938124,-1.8957323248543407,5,Угнетение биомассы,неизвестно
EXT-ZGD-0005,2024-05-25,,,,,,,,,,,2024,,146,,,,0,,неизвестно
EXT-ZGD-0005,2024-05-26,,,,,,,,,,,2024,,147,,,,0,,неизвестно
EXT-ZGD-0005,2024-05-27,,,,,,,,,,,2024,,148,,,,0,,неизвестно
EXT-ZGD-0005,2024-05-28,,,,,,,,,,,2024,,149,,,,0,,неизвестно
EXT-ZGD-0005,2024-05-29,,,,,,,,,,,2024,,150,,,,0,,неизвестно
EXT-ZGD-0005,2024-05-30,,,,,,,,,,,2024,,151,,,,0,,неизвестно
EXT-ZGD-0005,2024-05-31,,,,,,,,,,,2024,,152,,,,0,,неизвестно
EXT-ZGD-0005,2024-06-01,,,,,,,,,,,2024,,153,,,,0,,неизвестно
EXT-ZGD-0005,2024-06-02,,,,,,,,,,,2024,,154,,,,0,,неизвестно
EXT-ZGD-0005,2024-06-03,0.665913920666173,0.4263507569397612,-0.6289181278596174,,,,,,,,2024,0.665913920666173,155,0.7509829704109102,0.07545679782641938,-1.12738748787657,5,Угнетение биомассы,неизвестно
EXT-ZGD-0005,2024-06-04,,,,,,,,,,,2024,,156,,,,0,,неизвестно
EXT-ZGD-0005,2024-06-05,,,,,,,,,,,2024,,157,,,,0,,неизвестно
EXT-ZGD-0005,2024-06-06,,,,,,,,,,,2024,,158,,,,0,,неизвестно
EXT-ZGD-0005,2024-06-07,,,,,,,,,,,2024,,159,,,,0,,неизвестно
EXT-ZGD-0005,2024-06-08,,,,,,,,,,,2024,,160,,,,0,,неизвестно
EXT-ZGD-0005,2024-06-09,,,,,,,,,,,2024,,161,,,,0,,неизвестно
EXT-ZGD-0005,2024-06-10,,,,,,,,,,,2024,,162,,,,0,,неизвестно
EXT-ZGD-0005,2024-06-11,,,,,,,,,,,2024,,163,,,,0,,неизвестно
EXT-ZGD-0005,2024-06-12,,,,,,,,,,,2024,,164,,,,0,,неизвестно
EXT-ZGD-0005,2024-06-13,0.6602229679697726,0.46480976018632264,-0.6049767564171957,,,,,,,,2024,0.6602229679697726,165,0.7227117783075694,0.09977224323475047,-0.6263145771992827,5,Штатное развитие,неизвестно
EXT-ZGD-0005,2024-06-14,,,,,,,,,,,2024,,166,,,,0,,неизвестно
EXT-ZGD-0005,2024-06-15,,,,,,,,,,,2024,,167,,,,0,,неизвестно
EXT-ZGD-0005,2024-06-16,,,,,,,,,,,2024,,168,,,,0,,неизвестно
EXT-ZGD-0005,2024-06-17,,,,,,,,,,,2024,,169,,,,0,,неизвестно
EXT-ZGD-0005,2024-06-18,,,,,,,,,,,2024,,170,,,,0,,неизвестно
EXT-ZGD-0005,2024-06-19,,,,,,,,,,,2024,,171,,,,0,,неизвестно
EXT-ZGD-0005,2024-06-20,,,,,,,,,,,2024,,172,,,,0,,неизвестно
EXT-ZGD-0005,2024-06-21,,,,,,,,,,,2024,,173,,,,0,,неизвестно
EXT-ZGD-0005,2024-06-22,,,,,,,,,,,2024,,174,,,,0,,неизвестно
EXT-ZGD-0005,2024-06-23,0.6337258560561874,0.40134113596139337,-0.5946795051257917,,,,,,,,2024,0.6337258560561874,175,0.7017139790958525,0.10023082872215851,-0.6783154834340376,5,Штатное развитие,неизвестно
EXT-ZGD-0005,2024-06-24,,,,,,,,,,,2024,,176,,,,0,,неизвестно
EXT-ZGD-0005,2024-06-25,,,,,,,,,,,2024,,177,,,,0,,неизвестно
EXT-ZGD-0005,2024-06-26,,,,,,,,,,,2024,,178,,,,0,,неизвестно
EXT-ZGD-0005,2024-06-27,,,,,,,,,,,2024,,179,,,,0,,неизвестно
EXT-ZGD-0005,2024-06-28,,,,,,,,,,,2024,,180,,,,0,,неизвестно
EXT-ZGD-0005,2024-06-29,,,,,,,,,,,2024,,181,,,,0,,неизвестно
EXT-ZGD-0005,2024-06-30,,,,,,,,,,,2024,,182,,,,0,,неизвестно
EXT-ZGD-0005,2024-07-01,,,,,,,,,,,2024,,183,,,,0,,неизвестно
EXT-ZGD-0005,2024-07-02,,,,,,,,,,,2024,,184,,,,0,,неизвестно
EXT-ZGD-0005,2024-07-03,0.5606166260415466,0.3574262477182469,-0.5654302025193374,,,,,,,,2024,0.5606166260415466,185,0.6473924610053078,0.09890022078593051,-0.8774078993371253,5,Штатное развитие,неизвестно
EXT-ZGD-0005,2024-07-04,,,,,,,,,,,2024,,186,,,,0,,неизвестно
EXT-ZGD-0005,2024-07-05,,,,,,,,,,,2024,,187,,,,0,,неизвестно
EXT-ZGD-0005,2024-07-06,,,,,,,,,,,2024,,188,,,,0,,неизвестно
EXT-ZGD-0005,2024-07-07,,,,,,,,,,,2024,,189,,,,0,,неизвестно
EXT-ZGD-0005,2024-07-08,0.4926895085504863,0.3905605898113649,-0.5097663438971909,,,,,,,,2024,0.4926895085504863,190,0.6195849206627286,0.0956599120712797,-1.3265265393270265,5,Угнетение биомассы,неизвестно
EXT-ZGD-0005,2024-07-09,,,,,,,,,,,2024,,191,,,,0,,неизвестно
EXT-ZGD-0005,2024-07-10,,,,,,,,,,,2024,,192,,,,0,,неизвестно
EXT-ZGD-0005,2024-07-11,,,,,,,,,,,2024,,193,,,,0,,неизвестно
EXT-ZGD-0005,2024-07-12,,,,,,,,,,,2024,,194,,,,0,,неизвестно
EXT-ZGD-0005,2024-07-13,0.49611278657281965,0.2998216433987692,-0.5429875207775223,,,,,,,,2024,0.49611278657281965,195,0.5770912929943518,0.06021943005081014,-1.3447238931555237,5,Угнетение биомассы,неизвестно
EXT-ZGD-0005,2024-07-14,,,,,,,,,,,2024,,196,,,,0,,неизвестно
EXT-ZGD-0005,2024-07-15,,,,,,,,,,,2024,,197,,,,0,,неизвестно
EXT-ZGD-0005,2024-07-16,,,,,,,,,,,2024,,198,,,,0,,неизвестно
EXT-ZGD-0005,2024-07-17,,,,,,,,,,,2024,,199,,,,0,,неизвестно
EXT-ZGD-0005,2024-07-18,0.4453413355370549,0.2802834310185874,-0.5117128518879911,,,,,,,,2024,0.4453413355370549,200,0.576205857544472,0.05469118887475307,-2.392789857011641,5,Критическая аномалия,неизвестно
EXT-ZGD-0005,2024-07-19,,,,,,,,,,,2024,,201,,,,0,,неизвестно
EXT-ZGD-0005,2024-07-20,,,,,,,,,,,2024,,202,,,,0,,неизвестно
EXT-ZGD-0005,2024-07-21,,,,,,,,,,,2024,,203,,,,0,,неизвестно
EXT-ZGD-0005,2024-07-22,,,,,,,,,,,2024,,204,,,,0,,неизвестно
EXT-ZGD-0005,2024-07-23,,,,,,,,,,,2024,,205,,,,0,,неизвестно
EXT-ZGD-0005,2024-07-24,,,,,,,,,,,2024,,206,,,,0,,неизвестно
EXT-ZGD-0005,2024-07-25,,,,,,,,,,,2024,,207,,,,0,,неизвестно
EXT-ZGD-0005,2024-07-26,,,,,,,,,,,2024,,208,,,,0,,неизвестно
EXT-ZGD-0005,2024-07-27,,,,,,,,,,,2024,,209,,,,0,,неизвестно
EXT-ZGD-0005,2024-07-28,0.48392171829130615,0.2881436817048117,-0.5185397744330423,,,,,,,,2024,0.48392171829130615,210,0.5604711983602129,0.056409799390006274,-1.3570245045485563,5,Угнетение биомассы,неизвестно
EXT-ZGD-0005,2024-07-29,,,,,,,,,,,2024,,211,,,,0,,неизвестно
EXT-ZGD-0005,2024-07-30,,,,,,,,,,,2024,,212,,,,0,,неизвестно
EXT-ZGD-0005,2024-07-31,,,,,,,,,,,2024,,213,,,,0,,неизвестно
EXT-ZGD-0005,2024-08-01,,,,,,,,,,,2024,,214,,,,0,,неизвестно
EXT-ZGD-0005,2024-08-02,,,,,,,,,,,2024,,215,,,,0,,неизвестно
EXT-ZGD-0005,2024-08-03,,,,,,,,,,,2024,,216,,,,0,,неизвестно
EXT-ZGD-0005,2024-08-04,,,,,,,,,,,2024,,217,,,,0,,неизвестно
EXT-ZGD-0005,2024-08-05,,,,,,,,,,,2024,,218,,,,0,,неизвестно
EXT-ZGD-0005,2024-08-06,,,,,,,,,,,2024,,219,,,,0,,неизвестно
EXT-ZGD-0005,2024-08-07,,,,,,,,,,,2024,,220,,,,0,,неизвестно
EXT-ZGD-0005,2024-08-08,,,,,,,,,,,2024,,221,,,,0,,неизвестно
EXT-ZGD-0005,2024-08-09,,,,,,,,,,,2024,,222,,,,0,,неизвестно
EXT-ZGD-0005,2024-08-10,,,,,,,,,,,2024,,223,,,,0,,неизвестно
EXT-ZGD-0005,2024-08-11,,,,,,,,,,,2024,,224,,,,0,,неизвестно
EXT-ZGD-0005,2024-08-12,0.4725937835775806,0.26847109058736596,-0.5312820602444851,,,,,,,,2024,0.4725937835775806,225,0.5140149058433814,0.051189340348447764,-0.809174761460993,5,Штатное развитие,неизвестно
EXT-ZGD-0005,2024-08-13,,,,,,,,,,,2024,,226,,,,0,,неизвестно
EXT-ZGD-0005,2024-08-14,,,,,,,,,,,2024,,227,,,,0,,неизвестно
EXT-ZGD-0005,2024-08-15,,,,,,,,,,,2024,,228,,,,0,,неизвестно
EXT-ZGD-0005,2024-08-16,,,,,,,,,,,2024,,229,,,,0,,неизвестно
EXT-ZGD-0005,2024-08-17,0.4511416238200452,0.2539150199047656,-0.5195570759736823,,,,,,,,2024,0.4511416238200452,230,0.5013146940592831,0.05434993362436216,-0.9231486939065551,5,Штатное развитие,неизвестно
EXT-ZGD-0005,2024-08-18,,,,,,,,,,,2024,,231,,,,0,,неизвестно
EXT-ZGD-0005,2024-08-19,,,,,,,,,,,2024,,232,,,,0,,неизвестно
EXT-ZGD-0005,2024-08-20,,,,,,,,,,,2024,,233,,,,0,,неизвестно
EXT-ZGD-0005,2024-08-21,,,,,,,,,,,2024,,234,,,,0,,неизвестно
EXT-ZGD-0005,2024-08-22,0.41596992553050005,0.23238062754091846,-0.49414819321295883,,,,,,,,2024,0.41596992553050005,235,0.4918223556110421,0.06121353220381453,-1.2391447993555793,5,Угнетение биомассы,неизвестно
EXT-ZGD-0005,2024-08-23,,,,,,,,,,,2024,,236,,,,0,,неизвестно
EXT-ZGD-0005,2024-08-24,,,,,,,,,,,2024,,237,,,,0,,неизвестно
EXT-ZGD-0005,2024-08-25,,,,,,,,,,,2024,,238,,,,0,,неизвестно
EXT-ZGD-0005,2024-08-26,,,,,,,,,,,2024,,239,,,,0,,неизвестно
EXT-ZGD-0005,2024-08-27,,,,,,,,,,,2024,,240,,,,0,,неизвестно
EXT-ZGD-0005,2024-08-28,,,,,,,,,,,2024,,241,,,,0,,неизвестно
EXT-ZGD-0005,2024-08-29,,,,,,,,,,,2024,,242,,,,0,,неизвестно
EXT-ZGD-0005,2024-08-30,,,,,,,,,,,2024,,243,,,,0,,неизвестно
EXT-ZGD-0005,2024-08-31,,,,,,,,,,,2024,,244,,,,0,,неизвестно
EXT-ZGD-0005,2024-09-01,0.3955224750501145,0.23040547332897793,-0.5048741997962296,,,,,,,,2024,0.3955224750501145,245,0.4556404039178574,0.06191124512258818,-0.9710340786832112,5,Штатное развитие,неизвестно
EXT-ZGD-0005,2024-09-02,,,,,,,,,,,2024,,246,,,,0,,неизвестно
EXT-ZGD-0005,2024-09-03,,,,,,,,,,,2024,,247,,,,0,,неизвестно
EXT-ZGD-0005,2024-09-04,,,,,,,,,,,2024,,248,,,,0,,неизвестно
EXT-ZGD-0005,2024-09-05,,,,,,,,,,,2024,,249,,,,0,,неизвестно
EXT-ZGD-0005,2024-09-06,0.4296268886999234,0.2538619061767844,-0.5048595078441664,,,,,,,,2024,0.4296268886999234,250,0.4285195336003007,0.059007288953531196,0.018766412069782232,5,Штатное развитие,неизвестно
EXT-ZGD-0005,2024-09-07,,,,,,,,,,,2024,,251,,,,0,,неизвестно
EXT-ZGD-0005,2024-09-08,,,,,,,,,,,2024,,252,,,,0,,неизвестно
EXT-ZGD-0005,2024-09-09,,,,,,,,,,,2024,,253,,,,0,,неизвестно
EXT-ZGD-0005,2024-09-10,,,,,,,,,,,2024,,254,,,,0,,неизвестно
EXT-ZGD-0005,2024-09-11,,,,,,,,,,,2024,,255,,,,0,,неизвестно
EXT-ZGD-0005,2024-09-12,,,,,,,,,,,2024,,256,,,,0,,неизвестно
EXT-ZGD-0005,2024-09-13,,,,,,,,,,,2024,,257,,,,0,,неизвестно
EXT-ZGD-0005,2024-09-14,,,,,,,,,,,2024,,258,,,,0,,неизвестно
EXT-ZGD-0005,2024-09-15,,,,,,,,,,,2024,,259,,,,0,,неизвестно
EXT-ZGD-0005,2024-09-16,0.38864526368917407,0.23461429082195834,-0.48145492159119907,,,,,,,,2024,0.38864526368917407,260,0.3986941515448266,0.054258649961650925,-0.18520342586398547,5,Штатное развитие,неизвестно
EXT-ZGD-0005,2024-09-17,,,,,,,,,,,2024,,261,,,,0,,неизвестно
EXT-ZGD-0005,2024-09-18,,,,,,,,,,,2024,,262,,,,0,,неизвестно
EXT-ZGD-0005,2024-09-19,,,,,,,,,,,2024,,263,,,,0,,неизвестно
EXT-ZGD-0005,2024-09-20,,,,,,,,,,,2024,,264,,,,0,,неизвестно
EXT-ZGD-0005,2024-09-21,0.3847769889979836,0.22068910553894355,-0.48826819240283403,,,,,,,,2024,0.3847769889979836,265,0.3821037614599851,0.05130213812711106,0.052107526812529566,5,Штатное развитие,неизвестно
EXT-ZGD-0005,2024-09-22,,,,,,,,,,,2024,,266,,,,0,,неизвестно
EXT-ZGD-0005,2024-09-23,,,,,,,,,,,2024,,267,,,,0,,неизвестно
EXT-ZGD-0005,2024-09-24,,,,,,,,,,,2024,,268,,,,0,,неизвестно
EXT-ZGD-0005,2024-09-25,,,,,,,,,,,2024,,269,,,,0,,неизвестно
EXT-ZGD-0005,2024-09-26,0.3739821592472379,0.21778372988729888,-0.4931410307816385,,,,,,,,2024,0.3739821592472379,270,0.3716102627205886,0.056114782429461704,0.04226865763278728,5,Штатное развитие,неизвестно
EXT-ZGD-0005,2024-09-27,,,,,,,,,,,2024,,271,,,,0,,неизвестно
EXT-ZGD-0005,2024-09-28,,,,,,,,,,,2024,,272,,,,0,,неизвестно
EXT-ZGD-0005,2024-09-29,,,,,,,,,,,2024,,273,,,,0,,неизвестно
EXT-ZGD-0005,2024-09-30,,,,,,,,,,,2024,,274,,,,0,,неизвестно
EXT-ZGD-0005,2024-10-01,0.3623509860420041,0.2070324946937273,-0.49214860250659914,,,,,,,,2024,0.3623509860420041,275,0.36855651991460703,0.05508263886326223,-0.1126586162294731,5,Штатное развитие,неизвестно
EXT-ZGD-0005,2024-10-02,,,,,,,,,,,2024,,276,,,,0,,неизвестно
EXT-ZGD-0005,2024-10-03,,,,,,,,,,,2024,,277,,,,0,,неизвестно
EXT-ZGD-0005,2024-10-04,,,,,,,,,,,2024,,278,,,,0,,неизвестно
EXT-ZGD-0005,2024-10-05,,,,,,,,,,,2024,,279,,,,0,,неизвестно
EXT-ZGD-0005,2024-10-06,0.3418125809408737,0.198295997400871,-0.47244796095914027,,,,,,,,2024,0.3418125809408737,280,0.3604696779534091,0.05524559187625861,-0.3377119581653569,5,Штатное развитие,неизвестно
EXT-ZGD-0005,2024-10-07,,,,,,,,,,,2024,,281,,,,0,,неизвестно
EXT-ZGD-0005,2024-10-08,,,,,,,,,,,2024,,282,,,,0,,неизвестно
EXT-ZGD-0005,2024-10-09,,,,,,,,,,,2024,,283,,,,0,,неизвестно
EXT-ZGD-0005,2024-10-10,,,,,,,,,,,2024,,284,,,,0,,неизвестно
EXT-ZGD-0005,2024-10-11,0.321275233417015,0.17826329965942467,-0.45701412599099367,,,,,,,,2024,0.321275233417015,285,0.3561730448148386,0.0559066596597545,-0.624215641038297,5,Штатное развитие,неизвестно
EXT-ZGD-0005,2024-10-12,,,,,,,,,,,2024,,286,,,,0,,неизвестно
EXT-ZGD-0005,2024-10-13,,,,,,,,,,,2024,,287,,,,0,,неизвестно
EXT-ZGD-0005,2024-10-14,,,,,,,,,,,2024,,288,,,,0,,неизвестно
EXT-ZGD-0005,2024-10-15,,,,,,,,,,,2024,,289,,,,0,,неизвестно
EXT-ZGD-0005,2024-10-16,0.2489714103488667,0.2139749041227903,-0.3135047194702951,,,,,,,,2024,0.2489714103488667,290,0.3537096968414382,0.056965827159995694,-1.838616091686001,5,Угнетение биомассы,неизвестно
EXT-ZGD-0005,2024-10-17,,,,,,,,,,,2024,,291,,,,0,,неизвестно
EXT-ZGD-0005,2024-10-18,,,,,,,,,,,2024,,292,,,,0,,неизвестно
EXT-ZGD-0005,2024-10-19,,,,,,,,,,,2024,,293,,,,0,,неизвестно
EXT-ZGD-0005,2024-10-20,,,,,,,,,,,2024,,294,,,,0,,неизвестно
EXT-ZGD-0005,2024-10-21,,,,,,,,,,,2024,,295,,,,0,,неизвестно
EXT-ZGD-0005,2024-10-22,,,,,,,,,,,2024,,296,,,,0,,неизвестно
EXT-ZGD-0005,2024-10-23,,,,,,,,,,,2024,,297,,,,0,,неизвестно
EXT-ZGD-0005,2024-10-24,,,,,,,,,,,2024,,298,,,,0,,неизвестно
EXT-ZGD-0005,2024-10-25,,,,,,,,,,,2024,,299,,,,0,,неизвестно
EXT-ZGD-0005,2024-10-26,0.33195591077301867,0.17477608944194284,-0.43547625757336283,,,,,,,,2024,0.33195591077301867,300,0.3487172202644389,0.06436262704173976,-0.2604199092207715,5,Штатное развитие,неизвестно
EXT-ZGD-0005,2024-10-27,,,,,,,,,,,2024,,301,,,,0,,неизвестно
EXT-ZGD-0005,2024-10-28,,,,,,,,,,,2024,,302,,,,0,,неизвестно
EXT-ZGD-0005,2024-10-29,,,,,,,,,,,2024,,303,,,,0,,неизвестно
EXT-ZGD-0005,2024-10-30,,,,,,,,,,,2024,,304,,,,0,,неизвестно
